Available GPUs:
Tesla T41: gpu
┌───────────────────────────────────────────────────────────────────────────────┐
│                                  PyRosetta-4                                  │
│               Created in JHU by Sergey Lyskov and PyRosetta Team              │
│               (C) Copyright Rosetta Commons Member Institutions               │
│                                                                               │
│ NOTE: USE OF PyRosetta FOR COMMERCIAL PURPOSES REQUIRES PURCHASE OF A LICENSE │
│          See LICENSE.PyRosetta.md or email license@uw.edu for details         │
└───────────────────────────────────────────────────────────────────────────────┘
PyRosetta-4 2026 [Rosetta PyRosetta4.Release.python310.ubuntu.cxx11thread.serialization 2026.29+releasequarterly.80a0635615099e1b918474a63acba7b1de6fd107 2026-07-14T16:24:11] retrieved from: http://www.pyrosetta.org
Running binder design for target patch2_gpu0
Design settings used: reduced_budget
Filtering designs based on default_filters
Starting trajectory: EGFRd3_p2g0_l55_s308615
Stage 1: Test Logits
1 models [2] recycles 1 hard 0 soft 0.02 temp 1 loss 9.81 helix 1.25 pae 0.73 i_pae 0.72 con 4.52 i_con 4.31 plddt 0.31 ptm 0.76 i_ptm 0.18 rg 2.93
2 models [1] recycles 1 hard 0 soft 0.04 temp 1 loss 11.81 helix 0.50 pae 0.68 i_pae 0.71 con 4.97 i_con 4.21 plddt 0.50 ptm 0.76 i_ptm 0.19 rg 7.85
3 models [0] recycles 1 hard 0 soft 0.05 temp 1 loss 10.01 helix 1.03 pae 0.71 i_pae 0.71 con 4.44 i_con 4.11 plddt 0.36 ptm 0.76 i_ptm 0.20 rg 4.38
4 models [0] recycles 1 hard 0 soft 0.07 temp 1 loss 9.39 helix 1.60 pae 0.78 i_pae 0.79 con 4.49 i_con 4.55 plddt 0.28 ptm 0.75 i_ptm 0.14 rg 1.07
5 models [1] recycles 1 hard 0 soft 0.09 temp 1 loss 9.71 helix 1.17 pae 0.68 i_pae 0.68 con 4.38 i_con 3.93 plddt 0.39 ptm 0.78 i_ptm 0.24 rg 4.36
6 models [4] recycles 1 hard 0 soft 0.11 temp 1 loss 9.02 helix 1.20 pae 0.69 i_pae 0.68 con 4.48 i_con 4.20 plddt 0.32 ptm 0.77 i_ptm 0.21 rg 0.80
7 models [0] recycles 1 hard 0 soft 0.13 temp 1 loss 9.11 helix 1.24 pae 0.68 i_pae 0.68 con 4.45 i_con 4.00 plddt 0.37 ptm 0.77 i_ptm 0.22 rg 1.97
8 models [4] recycles 1 hard 0 soft 0.14 temp 1 loss 8.37 helix 0.84 pae 0.63 i_pae 0.65 con 4.04 i_con 4.27 plddt 0.39 ptm 0.77 i_ptm 0.23 rg -0.31
9 models [3] recycles 1 hard 0 soft 0.16 temp 1 loss 7.90 helix 1.03 pae 0.60 i_pae 0.61 con 4.01 i_con 3.83 plddt 0.40 ptm 0.78 i_ptm 0.28 rg -0.12
10 models [1] recycles 1 hard 0 soft 0.18 temp 1 loss 8.12 helix 0.89 pae 0.58 i_pae 0.60 con 3.95 i_con 3.94 plddt 0.45 ptm 0.79 i_ptm 0.30 rg 0.38
11 models [3] recycles 1 hard 0 soft 0.20 temp 1 loss 7.79 helix 0.91 pae 0.58 i_pae 0.59 con 3.88 i_con 3.82 plddt 0.45 ptm 0.78 i_ptm 0.30 rg -0.06
12 models [0] recycles 1 hard 0 soft 0.22 temp 1 loss 7.62 helix 0.94 pae 0.56 i_pae 0.58 con 3.77 i_con 3.78 plddt 0.45 ptm 0.78 i_ptm 0.31 rg -0.07
13 models [4] recycles 1 hard 0 soft 0.23 temp 1 loss 7.34 helix 1.17 pae 0.55 i_pae 0.57 con 3.48 i_con 3.66 plddt 0.48 ptm 0.79 i_ptm 0.30 rg 0.62
14 models [2] recycles 1 hard 0 soft 0.25 temp 1 loss 7.15 helix 1.25 pae 0.51 i_pae 0.54 con 3.38 i_con 3.56 plddt 0.52 ptm 0.79 i_ptm 0.35 rg 0.83
15 models [2] recycles 1 hard 0 soft 0.27 temp 1 loss 7.25 helix 1.28 pae 0.52 i_pae 0.55 con 3.40 i_con 3.68 plddt 0.52 ptm 0.79 i_ptm 0.35 rg 0.69
16 models [1] recycles 1 hard 0 soft 0.29 temp 1 loss 6.73 helix 1.32 pae 0.42 i_pae 0.44 con 3.15 i_con 3.48 plddt 0.59 ptm 0.82 i_ptm 0.47 rg 0.73
17 models [4] recycles 1 hard 0 soft 0.31 temp 1 loss 5.87 helix 1.36 pae 0.32 i_pae 0.33 con 2.88 i_con 2.85 plddt 0.69 ptm 0.86 i_ptm 0.63 rg 1.10
18 models [1] recycles 1 hard 0 soft 0.32 temp 1 loss 5.27 helix 1.43 pae 0.25 i_pae 0.25 con 2.65 i_con 2.52 plddt 0.77 ptm 0.88 i_ptm 0.74 rg 1.22
19 models [1] recycles 1 hard 0 soft 0.34 temp 1 loss 4.68 helix 1.67 pae 0.21 i_pae 0.23 con 2.22 i_con 2.53 plddt 0.82 ptm 0.89 i_ptm 0.79 rg 0.99
20 models [1] recycles 1 hard 0 soft 0.36 temp 1 loss 4.38 helix 1.74 pae 0.20 i_pae 0.20 con 2.23 i_con 2.19 plddt 0.83 ptm 0.90 i_ptm 0.82 rg 1.16
21 models [1] recycles 1 hard 0 soft 0.38 temp 1 loss 5.01 helix 1.52 pae 0.23 i_pae 0.23 con 2.62 i_con 2.38 plddt 0.78 ptm 0.89 i_ptm 0.77 rg 1.06
22 models [3] recycles 1 hard 0 soft 0.40 temp 1 loss 4.46 helix 1.67 pae 0.20 i_pae 0.20 con 2.19 i_con 2.27 plddt 0.84 ptm 0.90 i_ptm 0.82 rg 1.25
23 models [1] recycles 1 hard 0 soft 0.41 temp 1 loss 4.14 helix 1.98 pae 0.18 i_pae 0.19 con 1.93 i_con 2.36 plddt 0.87 ptm 0.91 i_ptm 0.85 rg 1.10
24 models [0] recycles 1 hard 0 soft 0.43 temp 1 loss 4.22 helix 1.80 pae 0.18 i_pae 0.19 con 2.06 i_con 2.26 plddt 0.86 ptm 0.90 i_ptm 0.82 rg 1.09
25 models [2] recycles 1 hard 0 soft 0.45 temp 1 loss 3.93 helix 1.96 pae 0.18 i_pae 0.18 con 1.90 i_con 2.10 plddt 0.89 ptm 0.91 i_ptm 0.85 rg 1.38
26 models [0] recycles 1 hard 0 soft 0.47 temp 1 loss 3.83 helix 1.96 pae 0.17 i_pae 0.17 con 1.85 i_con 2.12 plddt 0.89 ptm 0.91 i_ptm 0.86 rg 1.15
27 models [3] recycles 1 hard 0 soft 0.49 temp 1 loss 3.74 helix 2.17 pae 0.17 i_pae 0.16 con 1.88 i_con 2.07 plddt 0.89 ptm 0.91 i_ptm 0.87 rg 1.13
28 models [3] recycles 1 hard 0 soft 0.50 temp 1 loss 3.82 helix 2.10 pae 0.17 i_pae 0.17 con 1.86 i_con 2.13 plddt 0.89 ptm 0.91 i_ptm 0.86 rg 1.20
29 models [0] recycles 1 hard 0 soft 0.52 temp 1 loss 3.87 helix 1.93 pae 0.16 i_pae 0.17 con 1.90 i_con 2.09 plddt 0.89 ptm 0.91 i_ptm 0.86 rg 1.20
30 models [0] recycles 1 hard 0 soft 0.54 temp 1 loss 3.84 helix 2.05 pae 0.17 i_pae 0.17 con 1.97 i_con 2.04 plddt 0.88 ptm 0.91 i_ptm 0.86 rg 1.14
31 models [4] recycles 1 hard 0 soft 0.56 temp 1 loss 3.71 helix 2.04 pae 0.17 i_pae 0.16 con 1.92 i_con 1.99 plddt 0.88 ptm 0.91 i_ptm 0.86 rg 1.03
32 models [3] recycles 1 hard 0 soft 0.58 temp 1 loss 3.63 helix 2.26 pae 0.16 i_pae 0.15 con 1.86 i_con 2.06 plddt 0.90 ptm 0.92 i_ptm 0.88 rg 0.99
33 models [3] recycles 1 hard 0 soft 0.59 temp 1 loss 3.92 helix 2.03 pae 0.17 i_pae 0.16 con 2.09 i_con 2.07 plddt 0.87 ptm 0.91 i_ptm 0.86 rg 0.90
34 models [4] recycles 1 hard 0 soft 0.61 temp 1 loss 3.68 helix 2.26 pae 0.16 i_pae 0.15 con 1.90 i_con 2.09 plddt 0.90 ptm 0.91 i_ptm 0.88 rg 0.94
35 models [4] recycles 1 hard 0 soft 0.63 temp 1 loss 3.74 helix 2.29 pae 0.16 i_pae 0.16 con 1.82 i_con 2.20 plddt 0.90 ptm 0.91 i_ptm 0.86 rg 1.06
36 models [1] recycles 1 hard 0 soft 0.65 temp 1 loss 3.75 helix 2.37 pae 0.16 i_pae 0.16 con 1.92 i_con 2.16 plddt 0.88 ptm 0.91 i_ptm 0.87 rg 0.93
37 models [1] recycles 1 hard 0 soft 0.67 temp 1 loss 3.41 helix 2.34 pae 0.14 i_pae 0.14 con 1.76 i_con 1.96 plddt 0.91 ptm 0.92 i_ptm 0.89 rg 1.03
38 models [0] recycles 1 hard 0 soft 0.68 temp 1 loss 3.52 helix 2.31 pae 0.15 i_pae 0.15 con 1.76 i_con 2.03 plddt 0.91 ptm 0.91 i_ptm 0.87 rg 1.11
39 models [1] recycles 1 hard 0 soft 0.70 temp 1 loss 3.42 helix 2.51 pae 0.14 i_pae 0.14 con 1.70 i_con 2.09 plddt 0.92 ptm 0.92 i_ptm 0.89 rg 1.01
40 models [3] recycles 1 hard 0 soft 0.72 temp 1 loss 3.62 helix 2.23 pae 0.15 i_pae 0.14 con 1.84 i_con 2.06 plddt 0.91 ptm 0.92 i_ptm 0.89 rg 1.01
41 models [0] recycles 1 hard 0 soft 0.74 temp 1 loss 3.54 helix 2.36 pae 0.15 i_pae 0.15 con 1.80 i_con 2.06 plddt 0.91 ptm 0.91 i_ptm 0.87 rg 1.00
42 models [2] recycles 1 hard 0 soft 0.76 temp 1 loss 4.44 helix 1.96 pae 0.19 i_pae 0.19 con 2.18 i_con 2.45 plddt 0.85 ptm 0.90 i_ptm 0.83 rg 0.90
43 models [2] recycles 1 hard 0 soft 0.77 temp 1 loss 3.52 helix 2.26 pae 0.15 i_pae 0.14 con 1.85 i_con 1.96 plddt 0.91 ptm 0.92 i_ptm 0.89 rg 0.99
44 models [4] recycles 1 hard 0 soft 0.79 temp 1 loss 3.76 helix 2.32 pae 0.15 i_pae 0.15 con 1.88 i_con 2.19 plddt 0.90 ptm 0.91 i_ptm 0.87 rg 0.98
45 models [3] recycles 1 hard 0 soft 0.81 temp 1 loss 3.73 helix 2.32 pae 0.15 i_pae 0.16 con 1.86 i_con 2.17 plddt 0.90 ptm 0.92 i_ptm 0.88 rg 0.98
46 models [0] recycles 1 hard 0 soft 0.83 temp 1 loss 3.82 helix 2.14 pae 0.15 i_pae 0.15 con 1.96 i_con 2.07 plddt 0.89 ptm 0.91 i_ptm 0.86 rg 1.12
47 models [1] recycles 1 hard 0 soft 0.85 temp 1 loss 5.97 helix 1.52 pae 0.38 i_pae 0.42 con 2.79 i_con 3.31 plddt 0.64 ptm 0.83 i_ptm 0.51 rg 0.23
48 models [2] recycles 1 hard 0 soft 0.86 temp 1 loss 3.62 helix 2.34 pae 0.15 i_pae 0.15 con 1.88 i_con 2.04 plddt 0.91 ptm 0.91 i_ptm 0.88 rg 1.05
49 models [4] recycles 1 hard 0 soft 0.88 temp 1 loss 3.42 helix 2.38 pae 0.14 i_pae 0.14 con 1.79 i_con 1.94 plddt 0.91 ptm 0.92 i_ptm 0.89 rg 1.03
50 models [0] recycles 1 hard 0 soft 0.90 temp 1 loss 4.79 helix 1.61 pae 0.21 i_pae 0.22 con 2.44 i_con 2.42 plddt 0.81 ptm 0.90 i_ptm 0.80 rg 0.93
Initial trajectory pLDDT good, continuing: 0.91
Stage 2: Softmax Optimisation
51 models [1] recycles 1 hard 0 soft 1 temp 0.92 loss 7.52 helix 1.21 pae 0.59 i_pae 0.61 con 3.77 i_con 3.91 plddt 0.42 ptm 0.78 i_ptm 0.30 rg -0.62
52 models [1] recycles 1 hard 0 soft 1 temp 0.85 loss 7.95 helix 1.28 pae 0.65 i_pae 0.66 con 3.86 i_con 4.26 plddt 0.38 ptm 0.77 i_ptm 0.25 rg -0.68
53 models [3] recycles 1 hard 0 soft 1 temp 0.78 loss 6.76 helix 1.19 pae 0.46 i_pae 0.46 con 3.65 i_con 3.00 plddt 0.53 ptm 0.82 i_ptm 0.53 rg 0.55
54 models [3] recycles 1 hard 0 soft 1 temp 0.71 loss 4.83 helix 1.79 pae 0.21 i_pae 0.21 con 2.39 i_con 2.52 plddt 0.82 ptm 0.89 i_ptm 0.78 rg 1.07
55 models [4] recycles 1 hard 0 soft 1 temp 0.64 loss 4.11 helix 2.14 pae 0.18 i_pae 0.18 con 2.03 i_con 2.32 plddt 0.87 ptm 0.90 i_ptm 0.84 rg 0.98
56 models [4] recycles 1 hard 0 soft 1 temp 0.58 loss 3.74 helix 2.27 pae 0.16 i_pae 0.16 con 1.84 i_con 2.17 plddt 0.90 ptm 0.91 i_ptm 0.86 rg 1.05
57 models [2] recycles 1 hard 0 soft 1 temp 0.52 loss 3.87 helix 2.31 pae 0.16 i_pae 0.17 con 1.88 i_con 2.27 plddt 0.89 ptm 0.90 i_ptm 0.85 rg 1.03
58 models [0] recycles 1 hard 0 soft 1 temp 0.47 loss 3.91 helix 2.12 pae 0.16 i_pae 0.17 con 1.88 i_con 2.25 plddt 0.88 ptm 0.90 i_ptm 0.85 rg 1.06
59 models [2] recycles 1 hard 0 soft 1 temp 0.42 loss 3.90 helix 2.25 pae 0.17 i_pae 0.17 con 1.86 i_con 2.28 plddt 0.89 ptm 0.90 i_ptm 0.85 rg 1.11
60 models [0] recycles 1 hard 0 soft 1 temp 0.37 loss 3.79 helix 2.18 pae 0.16 i_pae 0.16 con 1.94 i_con 2.09 plddt 0.89 ptm 0.91 i_ptm 0.87 rg 1.03
61 models [3] recycles 1 hard 0 soft 1 temp 0.32 loss 4.69 helix 1.88 pae 0.19 i_pae 0.20 con 2.33 i_con 2.50 plddt 0.84 ptm 0.90 i_ptm 0.82 rg 0.98
62 models [0] recycles 1 hard 0 soft 1 temp 0.28 loss 3.54 helix 2.36 pae 0.15 i_pae 0.16 con 1.75 i_con 2.11 plddt 0.90 ptm 0.91 i_ptm 0.87 rg 0.99
63 models [0] recycles 1 hard 0 soft 1 temp 0.24 loss 5.22 helix 1.64 pae 0.25 i_pae 0.25 con 2.61 i_con 2.76 plddt 0.76 ptm 0.88 i_ptm 0.73 rg 0.65
64 models [2] recycles 1 hard 0 soft 1 temp 0.20 loss 4.79 helix 1.80 pae 0.21 i_pae 0.22 con 2.40 i_con 2.50 plddt 0.82 ptm 0.89 i_ptm 0.78 rg 1.01
65 models [4] recycles 1 hard 0 soft 1 temp 0.17 loss 4.74 helix 1.88 pae 0.22 i_pae 0.23 con 2.23 i_con 2.70 plddt 0.82 ptm 0.89 i_ptm 0.77 rg 0.80
66 models [2] recycles 1 hard 0 soft 1 temp 0.14 loss 3.58 helix 2.32 pae 0.15 i_pae 0.16 con 1.73 i_con 2.16 plddt 0.91 ptm 0.91 i_ptm 0.88 rg 0.99
67 models [1] recycles 1 hard 0 soft 1 temp 0.11 loss 3.76 helix 2.22 pae 0.15 i_pae 0.14 con 1.98 i_con 2.08 plddt 0.89 ptm 0.92 i_ptm 0.88 rg 0.94
68 models [4] recycles 1 hard 0 soft 1 temp 0.09 loss 5.47 helix 1.63 pae 0.26 i_pae 0.27 con 2.62 i_con 2.96 plddt 0.75 ptm 0.88 i_ptm 0.72 rg 0.70
69 models [4] recycles 1 hard 0 soft 1 temp 0.07 loss 4.51 helix 1.89 pae 0.21 i_pae 0.22 con 2.18 i_con 2.52 plddt 0.83 ptm 0.89 i_ptm 0.79 rg 0.85
70 models [4] recycles 1 hard 0 soft 1 temp 0.05 loss 3.94 helix 2.35 pae 0.16 i_pae 0.17 con 1.86 i_con 2.38 plddt 0.90 ptm 0.91 i_ptm 0.86 rg 1.03
71 models [1] recycles 1 hard 0 soft 1 temp 0.04 loss 3.98 helix 2.04 pae 0.16 i_pae 0.16 con 2.09 i_con 2.15 plddt 0.87 ptm 0.92 i_ptm 0.86 rg 0.83
72 models [4] recycles 1 hard 0 soft 1 temp 0.02 loss 6.03 helix 1.51 pae 0.36 i_pae 0.39 con 2.76 i_con 3.36 plddt 0.67 ptm 0.84 i_ptm 0.55 rg 0.42
73 models [2] recycles 1 hard 0 soft 1 temp 0.02 loss 6.64 helix 1.48 pae 0.51 i_pae 0.56 con 2.95 i_con 3.84 plddt 0.56 ptm 0.79 i_ptm 0.34 rg -0.15
74 models [3] recycles 1 hard 0 soft 1 temp 0.01 loss 5.51 helix 1.80 pae 0.34 i_pae 0.39 con 2.38 i_con 3.26 plddt 0.73 ptm 0.84 i_ptm 0.54 rg 0.61
75 models [4] recycles 1 hard 0 soft 1 temp 0.01 loss 4.07 helix 2.31 pae 0.17 i_pae 0.18 con 1.90 i_con 2.46 plddt 0.88 ptm 0.91 i_ptm 0.85 rg 1.00
Softmax trajectory pLDDT good, continuing: 0.9
Stage 3: One-hot Optimisation
76 models [4] recycles 1 hard 1 soft 1 temp 0.01 loss 3.54 helix 2.45 pae 0.14 i_pae 0.15 con 1.68 i_con 2.18 plddt 0.90 ptm 0.92 i_ptm 0.89 rg 1.05
77 models [0] recycles 1 hard 1 soft 1 temp 0.01 loss 3.60 helix 2.32 pae 0.15 i_pae 0.16 con 1.78 i_con 2.10 plddt 0.89 ptm 0.92 i_ptm 0.87 rg 1.11
78 models [2] recycles 1 hard 1 soft 1 temp 0.01 loss 4.51 helix 1.93 pae 0.18 i_pae 0.19 con 2.21 i_con 2.46 plddt 0.83 ptm 0.90 i_ptm 0.83 rg 1.02
One-hot trajectory pLDDT good, continuing: 0.9
Stage 4: PSSM Semigreedy Optimisation
Running semigreedy optimization...
79 models [0] recycles 1 hard 1 soft 0 temp 1 loss 3.66 helix 2.35 pae 0.15 i_pae 0.16 con 1.81 i_con 2.17 plddt 0.88 ptm 0.92 i_ptm 0.88 rg 1.01
80 models [3] recycles 1 hard 1 soft 0 temp 1 loss 3.51 helix 2.46 pae 0.14 i_pae 0.15 con 1.68 i_con 2.18 plddt 0.91 ptm 0.92 i_ptm 0.89 rg 0.99
81 models [1] recycles 1 hard 1 soft 0 temp 1 loss 6.49 helix 1.66 pae 0.48 i_pae 0.53 con 2.78 i_con 3.81 plddt 0.52 ptm 0.80 i_ptm 0.38 rg 0.24
82 models [1] recycles 1 hard 1 soft 0 temp 1 loss 6.72 helix 1.61 pae 0.51 i_pae 0.55 con 2.95 i_con 3.88 plddt 0.49 ptm 0.80 i_ptm 0.36 rg 0.10
83 models [1] recycles 1 hard 1 soft 0 temp 1 loss 6.99 helix 1.10 pae 0.47 i_pae 0.49 con 3.33 i_con 3.65 plddt 0.49 ptm 0.82 i_ptm 0.44 rg 0.08
Trajectory successful, final pLDDT: 0.91
Starting trajectory took: 0 hours, 31 minutes, 20 seconds

Fixing interface residues: B1,B2,B4,B5,B8,B9,B11,B12,B13,B15,B16,B19,B20,B21,B23,B24,B27,B28,B30,B31,B34,B35,B36,B37,B38,B41
Base AF2 filters not passed for EGFRd3_p2g0_l55_s308615_mpnn1, skipping interface scoring
Base AF2 filters not passed for EGFRd3_p2g0_l55_s308615_mpnn2, skipping interface scoring
Base AF2 filters not passed for EGFRd3_p2g0_l55_s308615_mpnn3, skipping interface scoring
Base AF2 filters not passed for EGFRd3_p2g0_l55_s308615_mpnn4, skipping interface scoring
Base AF2 filters not passed for EGFRd3_p2g0_l55_s308615_mpnn5, skipping interface scoring
Base AF2 filters not passed for EGFRd3_p2g0_l55_s308615_mpnn6, skipping interface scoring
Base AF2 filters not passed for EGFRd3_p2g0_l55_s308615_mpnn7, skipping interface scoring
Base AF2 filters not passed for EGFRd3_p2g0_l55_s308615_mpnn8, skipping interface scoring
No accepted MPNN designs found for this trajectory.

Design and validation of trajectory EGFRd3_p2g0_l55_s308615 took: 0 hours, 3 minutes, 13 seconds
Starting trajectory: EGFRd3_p2g0_l73_s286228
Stage 1: Test Logits
1 models [1] recycles 1 hard 0 soft 0.02 temp 1 loss 10.21 helix 1.64 pae 0.80 i_pae 0.80 con 4.60 i_con 4.42 plddt 0.27 ptm 0.72 i_ptm 0.14 rg 3.90
2 models [2] recycles 1 hard 0 soft 0.04 temp 1 loss 11.75 helix 1.50 pae 0.78 i_pae 0.76 con 4.72 i_con 3.88 plddt 0.29 ptm 0.73 i_ptm 0.18 rg 10.33
3 models [4] recycles 1 hard 0 soft 0.05 temp 1 loss 10.67 helix 0.60 pae 0.75 i_pae 0.76 con 4.65 i_con 3.99 plddt 0.40 ptm 0.72 i_ptm 0.15 rg 5.74
4 models [3] recycles 1 hard 0 soft 0.07 temp 1 loss 9.26 helix 1.12 pae 0.73 i_pae 0.72 con 4.49 i_con 4.40 plddt 0.33 ptm 0.73 i_ptm 0.18 rg 0.77
5 models [2] recycles 1 hard 0 soft 0.09 temp 1 loss 11.51 helix 1.11 pae 0.77 i_pae 0.77 con 4.93 i_con 3.83 plddt 0.40 ptm 0.72 i_ptm 0.16 rg 8.61
6 models [3] recycles 1 hard 0 soft 0.11 temp 1 loss 11.47 helix 1.49 pae 0.77 i_pae 0.77 con 4.83 i_con 3.94 plddt 0.36 ptm 0.72 i_ptm 0.16 rg 8.86
7 models [4] recycles 1 hard 0 soft 0.13 temp 1 loss 10.44 helix 1.45 pae 0.79 i_pae 0.77 con 4.67 i_con 3.90 plddt 0.28 ptm 0.72 i_ptm 0.16 rg 6.02
8 models [1] recycles 1 hard 0 soft 0.14 temp 1 loss 10.27 helix 1.08 pae 0.71 i_pae 0.73 con 4.73 i_con 4.05 plddt 0.42 ptm 0.73 i_ptm 0.19 rg 4.52
9 models [0] recycles 1 hard 0 soft 0.16 temp 1 loss 9.30 helix 1.42 pae 0.75 i_pae 0.74 con 4.47 i_con 4.14 plddt 0.29 ptm 0.72 i_ptm 0.17 rg 2.07
10 models [4] recycles 1 hard 0 soft 0.18 temp 1 loss 8.94 helix 1.56 pae 0.74 i_pae 0.73 con 4.41 i_con 4.21 plddt 0.26 ptm 0.73 i_ptm 0.19 rg 1.01
11 models [0] recycles 1 hard 0 soft 0.20 temp 1 loss 9.35 helix 1.49 pae 0.73 i_pae 0.74 con 4.27 i_con 4.35 plddt 0.32 ptm 0.72 i_ptm 0.18 rg 2.37
12 models [0] recycles 1 hard 0 soft 0.22 temp 1 loss 8.44 helix 1.12 pae 0.69 i_pae 0.73 con 3.94 i_con 4.53 plddt 0.35 ptm 0.72 i_ptm 0.18 rg -0.52
13 models [2] recycles 1 hard 0 soft 0.23 temp 1 loss 8.39 helix 1.16 pae 0.68 i_pae 0.69 con 4.02 i_con 4.11 plddt 0.35 ptm 0.73 i_ptm 0.21 rg 0.55
14 models [2] recycles 1 hard 0 soft 0.25 temp 1 loss 7.97 helix 1.16 pae 0.64 i_pae 0.66 con 3.90 i_con 4.04 plddt 0.40 ptm 0.74 i_ptm 0.24 rg -0.12
15 models [2] recycles 1 hard 0 soft 0.27 temp 1 loss 7.33 helix 1.11 pae 0.57 i_pae 0.60 con 3.54 i_con 3.81 plddt 0.46 ptm 0.75 i_ptm 0.29 rg -0.21
16 models [1] recycles 1 hard 0 soft 0.29 temp 1 loss 6.70 helix 1.20 pae 0.47 i_pae 0.46 con 3.47 i_con 3.21 plddt 0.53 ptm 0.81 i_ptm 0.47 rg 0.27
17 models [0] recycles 1 hard 0 soft 0.31 temp 1 loss 7.83 helix 1.27 pae 0.62 i_pae 0.65 con 3.70 i_con 4.21 plddt 0.43 ptm 0.74 i_ptm 0.25 rg -0.39
18 models [1] recycles 1 hard 0 soft 0.32 temp 1 loss 5.77 helix 1.36 pae 0.37 i_pae 0.35 con 2.94 i_con 2.83 plddt 0.64 ptm 0.85 i_ptm 0.68 rg 0.59
19 models [0] recycles 1 hard 0 soft 0.34 temp 1 loss 6.34 helix 1.26 pae 0.42 i_pae 0.42 con 3.13 i_con 3.19 plddt 0.58 ptm 0.82 i_ptm 0.52 rg 0.40
20 models [4] recycles 1 hard 0 soft 0.36 temp 1 loss 5.55 helix 1.23 pae 0.36 i_pae 0.34 con 2.81 i_con 2.78 plddt 0.64 ptm 0.85 i_ptm 0.70 rg 0.31
21 models [0] recycles 1 hard 0 soft 0.38 temp 1 loss 5.97 helix 1.35 pae 0.42 i_pae 0.40 con 3.02 i_con 2.96 plddt 0.59 ptm 0.83 i_ptm 0.62 rg 0.40
22 models [1] recycles 1 hard 0 soft 0.40 temp 1 loss 5.03 helix 1.39 pae 0.35 i_pae 0.32 con 2.72 i_con 2.36 plddt 0.66 ptm 0.86 i_ptm 0.79 rg 0.51
23 models [4] recycles 1 hard 0 soft 0.41 temp 1 loss 6.15 helix 1.16 pae 0.46 i_pae 0.45 con 3.45 i_con 2.73 plddt 0.52 ptm 0.81 i_ptm 0.64 rg 0.07
24 models [0] recycles 1 hard 0 soft 0.43 temp 1 loss 5.33 helix 1.34 pae 0.38 i_pae 0.36 con 2.86 i_con 2.50 plddt 0.63 ptm 0.85 i_ptm 0.72 rg 0.42
25 models [0] recycles 1 hard 0 soft 0.45 temp 1 loss 5.44 helix 1.38 pae 0.37 i_pae 0.35 con 2.79 i_con 2.71 plddt 0.63 ptm 0.85 i_ptm 0.69 rg 0.37
26 models [4] recycles 1 hard 0 soft 0.47 temp 1 loss 5.50 helix 1.21 pae 0.40 i_pae 0.38 con 3.15 i_con 2.43 plddt 0.58 ptm 0.84 i_ptm 0.73 rg 0.10
27 models [2] recycles 1 hard 0 soft 0.49 temp 1 loss 4.80 helix 1.29 pae 0.33 i_pae 0.31 con 2.61 i_con 2.36 plddt 0.67 ptm 0.86 i_ptm 0.79 rg 0.02
28 models [4] recycles 1 hard 0 soft 0.50 temp 1 loss 4.75 helix 1.35 pae 0.33 i_pae 0.30 con 2.71 i_con 2.24 plddt 0.66 ptm 0.86 i_ptm 0.79 rg -0.01
29 models [3] recycles 1 hard 0 soft 0.52 temp 1 loss 4.88 helix 1.44 pae 0.34 i_pae 0.32 con 2.57 i_con 2.54 plddt 0.67 ptm 0.86 i_ptm 0.72 rg -0.02
30 models [0] recycles 1 hard 0 soft 0.54 temp 1 loss 4.76 helix 1.44 pae 0.32 i_pae 0.30 con 2.59 i_con 2.40 plddt 0.68 ptm 0.87 i_ptm 0.82 rg 0.01
31 models [0] recycles 1 hard 0 soft 0.56 temp 1 loss 4.82 helix 1.45 pae 0.34 i_pae 0.31 con 2.56 i_con 2.49 plddt 0.68 ptm 0.86 i_ptm 0.78 rg -0.01
32 models [1] recycles 1 hard 0 soft 0.58 temp 1 loss 4.42 helix 1.54 pae 0.30 i_pae 0.28 con 2.44 i_con 2.24 plddt 0.72 ptm 0.88 i_ptm 0.85 rg 0.04
33 models [3] recycles 1 hard 0 soft 0.59 temp 1 loss 4.54 helix 1.51 pae 0.30 i_pae 0.28 con 2.45 i_con 2.35 plddt 0.71 ptm 0.87 i_ptm 0.79 rg 0.02
34 models [2] recycles 1 hard 0 soft 0.61 temp 1 loss 4.46 helix 1.53 pae 0.29 i_pae 0.27 con 2.42 i_con 2.32 plddt 0.72 ptm 0.88 i_ptm 0.82 rg -0.01
35 models [0] recycles 1 hard 0 soft 0.63 temp 1 loss 4.33 helix 1.63 pae 0.29 i_pae 0.26 con 2.31 i_con 2.34 plddt 0.73 ptm 0.88 i_ptm 0.81 rg -0.01
36 models [4] recycles 1 hard 0 soft 0.65 temp 1 loss 4.10 helix 1.57 pae 0.23 i_pae 0.22 con 2.13 i_con 2.31 plddt 0.79 ptm 0.89 i_ptm 0.82 rg -0.05
37 models [4] recycles 1 hard 0 soft 0.67 temp 1 loss 4.13 helix 1.68 pae 0.22 i_pae 0.21 con 2.15 i_con 2.39 plddt 0.79 ptm 0.90 i_ptm 0.81 rg -0.14
38 models [1] recycles 1 hard 0 soft 0.68 temp 1 loss 3.50 helix 1.91 pae 0.17 i_pae 0.16 con 1.77 i_con 2.21 plddt 0.87 ptm 0.91 i_ptm 0.86 rg -0.03
39 models [1] recycles 1 hard 0 soft 0.70 temp 1 loss 3.87 helix 1.84 pae 0.19 i_pae 0.18 con 1.96 i_con 2.34 plddt 0.84 ptm 0.91 i_ptm 0.84 rg 0.01
40 models [2] recycles 1 hard 0 soft 0.72 temp 1 loss 6.87 helix 1.28 pae 0.54 i_pae 0.58 con 3.14 i_con 3.93 plddt 0.53 ptm 0.75 i_ptm 0.31 rg -0.57
41 models [1] recycles 1 hard 0 soft 0.74 temp 1 loss 3.57 helix 1.91 pae 0.18 i_pae 0.16 con 1.78 i_con 2.25 plddt 0.86 ptm 0.91 i_ptm 0.85 rg 0.03
42 models [2] recycles 1 hard 0 soft 0.76 temp 1 loss 3.70 helix 2.00 pae 0.20 i_pae 0.19 con 1.87 i_con 2.30 plddt 0.85 ptm 0.89 i_ptm 0.80 rg -0.01
43 models [2] recycles 1 hard 0 soft 0.77 temp 1 loss 4.65 helix 1.30 pae 0.29 i_pae 0.29 con 2.27 i_con 2.42 plddt 0.75 ptm 0.86 i_ptm 0.68 rg 0.55
44 models [0] recycles 1 hard 0 soft 0.79 temp 1 loss 3.79 helix 1.93 pae 0.19 i_pae 0.18 con 1.90 i_con 2.34 plddt 0.84 ptm 0.90 i_ptm 0.82 rg 0.05
45 models [2] recycles 1 hard 0 soft 0.81 temp 1 loss 3.66 helix 2.19 pae 0.18 i_pae 0.18 con 1.76 i_con 2.43 plddt 0.88 ptm 0.89 i_ptm 0.82 rg 0.04
46 models [2] recycles 1 hard 0 soft 0.83 temp 1 loss 3.69 helix 1.97 pae 0.19 i_pae 0.18 con 1.85 i_con 2.30 plddt 0.86 ptm 0.90 i_ptm 0.83 rg 0.05
47 models [1] recycles 1 hard 0 soft 0.85 temp 1 loss 4.77 helix 1.27 pae 0.29 i_pae 0.27 con 2.42 i_con 2.45 plddt 0.71 ptm 0.87 i_ptm 0.72 rg 0.32
48 models [1] recycles 1 hard 0 soft 0.86 temp 1 loss 3.75 helix 1.82 pae 0.19 i_pae 0.18 con 1.91 i_con 2.26 plddt 0.84 ptm 0.90 i_ptm 0.82 rg -0.03
49 models [4] recycles 1 hard 0 soft 0.88 temp 1 loss 3.47 helix 2.11 pae 0.17 i_pae 0.16 con 1.70 i_con 2.28 plddt 0.89 ptm 0.90 i_ptm 0.84 rg 0.07
50 models [2] recycles 1 hard 0 soft 0.90 temp 1 loss 3.63 helix 2.09 pae 0.19 i_pae 0.18 con 1.80 i_con 2.34 plddt 0.86 ptm 0.89 i_ptm 0.82 rg 0.02
Initial trajectory pLDDT good, continuing: 0.89
Stage 2: Softmax Optimisation
51 models [1] recycles 1 hard 0 soft 1 temp 0.92 loss 7.77 helix 0.98 pae 0.63 i_pae 0.66 con 3.73 i_con 4.02 plddt 0.45 ptm 0.74 i_ptm 0.24 rg -0.33
52 models [2] recycles 1 hard 0 soft 1 temp 0.85 loss 5.96 helix 1.71 pae 0.51 i_pae 0.61 con 2.24 i_con 4.03 plddt 0.66 ptm 0.74 i_ptm 0.26 rg -0.44
53 models [4] recycles 1 hard 0 soft 1 temp 0.78 loss 3.66 helix 2.17 pae 0.18 i_pae 0.17 con 1.75 i_con 2.44 plddt 0.87 ptm 0.90 i_ptm 0.83 rg 0.03
54 models [0] recycles 1 hard 0 soft 1 temp 0.71 loss 3.62 helix 2.10 pae 0.19 i_pae 0.20 con 1.71 i_con 2.45 plddt 0.86 ptm 0.88 i_ptm 0.78 rg -0.11
55 models [4] recycles 1 hard 0 soft 1 temp 0.64 loss 4.71 helix 2.10 pae 0.37 i_pae 0.44 con 1.75 i_con 3.42 plddt 0.79 ptm 0.78 i_ptm 0.42 rg -0.22
56 models [2] recycles 1 hard 0 soft 1 temp 0.58 loss 3.28 helix 2.34 pae 0.16 i_pae 0.15 con 1.62 i_con 2.27 plddt 0.90 ptm 0.91 i_ptm 0.86 rg -0.01
57 models [4] recycles 1 hard 0 soft 1 temp 0.52 loss 3.23 helix 2.24 pae 0.17 i_pae 0.16 con 1.66 i_con 2.13 plddt 0.89 ptm 0.90 i_ptm 0.83 rg 0.03
58 models [1] recycles 1 hard 0 soft 1 temp 0.47 loss 3.16 helix 2.20 pae 0.15 i_pae 0.15 con 1.60 i_con 2.13 plddt 0.90 ptm 0.91 i_ptm 0.86 rg -0.01
59 models [4] recycles 1 hard 0 soft 1 temp 0.42 loss 3.49 helix 2.28 pae 0.20 i_pae 0.21 con 1.58 i_con 2.45 plddt 0.89 ptm 0.88 i_ptm 0.75 rg 0.03
60 models [4] recycles 1 hard 0 soft 1 temp 0.37 loss 4.53 helix 2.14 pae 0.35 i_pae 0.42 con 1.71 i_con 3.28 plddt 0.82 ptm 0.80 i_ptm 0.46 rg -0.17
61 models [4] recycles 1 hard 0 soft 1 temp 0.32 loss 3.12 helix 2.55 pae 0.17 i_pae 0.16 con 1.57 i_con 2.21 plddt 0.90 ptm 0.89 i_ptm 0.82 rg 0.01
62 models [3] recycles 1 hard 0 soft 1 temp 0.28 loss 2.98 helix 2.38 pae 0.16 i_pae 0.15 con 1.55 i_con 2.04 plddt 0.90 ptm 0.91 i_ptm 0.85 rg -0.00
63 models [0] recycles 1 hard 0 soft 1 temp 0.24 loss 2.94 helix 2.32 pae 0.16 i_pae 0.15 con 1.52 i_con 2.04 plddt 0.91 ptm 0.90 i_ptm 0.83 rg -0.03
64 models [0] recycles 1 hard 0 soft 1 temp 0.20 loss 5.17 helix 2.28 pae 0.45 i_pae 0.58 con 1.66 i_con 3.96 plddt 0.80 ptm 0.75 i_ptm 0.31 rg -0.19
65 models [2] recycles 1 hard 0 soft 1 temp 0.17 loss 6.55 helix 1.61 pae 0.52 i_pae 0.60 con 2.74 i_con 4.07 plddt 0.63 ptm 0.75 i_ptm 0.27 rg -0.39
66 models [1] recycles 1 hard 0 soft 1 temp 0.14 loss 2.93 helix 2.38 pae 0.15 i_pae 0.14 con 1.51 i_con 2.07 plddt 0.91 ptm 0.91 i_ptm 0.85 rg -0.07
67 models [3] recycles 1 hard 0 soft 1 temp 0.11 loss 4.13 helix 2.24 pae 0.29 i_pae 0.34 con 1.66 i_con 2.98 plddt 0.85 ptm 0.82 i_ptm 0.57 rg -0.10
68 models [2] recycles 1 hard 0 soft 1 temp 0.09 loss 6.71 helix 1.60 pae 0.54 i_pae 0.62 con 2.75 i_con 4.23 plddt 0.61 ptm 0.74 i_ptm 0.25 rg -0.49
69 models [3] recycles 1 hard 0 soft 1 temp 0.07 loss 5.29 helix 2.34 pae 0.50 i_pae 0.63 con 1.56 i_con 4.17 plddt 0.81 ptm 0.73 i_ptm 0.23 rg -0.23
70 models [1] recycles 1 hard 0 soft 1 temp 0.05 loss 3.61 helix 2.31 pae 0.19 i_pae 0.21 con 1.58 i_con 2.65 plddt 0.87 ptm 0.88 i_ptm 0.75 rg -0.14
71 models [3] recycles 1 hard 0 soft 1 temp 0.04 loss 3.03 helix 2.42 pae 0.16 i_pae 0.15 con 1.54 i_con 2.11 plddt 0.91 ptm 0.91 i_ptm 0.84 rg 0.02
72 models [3] recycles 1 hard 0 soft 1 temp 0.02 loss 2.99 helix 2.46 pae 0.15 i_pae 0.15 con 1.48 i_con 2.15 plddt 0.91 ptm 0.90 i_ptm 0.83 rg -0.01
73 models [2] recycles 1 hard 0 soft 1 temp 0.02 loss 8.21 helix 1.25 pae 0.65 i_pae 0.71 con 3.52 i_con 4.79 plddt 0.43 ptm 0.73 i_ptm 0.20 rg -0.54
74 models [0] recycles 1 hard 0 soft 1 temp 0.01 loss 3.35 helix 2.32 pae 0.19 i_pae 0.19 con 1.57 i_con 2.37 plddt 0.88 ptm 0.89 i_ptm 0.78 rg -0.05
75 models [4] recycles 1 hard 0 soft 1 temp 0.01 loss 5.05 helix 2.07 pae 0.39 i_pae 0.48 con 1.87 i_con 3.61 plddt 0.77 ptm 0.78 i_ptm 0.41 rg -0.23
Softmax trajectory pLDDT good, continuing: 0.91
Stage 3: One-hot Optimisation
76 models [0] recycles 1 hard 1 soft 1 temp 0.01 loss 2.94 helix 2.37 pae 0.15 i_pae 0.15 con 1.48 i_con 2.08 plddt 0.90 ptm 0.91 i_ptm 0.85 rg -0.01
77 models [1] recycles 1 hard 1 soft 1 temp 0.01 loss 2.84 helix 2.44 pae 0.14 i_pae 0.14 con 1.42 i_con 2.08 plddt 0.91 ptm 0.91 i_ptm 0.86 rg -0.03
78 models [0] recycles 1 hard 1 soft 1 temp 0.01 loss 2.94 helix 2.37 pae 0.15 i_pae 0.15 con 1.48 i_con 2.08 plddt 0.90 ptm 0.91 i_ptm 0.85 rg -0.01
One-hot trajectory pLDDT good, continuing: 0.91
Stage 4: PSSM Semigreedy Optimisation
Running semigreedy optimization...
79 models [2] recycles 1 hard 1 soft 0 temp 1 loss 6.68 helix 1.21 pae 0.49 i_pae 0.52 con 3.41 i_con 3.23 plddt 0.48 ptm 0.78 i_ptm 0.40 rg 0.21
80 models [3] recycles 1 hard 1 soft 0 temp 1 loss 5.85 helix 2.04 pae 0.54 i_pae 0.70 con 1.68 i_con 4.50 plddt 0.73 ptm 0.73 i_ptm 0.20 rg -0.25
81 models [2] recycles 1 hard 1 soft 0 temp 1 loss 6.11 helix 2.03 pae 0.51 i_pae 0.67 con 1.85 i_con 4.62 plddt 0.74 ptm 0.73 i_ptm 0.23 rg -0.31
82 models [4] recycles 1 hard 1 soft 0 temp 1 loss 6.14 helix 1.76 pae 0.50 i_pae 0.63 con 2.11 i_con 4.33 plddt 0.65 ptm 0.74 i_ptm 0.26 rg -0.35
83 models [0] recycles 1 hard 1 soft 0 temp 1 loss 7.78 helix 1.54 pae 0.63 i_pae 0.73 con 2.99 i_con 4.95 plddt 0.49 ptm 0.72 i_ptm 0.19 rg -0.37
Trajectory successful, final pLDDT: 0.91
Starting trajectory took: 0 hours, 35 minutes, 2 seconds

Fixing interface residues: B34,B35,B36,B37,B48,B49,B50,B52,B53,B56,B57,B59,B60,B63,B64,B67,B68,B71,B72
Base AF2 filters not passed for EGFRd3_p2g0_l73_s286228_mpnn1, skipping interface scoring
Base AF2 filters not passed for EGFRd3_p2g0_l73_s286228_mpnn2, skipping interface scoring
Base AF2 filters not passed for EGFRd3_p2g0_l73_s286228_mpnn3, skipping interface scoring
Base AF2 filters not passed for EGFRd3_p2g0_l73_s286228_mpnn4, skipping interface scoring
Base AF2 filters not passed for EGFRd3_p2g0_l73_s286228_mpnn5, skipping interface scoring
Base AF2 filters not passed for EGFRd3_p2g0_l73_s286228_mpnn6, skipping interface scoring
Base AF2 filters not passed for EGFRd3_p2g0_l73_s286228_mpnn7, skipping interface scoring
Base AF2 filters not passed for EGFRd3_p2g0_l73_s286228_mpnn8, skipping interface scoring
No accepted MPNN designs found for this trajectory.

Design and validation of trajectory EGFRd3_p2g0_l73_s286228 took: 0 hours, 5 minutes, 30 seconds
Starting trajectory: EGFRd3_p2g0_l71_s571442
Stage 1: Test Logits
1 models [2] recycles 1 hard 0 soft 0.02 temp 1 loss 12.57 helix 1.57 pae 0.81 i_pae 0.80 con 4.72 i_con 4.23 plddt 0.27 ptm 0.72 i_ptm 0.15 rg 11.87
2 models [2] recycles 1 hard 0 soft 0.04 temp 1 loss 10.51 helix 0.71 pae 0.74 i_pae 0.75 con 4.67 i_con 4.15 plddt 0.41 ptm 0.72 i_ptm 0.17 rg 4.76
3 models [1] recycles 1 hard 0 soft 0.05 temp 1 loss 9.88 helix 1.01 pae 0.71 i_pae 0.71 con 4.52 i_con 4.05 plddt 0.38 ptm 0.73 i_ptm 0.20 rg 3.88
4 models [1] recycles 1 hard 0 soft 0.07 temp 1 loss 9.60 helix 1.22 pae 0.68 i_pae 0.68 con 4.28 i_con 3.86 plddt 0.38 ptm 0.75 i_ptm 0.24 rg 4.62
5 models [4] recycles 1 hard 0 soft 0.09 temp 1 loss 9.22 helix 0.95 pae 0.69 i_pae 0.70 con 4.23 i_con 4.19 plddt 0.35 ptm 0.73 i_ptm 0.20 rg 2.09
6 models [3] recycles 1 hard 0 soft 0.11 temp 1 loss 9.05 helix 1.08 pae 0.69 i_pae 0.68 con 4.19 i_con 4.13 plddt 0.33 ptm 0.74 i_ptm 0.22 rg 2.03
7 models [1] recycles 1 hard 0 soft 0.13 temp 1 loss 9.22 helix 0.98 pae 0.67 i_pae 0.69 con 4.03 i_con 4.05 plddt 0.39 ptm 0.74 i_ptm 0.21 rg 3.32
8 models [1] recycles 1 hard 0 soft 0.14 temp 1 loss 8.92 helix 0.86 pae 0.66 i_pae 0.69 con 3.97 i_con 3.99 plddt 0.39 ptm 0.74 i_ptm 0.21 rg 2.62
9 models [4] recycles 1 hard 0 soft 0.16 temp 1 loss 8.76 helix 0.79 pae 0.70 i_pae 0.72 con 3.94 i_con 4.33 plddt 0.36 ptm 0.73 i_ptm 0.18 rg 0.91
10 models [3] recycles 1 hard 0 soft 0.18 temp 1 loss 8.59 helix 0.89 pae 0.66 i_pae 0.68 con 3.86 i_con 3.91 plddt 0.38 ptm 0.74 i_ptm 0.23 rg 2.17
11 models [3] recycles 1 hard 0 soft 0.20 temp 1 loss 8.64 helix 0.87 pae 0.62 i_pae 0.64 con 3.90 i_con 3.57 plddt 0.46 ptm 0.75 i_ptm 0.28 rg 3.40
12 models [3] recycles 1 hard 0 soft 0.22 temp 1 loss 8.58 helix 0.89 pae 0.65 i_pae 0.67 con 3.89 i_con 3.76 plddt 0.42 ptm 0.74 i_ptm 0.25 rg 2.58
13 models [0] recycles 1 hard 0 soft 0.23 temp 1 loss 8.45 helix 1.02 pae 0.64 i_pae 0.65 con 4.07 i_con 3.66 plddt 0.42 ptm 0.75 i_ptm 0.26 rg 2.05
14 models [3] recycles 1 hard 0 soft 0.25 temp 1 loss 7.95 helix 1.00 pae 0.63 i_pae 0.62 con 4.01 i_con 3.36 plddt 0.39 ptm 0.76 i_ptm 0.34 rg 1.56
15 models [4] recycles 1 hard 0 soft 0.27 temp 1 loss 7.18 helix 0.93 pae 0.56 i_pae 0.55 con 3.83 i_con 3.04 plddt 0.47 ptm 0.78 i_ptm 0.50 rg 0.79
16 models [3] recycles 1 hard 0 soft 0.29 temp 1 loss 7.23 helix 1.07 pae 0.60 i_pae 0.60 con 3.83 i_con 3.28 plddt 0.43 ptm 0.76 i_ptm 0.37 rg 0.19
17 models [4] recycles 1 hard 0 soft 0.31 temp 1 loss 7.62 helix 0.98 pae 0.65 i_pae 0.67 con 3.81 i_con 3.74 plddt 0.40 ptm 0.74 i_ptm 0.23 rg -0.19
18 models [3] recycles 1 hard 0 soft 0.32 temp 1 loss 7.19 helix 1.02 pae 0.57 i_pae 0.59 con 3.60 i_con 3.47 plddt 0.47 ptm 0.76 i_ptm 0.32 rg 0.14
19 models [2] recycles 1 hard 0 soft 0.34 temp 1 loss 7.10 helix 1.03 pae 0.57 i_pae 0.60 con 3.44 i_con 3.55 plddt 0.50 ptm 0.75 i_ptm 0.30 rg 0.16
20 models [4] recycles 1 hard 0 soft 0.36 temp 1 loss 6.14 helix 1.04 pae 0.42 i_pae 0.42 con 3.22 i_con 2.64 plddt 0.62 ptm 0.82 i_ptm 0.64 rg 1.09
21 models [3] recycles 1 hard 0 soft 0.38 temp 1 loss 5.81 helix 1.13 pae 0.36 i_pae 0.36 con 2.92 i_con 2.62 plddt 0.69 ptm 0.83 i_ptm 0.61 rg 1.26
22 models [0] recycles 1 hard 0 soft 0.40 temp 1 loss 5.41 helix 1.14 pae 0.31 i_pae 0.31 con 2.91 i_con 2.23 plddt 0.71 ptm 0.85 i_ptm 0.75 rg 1.37
23 models [2] recycles 1 hard 0 soft 0.41 temp 1 loss 5.73 helix 1.11 pae 0.37 i_pae 0.37 con 2.98 i_con 2.47 plddt 0.69 ptm 0.83 i_ptm 0.67 rg 1.28
24 models [1] recycles 1 hard 0 soft 0.43 temp 1 loss 5.37 helix 1.16 pae 0.32 i_pae 0.32 con 2.81 i_con 2.38 plddt 0.72 ptm 0.85 i_ptm 0.73 rg 1.10
25 models [1] recycles 1 hard 0 soft 0.45 temp 1 loss 4.45 helix 1.45 pae 0.21 i_pae 0.21 con 2.26 i_con 2.06 plddt 0.83 ptm 0.89 i_ptm 0.81 rg 1.47
26 models [1] recycles 1 hard 0 soft 0.47 temp 1 loss 4.87 helix 1.39 pae 0.27 i_pae 0.26 con 2.63 i_con 2.10 plddt 0.76 ptm 0.87 i_ptm 0.80 rg 1.29
27 models [0] recycles 1 hard 0 soft 0.49 temp 1 loss 6.66 helix 1.14 pae 0.48 i_pae 0.51 con 3.06 i_con 3.36 plddt 0.53 ptm 0.77 i_ptm 0.36 rg 0.88
28 models [2] recycles 1 hard 0 soft 0.50 temp 1 loss 5.66 helix 1.22 pae 0.33 i_pae 0.32 con 2.86 i_con 2.58 plddt 0.73 ptm 0.84 i_ptm 0.69 rg 1.30
29 models [1] recycles 1 hard 0 soft 0.52 temp 1 loss 4.98 helix 1.28 pae 0.27 i_pae 0.26 con 2.66 i_con 2.13 plddt 0.78 ptm 0.87 i_ptm 0.80 rg 1.39
30 models [1] recycles 1 hard 0 soft 0.54 temp 1 loss 5.61 helix 1.14 pae 0.35 i_pae 0.34 con 3.14 i_con 2.25 plddt 0.68 ptm 0.85 i_ptm 0.78 rg 1.19
31 models [4] recycles 1 hard 0 soft 0.56 temp 1 loss 5.44 helix 1.18 pae 0.35 i_pae 0.34 con 3.06 i_con 2.21 plddt 0.65 ptm 0.84 i_ptm 0.76 rg 1.02
32 models [1] recycles 1 hard 0 soft 0.58 temp 1 loss 5.13 helix 1.22 pae 0.31 i_pae 0.30 con 2.86 i_con 2.10 plddt 0.72 ptm 0.86 i_ptm 0.80 rg 1.14
33 models [1] recycles 1 hard 0 soft 0.59 temp 1 loss 5.12 helix 1.26 pae 0.28 i_pae 0.27 con 2.62 i_con 2.26 plddt 0.77 ptm 0.87 i_ptm 0.74 rg 1.50
34 models [2] recycles 1 hard 0 soft 0.61 temp 1 loss 5.04 helix 1.30 pae 0.26 i_pae 0.26 con 2.54 i_con 2.31 plddt 0.80 ptm 0.87 i_ptm 0.77 rg 1.39
35 models [3] recycles 1 hard 0 soft 0.63 temp 1 loss 5.00 helix 1.39 pae 0.26 i_pae 0.26 con 2.55 i_con 2.27 plddt 0.78 ptm 0.86 i_ptm 0.76 rg 1.46
36 models [4] recycles 1 hard 0 soft 0.65 temp 1 loss 5.13 helix 1.30 pae 0.28 i_pae 0.29 con 2.55 i_con 2.37 plddt 0.78 ptm 0.86 i_ptm 0.72 rg 1.39
37 models [0] recycles 1 hard 0 soft 0.67 temp 1 loss 6.92 helix 1.54 pae 0.58 i_pae 0.65 con 2.72 i_con 4.13 plddt 0.57 ptm 0.73 i_ptm 0.23 rg 0.53
38 models [3] recycles 1 hard 0 soft 0.68 temp 1 loss 6.75 helix 1.51 pae 0.53 i_pae 0.60 con 2.74 i_con 3.83 plddt 0.62 ptm 0.76 i_ptm 0.32 rg 0.95
39 models [3] recycles 1 hard 0 soft 0.70 temp 1 loss 7.24 helix 1.34 pae 0.59 i_pae 0.66 con 3.07 i_con 4.05 plddt 0.54 ptm 0.74 i_ptm 0.25 rg 0.43
40 models [3] recycles 1 hard 0 soft 0.72 temp 1 loss 6.93 helix 1.42 pae 0.53 i_pae 0.57 con 3.03 i_con 3.68 plddt 0.58 ptm 0.77 i_ptm 0.35 rg 0.99
41 models [3] recycles 1 hard 0 soft 0.74 temp 1 loss 5.88 helix 1.55 pae 0.36 i_pae 0.38 con 2.57 i_con 3.11 plddt 0.73 ptm 0.83 i_ptm 0.57 rg 1.46
42 models [3] recycles 1 hard 0 soft 0.76 temp 1 loss 5.96 helix 1.52 pae 0.38 i_pae 0.38 con 2.92 i_con 2.95 plddt 0.65 ptm 0.83 i_ptm 0.57 rg 1.02
43 models [0] recycles 1 hard 0 soft 0.77 temp 1 loss 8.44 helix 1.13 pae 0.56 i_pae 0.60 con 3.22 i_con 3.92 plddt 0.55 ptm 0.76 i_ptm 0.32 rg 4.26
44 models [4] recycles 1 hard 0 soft 0.79 temp 1 loss 8.52 helix 1.00 pae 0.64 i_pae 0.71 con 3.23 i_con 4.27 plddt 0.48 ptm 0.73 i_ptm 0.20 rg 3.04
45 models [3] recycles 1 hard 0 soft 0.81 temp 1 loss 7.10 helix 1.30 pae 0.57 i_pae 0.60 con 3.10 i_con 3.84 plddt 0.54 ptm 0.76 i_ptm 0.30 rg 0.58
46 models [0] recycles 1 hard 0 soft 0.83 temp 1 loss 6.26 helix 1.54 pae 0.41 i_pae 0.44 con 2.66 i_con 3.38 plddt 0.67 ptm 0.80 i_ptm 0.47 rg 1.36
47 models [1] recycles 1 hard 0 soft 0.85 temp 1 loss 7.35 helix 1.29 pae 0.58 i_pae 0.62 con 3.12 i_con 3.91 plddt 0.55 ptm 0.75 i_ptm 0.30 rg 1.12
48 models [1] recycles 1 hard 0 soft 0.86 temp 1 loss 6.87 helix 1.37 pae 0.51 i_pae 0.54 con 3.06 i_con 3.50 plddt 0.61 ptm 0.78 i_ptm 0.39 rg 1.32
49 models [1] recycles 1 hard 0 soft 0.88 temp 1 loss 6.57 helix 1.28 pae 0.45 i_pae 0.46 con 2.94 i_con 3.19 plddt 0.63 ptm 0.80 i_ptm 0.48 rg 1.77
50 models [0] recycles 1 hard 0 soft 0.90 temp 1 loss 6.32 helix 1.49 pae 0.40 i_pae 0.41 con 2.86 i_con 3.20 plddt 0.67 ptm 0.82 i_ptm 0.52 rg 1.48
Initial trajectory pLDDT good, continuing: 0.83
Stage 2: Softmax Optimisation
51 models [4] recycles 1 hard 0 soft 1 temp 0.92 loss 8.02 helix 1.14 pae 0.67 i_pae 0.68 con 3.89 i_con 4.12 plddt 0.39 ptm 0.73 i_ptm 0.22 rg -0.29
52 models [2] recycles 1 hard 0 soft 1 temp 0.85 loss 7.34 helix 1.23 pae 0.55 i_pae 0.59 con 3.29 i_con 3.75 plddt 0.55 ptm 0.76 i_ptm 0.33 rg 1.00
53 models [3] recycles 1 hard 0 soft 1 temp 0.78 loss 6.22 helix 1.50 pae 0.41 i_pae 0.43 con 2.73 i_con 3.23 plddt 0.68 ptm 0.81 i_ptm 0.50 rg 1.50
54 models [2] recycles 1 hard 0 soft 1 temp 0.71 loss 7.02 helix 1.25 pae 0.51 i_pae 0.55 con 3.13 i_con 3.56 plddt 0.59 ptm 0.77 i_ptm 0.36 rg 1.24
55 models [3] recycles 1 hard 0 soft 1 temp 0.64 loss 5.93 helix 1.47 pae 0.35 i_pae 0.35 con 2.75 i_con 2.91 plddt 0.72 ptm 0.84 i_ptm 0.60 rg 1.62
56 models [4] recycles 1 hard 0 soft 1 temp 0.58 loss 6.18 helix 1.46 pae 0.39 i_pae 0.40 con 2.87 i_con 3.02 plddt 0.67 ptm 0.82 i_ptm 0.53 rg 1.62
57 models [4] recycles 1 hard 0 soft 1 temp 0.52 loss 6.01 helix 1.52 pae 0.36 i_pae 0.37 con 2.74 i_con 3.03 plddt 0.71 ptm 0.83 i_ptm 0.57 rg 1.53
58 models [3] recycles 1 hard 0 soft 1 temp 0.47 loss 5.30 helix 1.66 pae 0.26 i_pae 0.25 con 2.41 i_con 2.70 plddt 0.79 ptm 0.87 i_ptm 0.72 rg 1.75
59 models [4] recycles 1 hard 0 soft 1 temp 0.42 loss 5.23 helix 1.66 pae 0.27 i_pae 0.27 con 2.50 i_con 2.52 plddt 0.78 ptm 0.87 i_ptm 0.69 rg 1.79
60 models [1] recycles 1 hard 0 soft 1 temp 0.37 loss 5.08 helix 1.77 pae 0.26 i_pae 0.26 con 2.34 i_con 2.63 plddt 0.80 ptm 0.87 i_ptm 0.71 rg 1.59
61 models [3] recycles 1 hard 0 soft 1 temp 0.32 loss 4.98 helix 1.65 pae 0.25 i_pae 0.24 con 2.37 i_con 2.51 plddt 0.80 ptm 0.88 i_ptm 0.74 rg 1.47
62 models [3] recycles 1 hard 0 soft 1 temp 0.28 loss 5.09 helix 1.83 pae 0.26 i_pae 0.25 con 2.42 i_con 2.54 plddt 0.79 ptm 0.87 i_ptm 0.73 rg 1.73
63 models [0] recycles 1 hard 0 soft 1 temp 0.24 loss 5.92 helix 1.48 pae 0.35 i_pae 0.38 con 2.51 i_con 3.22 plddt 0.74 ptm 0.82 i_ptm 0.51 rg 1.33
64 models [3] recycles 1 hard 0 soft 1 temp 0.20 loss 5.57 helix 1.53 pae 0.29 i_pae 0.30 con 2.53 i_con 2.84 plddt 0.77 ptm 0.86 i_ptm 0.65 rg 1.54
65 models [1] recycles 1 hard 0 soft 1 temp 0.17 loss 5.47 helix 1.60 pae 0.29 i_pae 0.32 con 2.27 i_con 3.00 plddt 0.79 ptm 0.85 i_ptm 0.62 rg 1.62
66 models [1] recycles 1 hard 0 soft 1 temp 0.14 loss 5.48 helix 1.44 pae 0.29 i_pae 0.30 con 2.58 i_con 2.65 plddt 0.76 ptm 0.86 i_ptm 0.67 rg 1.65
67 models [4] recycles 1 hard 0 soft 1 temp 0.11 loss 6.54 helix 1.32 pae 0.44 i_pae 0.46 con 3.00 i_con 3.27 plddt 0.65 ptm 0.80 i_ptm 0.46 rg 1.26
68 models [0] recycles 1 hard 0 soft 1 temp 0.09 loss 5.98 helix 1.36 pae 0.33 i_pae 0.35 con 2.66 i_con 3.04 plddt 0.74 ptm 0.83 i_ptm 0.57 rg 1.59
69 models [2] recycles 1 hard 0 soft 1 temp 0.07 loss 5.70 helix 1.36 pae 0.32 i_pae 0.33 con 2.69 i_con 2.78 plddt 0.75 ptm 0.84 i_ptm 0.60 rg 1.43
70 models [1] recycles 1 hard 0 soft 1 temp 0.05 loss 5.64 helix 1.58 pae 0.30 i_pae 0.30 con 2.61 i_con 2.81 plddt 0.76 ptm 0.86 i_ptm 0.65 rg 1.68
71 models [4] recycles 1 hard 0 soft 1 temp 0.04 loss 5.62 helix 1.53 pae 0.30 i_pae 0.31 con 2.61 i_con 2.80 plddt 0.75 ptm 0.85 i_ptm 0.64 rg 1.61
72 models [3] recycles 1 hard 0 soft 1 temp 0.02 loss 5.44 helix 1.55 pae 0.28 i_pae 0.29 con 2.45 i_con 2.85 plddt 0.79 ptm 0.85 i_ptm 0.66 rg 1.44
73 models [3] recycles 1 hard 0 soft 1 temp 0.02 loss 5.32 helix 1.58 pae 0.27 i_pae 0.28 con 2.48 i_con 2.67 plddt 0.79 ptm 0.87 i_ptm 0.69 rg 1.55
74 models [2] recycles 1 hard 0 soft 1 temp 0.01 loss 5.29 helix 1.56 pae 0.27 i_pae 0.28 con 2.44 i_con 2.69 plddt 0.79 ptm 0.86 i_ptm 0.68 rg 1.53
75 models [1] recycles 1 hard 0 soft 1 temp 0.01 loss 5.62 helix 1.48 pae 0.29 i_pae 0.30 con 2.37 i_con 2.99 plddt 0.79 ptm 0.85 i_ptm 0.62 rg 1.71
Softmax trajectory pLDDT good, continuing: 0.8
Stage 3: One-hot Optimisation
76 models [1] recycles 1 hard 1 soft 1 temp 0.01 loss 5.39 helix 1.55 pae 0.25 i_pae 0.27 con 2.31 i_con 2.90 plddt 0.79 ptm 0.87 i_ptm 0.68 rg 1.61
77 models [2] recycles 1 hard 1 soft 1 temp 0.01 loss 5.35 helix 1.59 pae 0.25 i_pae 0.26 con 2.41 i_con 2.76 plddt 0.78 ptm 0.87 i_ptm 0.70 rg 1.65
78 models [0] recycles 1 hard 1 soft 1 temp 0.01 loss 5.41 helix 1.64 pae 0.26 i_pae 0.28 con 2.23 i_con 3.01 plddt 0.79 ptm 0.85 i_ptm 0.65 rg 1.64
One-hot trajectory pLDDT good, continuing: 0.78
Stage 4: PSSM Semigreedy Optimisation
Running semigreedy optimization...
79 models [0] recycles 1 hard 1 soft 0 temp 1 loss 5.51 helix 1.65 pae 0.27 i_pae 0.29 con 2.30 i_con 3.05 plddt 0.77 ptm 0.85 i_ptm 0.63 rg 1.57
80 models [0] recycles 1 hard 1 soft 0 temp 1 loss 5.51 helix 1.63 pae 0.28 i_pae 0.30 con 2.29 i_con 3.06 plddt 0.77 ptm 0.85 i_ptm 0.62 rg 1.57
81 models [3] recycles 1 hard 1 soft 0 temp 1 loss 5.66 helix 1.52 pae 0.31 i_pae 0.32 con 2.54 i_con 2.93 plddt 0.74 ptm 0.84 i_ptm 0.60 rg 1.49
82 models [3] recycles 1 hard 1 soft 0 temp 1 loss 5.64 helix 1.56 pae 0.31 i_pae 0.32 con 2.47 i_con 2.94 plddt 0.74 ptm 0.84 i_ptm 0.59 rg 1.63
83 models [0] recycles 1 hard 1 soft 0 temp 1 loss 8.09 helix 1.31 pae 0.63 i_pae 0.69 con 3.33 i_con 4.58 plddt 0.45 ptm 0.74 i_ptm 0.22 rg 0.52
Trajectory successful, final pLDDT: 0.78
Starting trajectory took: 0 hours, 34 minutes, 30 seconds

Fixing interface residues: B1,B9,B12,B13,B16,B24,B49,B50,B52,B53,B54,B56,B57,B60,B61,B64,B65,B67,B68,B71
Base AF2 filters not passed for EGFRd3_p2g0_l71_s571442_mpnn1, skipping interface scoring
Base AF2 filters not passed for EGFRd3_p2g0_l71_s571442_mpnn2, skipping interface scoring
Base AF2 filters not passed for EGFRd3_p2g0_l71_s571442_mpnn3, skipping interface scoring
Base AF2 filters not passed for EGFRd3_p2g0_l71_s571442_mpnn4, skipping interface scoring
Base AF2 filters not passed for EGFRd3_p2g0_l71_s571442_mpnn5, skipping interface scoring
Base AF2 filters not passed for EGFRd3_p2g0_l71_s571442_mpnn6, skipping interface scoring
Base AF2 filters not passed for EGFRd3_p2g0_l71_s571442_mpnn7, skipping interface scoring
Base AF2 filters not passed for EGFRd3_p2g0_l71_s571442_mpnn8, skipping interface scoring
No accepted MPNN designs found for this trajectory.

Design and validation of trajectory EGFRd3_p2g0_l71_s571442 took: 0 hours, 3 minutes, 38 seconds
Starting trajectory: EGFRd3_p2g0_l66_s408238
Stage 1: Test Logits
1 models [2] recycles 1 hard 0 soft 0.02 temp 1 loss 10.85 helix 1.47 pae 0.79 i_pae 0.79 con 4.56 i_con 4.34 plddt 0.29 ptm 0.73 i_ptm 0.15 rg 6.29
2 models [3] recycles 1 hard 0 soft 0.04 temp 1 loss 9.52 helix 1.29 pae 0.70 i_pae 0.69 con 4.34 i_con 4.02 plddt 0.33 ptm 0.75 i_ptm 0.22 rg 3.62
3 models [4] recycles 1 hard 0 soft 0.05 temp 1 loss 8.93 helix 0.63 pae 0.61 i_pae 0.64 con 3.91 i_con 3.88 plddt 0.47 ptm 0.75 i_ptm 0.25 rg 3.13
4 models [1] recycles 1 hard 0 soft 0.07 temp 1 loss 8.44 helix 0.71 pae 0.51 i_pae 0.54 con 3.58 i_con 3.63 plddt 0.53 ptm 0.78 i_ptm 0.37 rg 3.69
5 models [2] recycles 1 hard 0 soft 0.09 temp 1 loss 8.50 helix 0.68 pae 0.55 i_pae 0.57 con 3.67 i_con 3.72 plddt 0.51 ptm 0.77 i_ptm 0.32 rg 3.17
6 models [1] recycles 1 hard 0 soft 0.11 temp 1 loss 7.81 helix 0.74 pae 0.42 i_pae 0.42 con 3.63 i_con 2.99 plddt 0.59 ptm 0.82 i_ptm 0.52 rg 3.79
7 models [4] recycles 1 hard 0 soft 0.13 temp 1 loss 6.49 helix 0.63 pae 0.25 i_pae 0.24 con 2.84 i_con 2.48 plddt 0.75 ptm 0.88 i_ptm 0.74 rg 3.99
8 models [2] recycles 1 hard 0 soft 0.14 temp 1 loss 7.11 helix 0.88 pae 0.38 i_pae 0.37 con 3.31 i_con 2.72 plddt 0.65 ptm 0.83 i_ptm 0.60 rg 3.66
9 models [0] recycles 1 hard 0 soft 0.16 temp 1 loss 6.33 helix 0.95 pae 0.30 i_pae 0.28 con 2.85 i_con 2.35 plddt 0.72 ptm 0.87 i_ptm 0.72 rg 4.11
10 models [3] recycles 1 hard 0 soft 0.18 temp 1 loss 6.71 helix 0.85 pae 0.33 i_pae 0.32 con 2.88 i_con 2.73 plddt 0.69 ptm 0.85 i_ptm 0.65 rg 3.80
11 models [4] recycles 1 hard 0 soft 0.20 temp 1 loss 6.32 helix 0.86 pae 0.31 i_pae 0.29 con 2.86 i_con 2.36 plddt 0.71 ptm 0.86 i_ptm 0.71 rg 3.89
12 models [2] recycles 1 hard 0 soft 0.22 temp 1 loss 6.46 helix 0.97 pae 0.31 i_pae 0.29 con 2.90 i_con 2.42 plddt 0.71 ptm 0.86 i_ptm 0.71 rg 4.10
13 models [3] recycles 1 hard 0 soft 0.23 temp 1 loss 5.70 helix 1.01 pae 0.26 i_pae 0.23 con 2.57 i_con 2.01 plddt 0.77 ptm 0.89 i_ptm 0.82 rg 4.20
14 models [0] recycles 1 hard 0 soft 0.25 temp 1 loss 6.04 helix 1.08 pae 0.28 i_pae 0.25 con 2.71 i_con 2.16 plddt 0.75 ptm 0.88 i_ptm 0.77 rg 4.40
15 models [3] recycles 1 hard 0 soft 0.27 temp 1 loss 8.44 helix 1.05 pae 0.65 i_pae 0.67 con 3.75 i_con 4.06 plddt 0.40 ptm 0.75 i_ptm 0.23 rg 1.73
16 models [3] recycles 1 hard 0 soft 0.29 temp 1 loss 8.26 helix 1.09 pae 0.64 i_pae 0.68 con 3.48 i_con 4.10 plddt 0.43 ptm 0.75 i_ptm 0.22 rg 1.96
17 models [3] recycles 1 hard 0 soft 0.31 temp 1 loss 7.95 helix 1.08 pae 0.61 i_pae 0.63 con 3.45 i_con 3.89 plddt 0.45 ptm 0.75 i_ptm 0.25 rg 1.76
18 models [0] recycles 1 hard 0 soft 0.32 temp 1 loss 8.50 helix 1.12 pae 0.67 i_pae 0.71 con 3.67 i_con 4.31 plddt 0.40 ptm 0.74 i_ptm 0.19 rg 1.41
19 models [2] recycles 1 hard 0 soft 0.34 temp 1 loss 8.15 helix 1.17 pae 0.65 i_pae 0.66 con 3.68 i_con 4.00 plddt 0.41 ptm 0.75 i_ptm 0.25 rg 1.31
20 models [0] recycles 1 hard 0 soft 0.36 temp 1 loss 7.85 helix 1.03 pae 0.61 i_pae 0.65 con 3.35 i_con 4.11 plddt 0.44 ptm 0.75 i_ptm 0.24 rg 0.99
21 models [4] recycles 1 hard 0 soft 0.38 temp 1 loss 7.59 helix 1.17 pae 0.63 i_pae 0.66 con 3.59 i_con 3.99 plddt 0.40 ptm 0.75 i_ptm 0.25 rg -0.19
22 models [3] recycles 1 hard 0 soft 0.40 temp 1 loss 8.28 helix 1.27 pae 0.66 i_pae 0.68 con 3.72 i_con 4.39 plddt 0.37 ptm 0.75 i_ptm 0.23 rg 0.40
23 models [4] recycles 1 hard 0 soft 0.41 temp 1 loss 7.88 helix 1.33 pae 0.64 i_pae 0.67 con 3.67 i_con 4.20 plddt 0.38 ptm 0.75 i_ptm 0.23 rg -0.04
24 models [3] recycles 1 hard 0 soft 0.43 temp 1 loss 7.55 helix 1.26 pae 0.60 i_pae 0.63 con 3.46 i_con 4.00 plddt 0.45 ptm 0.76 i_ptm 0.27 rg 0.24
25 models [0] recycles 1 hard 0 soft 0.45 temp 1 loss 7.49 helix 1.13 pae 0.52 i_pae 0.55 con 3.38 i_con 3.69 plddt 0.51 ptm 0.78 i_ptm 0.35 rg 1.38
26 models [3] recycles 1 hard 0 soft 0.47 temp 1 loss 7.00 helix 1.25 pae 0.53 i_pae 0.56 con 3.35 i_con 3.65 plddt 0.51 ptm 0.77 i_ptm 0.35 rg 0.11
27 models [4] recycles 1 hard 0 soft 0.49 temp 1 loss 7.56 helix 1.13 pae 0.57 i_pae 0.62 con 3.42 i_con 3.88 plddt 0.47 ptm 0.76 i_ptm 0.29 rg 0.74
28 models [2] recycles 1 hard 0 soft 0.50 temp 1 loss 7.03 helix 1.17 pae 0.49 i_pae 0.49 con 3.47 i_con 3.23 plddt 0.53 ptm 0.79 i_ptm 0.43 rg 1.21
29 models [3] recycles 1 hard 0 soft 0.52 temp 1 loss 6.73 helix 1.21 pae 0.48 i_pae 0.49 con 3.29 i_con 3.29 plddt 0.55 ptm 0.79 i_ptm 0.44 rg 0.68
30 models [4] recycles 1 hard 0 soft 0.54 temp 1 loss 5.39 helix 1.30 pae 0.31 i_pae 0.31 con 2.72 i_con 2.58 plddt 0.70 ptm 0.85 i_ptm 0.64 rg 0.92
31 models [0] recycles 1 hard 0 soft 0.56 temp 1 loss 6.15 helix 1.22 pae 0.38 i_pae 0.37 con 3.30 i_con 2.54 plddt 0.61 ptm 0.83 i_ptm 0.65 rg 1.41
32 models [0] recycles 1 hard 0 soft 0.58 temp 1 loss 5.10 helix 1.50 pae 0.29 i_pae 0.29 con 2.54 i_con 2.48 plddt 0.73 ptm 0.86 i_ptm 0.67 rg 1.14
33 models [0] recycles 1 hard 0 soft 0.59 temp 1 loss 4.60 helix 1.56 pae 0.24 i_pae 0.23 con 2.31 i_con 2.30 plddt 0.79 ptm 0.89 i_ptm 0.77 rg 1.03
34 models [0] recycles 1 hard 0 soft 0.61 temp 1 loss 4.86 helix 1.53 pae 0.25 i_pae 0.25 con 2.45 i_con 2.41 plddt 0.76 ptm 0.88 i_ptm 0.73 rg 0.99
35 models [0] recycles 1 hard 0 soft 0.63 temp 1 loss 4.49 helix 1.52 pae 0.25 i_pae 0.23 con 2.29 i_con 2.19 plddt 0.79 ptm 0.88 i_ptm 0.75 rg 1.05
36 models [2] recycles 1 hard 0 soft 0.65 temp 1 loss 4.92 helix 1.49 pae 0.27 i_pae 0.26 con 2.60 i_con 2.21 plddt 0.75 ptm 0.88 i_ptm 0.75 rg 1.30
37 models [2] recycles 1 hard 0 soft 0.67 temp 1 loss 4.93 helix 1.48 pae 0.28 i_pae 0.27 con 2.50 i_con 2.42 plddt 0.76 ptm 0.87 i_ptm 0.72 rg 0.94
38 models [1] recycles 1 hard 0 soft 0.68 temp 1 loss 4.39 helix 1.65 pae 0.21 i_pae 0.21 con 2.17 i_con 2.29 plddt 0.82 ptm 0.90 i_ptm 0.79 rg 0.99
39 models [2] recycles 1 hard 0 soft 0.70 temp 1 loss 3.86 helix 1.81 pae 0.20 i_pae 0.19 con 1.95 i_con 2.02 plddt 0.85 ptm 0.90 i_ptm 0.81 rg 1.01
40 models [0] recycles 1 hard 0 soft 0.72 temp 1 loss 4.02 helix 1.73 pae 0.22 i_pae 0.21 con 2.03 i_con 2.15 plddt 0.82 ptm 0.89 i_ptm 0.79 rg 0.74
41 models [0] recycles 1 hard 0 soft 0.74 temp 1 loss 3.78 helix 1.78 pae 0.19 i_pae 0.18 con 1.93 i_con 2.01 plddt 0.85 ptm 0.90 i_ptm 0.82 rg 0.86
42 models [4] recycles 1 hard 0 soft 0.76 temp 1 loss 5.60 helix 1.42 pae 0.33 i_pae 0.33 con 2.71 i_con 2.87 plddt 0.69 ptm 0.84 i_ptm 0.60 rg 0.76
43 models [2] recycles 1 hard 0 soft 0.77 temp 1 loss 4.23 helix 1.67 pae 0.23 i_pae 0.22 con 2.04 i_con 2.33 plddt 0.83 ptm 0.88 i_ptm 0.77 rg 0.74
44 models [1] recycles 1 hard 0 soft 0.79 temp 1 loss 3.59 helix 1.83 pae 0.18 i_pae 0.16 con 1.89 i_con 1.88 plddt 0.87 ptm 0.91 i_ptm 0.84 rg 0.85
45 models [0] recycles 1 hard 0 soft 0.81 temp 1 loss 3.67 helix 1.77 pae 0.18 i_pae 0.17 con 1.87 i_con 1.97 plddt 0.87 ptm 0.90 i_ptm 0.84 rg 0.83
46 models [3] recycles 1 hard 0 soft 0.83 temp 1 loss 3.65 helix 1.85 pae 0.18 i_pae 0.17 con 1.81 i_con 2.04 plddt 0.87 ptm 0.90 i_ptm 0.83 rg 0.80
47 models [3] recycles 1 hard 0 soft 0.85 temp 1 loss 4.93 helix 1.51 pae 0.27 i_pae 0.27 con 2.36 i_con 2.60 plddt 0.78 ptm 0.86 i_ptm 0.68 rg 0.85
48 models [4] recycles 1 hard 0 soft 0.86 temp 1 loss 4.25 helix 1.64 pae 0.23 i_pae 0.23 con 2.00 i_con 2.37 plddt 0.82 ptm 0.88 i_ptm 0.74 rg 0.77
49 models [0] recycles 1 hard 0 soft 0.88 temp 1 loss 3.79 helix 1.77 pae 0.19 i_pae 0.18 con 1.86 i_con 2.08 plddt 0.86 ptm 0.89 i_ptm 0.80 rg 0.86
50 models [4] recycles 1 hard 0 soft 0.90 temp 1 loss 4.64 helix 1.46 pae 0.25 i_pae 0.23 con 2.31 i_con 2.31 plddt 0.78 ptm 0.88 i_ptm 0.75 rg 1.02
Initial trajectory pLDDT good, continuing: 0.87
Stage 2: Softmax Optimisation
51 models [3] recycles 1 hard 0 soft 1 temp 0.92 loss 4.34 helix 1.59 pae 0.22 i_pae 0.21 con 2.11 i_con 2.27 plddt 0.82 ptm 0.88 i_ptm 0.77 rg 1.00
52 models [3] recycles 1 hard 0 soft 1 temp 0.85 loss 4.43 helix 1.47 pae 0.24 i_pae 0.22 con 2.26 i_con 2.12 plddt 0.79 ptm 0.89 i_ptm 0.78 rg 1.17
53 models [1] recycles 1 hard 0 soft 1 temp 0.78 loss 4.68 helix 1.43 pae 0.22 i_pae 0.21 con 2.23 i_con 2.40 plddt 0.81 ptm 0.89 i_ptm 0.78 rg 1.12
54 models [3] recycles 1 hard 0 soft 1 temp 0.71 loss 3.74 helix 1.76 pae 0.19 i_pae 0.18 con 1.88 i_con 2.04 plddt 0.86 ptm 0.90 i_ptm 0.82 rg 0.77
55 models [2] recycles 1 hard 0 soft 1 temp 0.64 loss 3.87 helix 1.78 pae 0.19 i_pae 0.18 con 1.89 i_con 2.11 plddt 0.87 ptm 0.90 i_ptm 0.82 rg 0.97
56 models [0] recycles 1 hard 0 soft 1 temp 0.58 loss 3.98 helix 1.61 pae 0.20 i_pae 0.19 con 1.98 i_con 2.14 plddt 0.83 ptm 0.89 i_ptm 0.80 rg 0.72
57 models [3] recycles 1 hard 0 soft 1 temp 0.52 loss 4.46 helix 1.52 pae 0.25 i_pae 0.25 con 2.15 i_con 2.36 plddt 0.80 ptm 0.88 i_ptm 0.73 rg 0.84
58 models [4] recycles 1 hard 0 soft 1 temp 0.47 loss 3.92 helix 1.81 pae 0.19 i_pae 0.18 con 1.84 i_con 2.16 plddt 0.87 ptm 0.89 i_ptm 0.80 rg 1.17
59 models [3] recycles 1 hard 0 soft 1 temp 0.42 loss 4.13 helix 1.69 pae 0.21 i_pae 0.21 con 1.90 i_con 2.28 plddt 0.85 ptm 0.88 i_ptm 0.76 rg 1.08
60 models [2] recycles 1 hard 0 soft 1 temp 0.37 loss 3.71 helix 1.86 pae 0.18 i_pae 0.17 con 1.87 i_con 2.04 plddt 0.87 ptm 0.90 i_ptm 0.82 rg 0.84
61 models [2] recycles 1 hard 0 soft 1 temp 0.32 loss 3.56 helix 1.82 pae 0.17 i_pae 0.16 con 1.78 i_con 2.02 plddt 0.88 ptm 0.90 i_ptm 0.83 rg 0.66
62 models [1] recycles 1 hard 0 soft 1 temp 0.28 loss 3.78 helix 1.79 pae 0.19 i_pae 0.18 con 1.84 i_con 2.12 plddt 0.86 ptm 0.89 i_ptm 0.81 rg 0.82
63 models [3] recycles 1 hard 0 soft 1 temp 0.24 loss 3.78 helix 1.73 pae 0.19 i_pae 0.18 con 1.89 i_con 2.00 plddt 0.86 ptm 0.90 i_ptm 0.82 rg 0.95
64 models [3] recycles 1 hard 0 soft 1 temp 0.20 loss 6.28 helix 1.21 pae 0.41 i_pae 0.43 con 3.04 i_con 3.14 plddt 0.63 ptm 0.81 i_ptm 0.49 rg 0.64
65 models [1] recycles 1 hard 0 soft 1 temp 0.17 loss 3.89 helix 1.87 pae 0.19 i_pae 0.19 con 1.82 i_con 2.24 plddt 0.86 ptm 0.90 i_ptm 0.80 rg 0.91
66 models [2] recycles 1 hard 0 soft 1 temp 0.14 loss 3.67 helix 1.77 pae 0.19 i_pae 0.17 con 1.91 i_con 1.93 plddt 0.87 ptm 0.90 i_ptm 0.82 rg 0.82
67 models [0] recycles 1 hard 0 soft 1 temp 0.11 loss 3.82 helix 1.70 pae 0.19 i_pae 0.18 con 1.88 i_con 2.07 plddt 0.86 ptm 0.89 i_ptm 0.81 rg 0.88
68 models [0] recycles 1 hard 0 soft 1 temp 0.09 loss 3.52 helix 1.77 pae 0.18 i_pae 0.17 con 1.83 i_con 1.85 plddt 0.87 ptm 0.90 i_ptm 0.84 rg 0.89
69 models [2] recycles 1 hard 0 soft 1 temp 0.07 loss 4.18 helix 1.71 pae 0.20 i_pae 0.20 con 2.06 i_con 2.25 plddt 0.85 ptm 0.89 i_ptm 0.80 rg 0.85
70 models [4] recycles 1 hard 0 soft 1 temp 0.05 loss 3.80 helix 1.82 pae 0.18 i_pae 0.18 con 1.84 i_con 2.13 plddt 0.88 ptm 0.89 i_ptm 0.80 rg 0.89
71 models [3] recycles 1 hard 0 soft 1 temp 0.04 loss 3.63 helix 1.81 pae 0.19 i_pae 0.17 con 1.88 i_con 1.88 plddt 0.87 ptm 0.90 i_ptm 0.83 rg 0.98
72 models [3] recycles 1 hard 0 soft 1 temp 0.02 loss 3.61 helix 1.81 pae 0.18 i_pae 0.17 con 1.83 i_con 1.95 plddt 0.88 ptm 0.90 i_ptm 0.83 rg 0.86
73 models [1] recycles 1 hard 0 soft 1 temp 0.02 loss 3.41 helix 1.87 pae 0.16 i_pae 0.15 con 1.74 i_con 1.86 plddt 0.89 ptm 0.91 i_ptm 0.86 rg 0.92
74 models [2] recycles 1 hard 0 soft 1 temp 0.01 loss 3.60 helix 1.72 pae 0.18 i_pae 0.16 con 1.88 i_con 1.86 plddt 0.88 ptm 0.90 i_ptm 0.85 rg 0.91
75 models [1] recycles 1 hard 0 soft 1 temp 0.01 loss 3.44 helix 1.84 pae 0.17 i_pae 0.16 con 1.81 i_con 1.81 plddt 0.89 ptm 0.91 i_ptm 0.85 rg 0.93
Softmax trajectory pLDDT good, continuing: 0.89
Stage 3: One-hot Optimisation
76 models [0] recycles 1 hard 1 soft 1 temp 0.01 loss 3.54 helix 1.82 pae 0.17 i_pae 0.16 con 1.82 i_con 1.87 plddt 0.86 ptm 0.91 i_ptm 0.85 rg 0.94
77 models [2] recycles 1 hard 1 soft 1 temp 0.01 loss 3.43 helix 1.84 pae 0.17 i_pae 0.15 con 1.79 i_con 1.82 plddt 0.88 ptm 0.91 i_ptm 0.85 rg 0.90
78 models [2] recycles 1 hard 1 soft 1 temp 0.01 loss 3.42 helix 1.84 pae 0.17 i_pae 0.15 con 1.79 i_con 1.80 plddt 0.88 ptm 0.91 i_ptm 0.85 rg 0.92
One-hot trajectory pLDDT good, continuing: 0.88
Stage 4: PSSM Semigreedy Optimisation
Running semigreedy optimization...
79 models [0] recycles 1 hard 1 soft 0 temp 1 loss 8.53 helix 1.28 pae 0.65 i_pae 0.73 con 3.34 i_con 5.00 plddt 0.42 ptm 0.74 i_ptm 0.19 rg 0.46
80 models [3] recycles 1 hard 1 soft 0 temp 1 loss 6.80 helix 1.53 pae 0.59 i_pae 0.73 con 2.05 i_con 4.74 plddt 0.66 ptm 0.74 i_ptm 0.18 rg 0.28
81 models [2] recycles 1 hard 1 soft 0 temp 1 loss 8.53 helix 1.17 pae 0.65 i_pae 0.71 con 3.59 i_con 4.84 plddt 0.39 ptm 0.75 i_ptm 0.21 rg 0.08
82 models [1] recycles 1 hard 1 soft 0 temp 1 loss 4.69 helix 1.54 pae 0.30 i_pae 0.33 con 2.06 i_con 2.61 plddt 0.77 ptm 0.85 i_ptm 0.63 rg 0.95
83 models [2] recycles 1 hard 1 soft 0 temp 1 loss 7.31 helix 1.31 pae 0.59 i_pae 0.70 con 2.68 i_con 4.65 plddt 0.56 ptm 0.74 i_ptm 0.21 rg -0.02
Trajectory successful, final pLDDT: 0.88
Starting trajectory took: 0 hours, 32 minutes, 40 seconds

Fixing interface residues: B3,B5,B8,B9,B12,B13,B16,B19,B20,B23,B24,B27,B28,B30,B49,B50,B51,B52,B53,B56
Base AF2 filters not passed for EGFRd3_p2g0_l66_s408238_mpnn1, skipping interface scoring
Base AF2 filters not passed for EGFRd3_p2g0_l66_s408238_mpnn2, skipping interface scoring
Unmet filter conditions for EGFRd3_p2g0_l66_s408238_mpnn3
EGFRd3_p2g0_l66_s408238_mpnn4 passed all filters
Found 1 MPNN designs passing filters

Design and validation of trajectory EGFRd3_p2g0_l66_s408238 took: 0 hours, 7 minutes, 44 seconds
Starting trajectory: EGFRd3_p2g0_l73_s455990
Stage 1: Test Logits
1 models [3] recycles 1 hard 0 soft 0.02 temp 1 loss 13.15 helix 1.88 pae 0.83 i_pae 0.85 con 4.70 i_con 4.54 plddt 0.26 ptm 0.71 i_ptm 0.12 rg 13.10
2 models [2] recycles 1 hard 0 soft 0.04 temp 1 loss 11.65 helix 1.99 pae 0.79 i_pae 0.77 con 4.68 i_con 3.96 plddt 0.27 ptm 0.72 i_ptm 0.16 rg 10.30
3 models [2] recycles 1 hard 0 soft 0.05 temp 1 loss 10.98 helix 1.68 pae 0.76 i_pae 0.74 con 4.74 i_con 4.04 plddt 0.30 ptm 0.72 i_ptm 0.17 rg 7.38
4 models [1] recycles 1 hard 0 soft 0.07 temp 1 loss 10.41 helix 2.01 pae 0.75 i_pae 0.75 con 4.87 i_con 3.95 plddt 0.33 ptm 0.73 i_ptm 0.19 rg 5.70
5 models [1] recycles 1 hard 0 soft 0.09 temp 1 loss 10.14 helix 1.47 pae 0.73 i_pae 0.73 con 4.78 i_con 3.85 plddt 0.36 ptm 0.73 i_ptm 0.21 rg 4.92
6 models [1] recycles 1 hard 0 soft 0.11 temp 1 loss 9.93 helix 1.41 pae 0.75 i_pae 0.74 con 4.64 i_con 4.29 plddt 0.34 ptm 0.73 i_ptm 0.18 rg 3.11
7 models [0] recycles 1 hard 0 soft 0.13 temp 1 loss 9.10 helix 0.86 pae 0.71 i_pae 0.73 con 4.29 i_con 4.15 plddt 0.38 ptm 0.72 i_ptm 0.18 rg 1.55
8 models [0] recycles 1 hard 0 soft 0.14 temp 1 loss 8.41 helix 0.89 pae 0.66 i_pae 0.67 con 4.03 i_con 4.23 plddt 0.39 ptm 0.73 i_ptm 0.22 rg -0.04
9 models [3] recycles 1 hard 0 soft 0.16 temp 1 loss 7.64 helix 0.97 pae 0.61 i_pae 0.64 con 3.66 i_con 3.92 plddt 0.43 ptm 0.74 i_ptm 0.24 rg -0.16
10 models [1] recycles 1 hard 0 soft 0.18 temp 1 loss 7.69 helix 0.96 pae 0.61 i_pae 0.65 con 3.67 i_con 3.96 plddt 0.44 ptm 0.74 i_ptm 0.24 rg -0.17
11 models [4] recycles 1 hard 0 soft 0.20 temp 1 loss 7.47 helix 0.90 pae 0.57 i_pae 0.60 con 3.50 i_con 3.91 plddt 0.46 ptm 0.74 i_ptm 0.28 rg -0.16
12 models [2] recycles 1 hard 0 soft 0.22 temp 1 loss 7.07 helix 1.03 pae 0.54 i_pae 0.59 con 3.22 i_con 3.89 plddt 0.52 ptm 0.75 i_ptm 0.29 rg -0.30
13 models [4] recycles 1 hard 0 soft 0.23 temp 1 loss 6.44 helix 1.07 pae 0.47 i_pae 0.51 con 2.71 i_con 3.72 plddt 0.62 ptm 0.76 i_ptm 0.33 rg 0.07
14 models [1] recycles 1 hard 0 soft 0.25 temp 1 loss 5.97 helix 1.07 pae 0.42 i_pae 0.45 con 2.50 i_con 3.44 plddt 0.68 ptm 0.79 i_ptm 0.41 rg 0.24
15 models [1] recycles 1 hard 0 soft 0.27 temp 1 loss 6.95 helix 0.96 pae 0.49 i_pae 0.56 con 3.00 i_con 3.92 plddt 0.58 ptm 0.76 i_ptm 0.33 rg -0.02
16 models [2] recycles 1 hard 0 soft 0.29 temp 1 loss 6.06 helix 1.10 pae 0.44 i_pae 0.50 con 2.47 i_con 3.59 plddt 0.67 ptm 0.76 i_ptm 0.37 rg 0.14
17 models [1] recycles 1 hard 0 soft 0.31 temp 1 loss 5.67 helix 1.24 pae 0.40 i_pae 0.47 con 2.13 i_con 3.52 plddt 0.75 ptm 0.78 i_ptm 0.38 rg 0.43
18 models [4] recycles 1 hard 0 soft 0.32 temp 1 loss 5.60 helix 1.28 pae 0.42 i_pae 0.48 con 2.11 i_con 3.49 plddt 0.74 ptm 0.77 i_ptm 0.37 rg 0.38
19 models [1] recycles 1 hard 0 soft 0.34 temp 1 loss 4.59 helix 1.39 pae 0.25 i_pae 0.26 con 1.86 i_con 2.76 plddt 0.83 ptm 0.85 i_ptm 0.64 rg 0.76
20 models [1] recycles 1 hard 0 soft 0.36 temp 1 loss 4.53 helix 1.46 pae 0.24 i_pae 0.26 con 1.89 i_con 2.72 plddt 0.83 ptm 0.85 i_ptm 0.67 rg 0.65
21 models [3] recycles 1 hard 0 soft 0.38 temp 1 loss 3.93 helix 1.64 pae 0.19 i_pae 0.18 con 1.70 i_con 2.42 plddt 0.88 ptm 0.88 i_ptm 0.76 rg 0.62
22 models [0] recycles 1 hard 0 soft 0.40 temp 1 loss 4.28 helix 1.54 pae 0.21 i_pae 0.21 con 1.84 i_con 2.57 plddt 0.84 ptm 0.87 i_ptm 0.73 rg 0.65
23 models [1] recycles 1 hard 0 soft 0.41 temp 1 loss 4.01 helix 1.55 pae 0.19 i_pae 0.19 con 1.73 i_con 2.43 plddt 0.87 ptm 0.88 i_ptm 0.77 rg 0.66
24 models [4] recycles 1 hard 0 soft 0.43 temp 1 loss 3.98 helix 1.58 pae 0.20 i_pae 0.19 con 1.78 i_con 2.38 plddt 0.87 ptm 0.88 i_ptm 0.77 rg 0.58
25 models [1] recycles 1 hard 0 soft 0.45 temp 1 loss 4.61 helix 1.58 pae 0.24 i_pae 0.26 con 1.88 i_con 2.88 plddt 0.82 ptm 0.86 i_ptm 0.68 rg 0.53
26 models [2] recycles 1 hard 0 soft 0.47 temp 1 loss 5.38 helix 1.40 pae 0.38 i_pae 0.46 con 1.94 i_con 3.50 plddt 0.79 ptm 0.78 i_ptm 0.43 rg 0.38
27 models [3] recycles 1 hard 0 soft 0.49 temp 1 loss 3.16 helix 1.68 pae 0.15 i_pae 0.13 con 1.53 i_con 1.85 plddt 0.92 ptm 0.91 i_ptm 0.86 rg 0.65
28 models [2] recycles 1 hard 0 soft 0.50 temp 1 loss 3.82 helix 1.67 pae 0.18 i_pae 0.18 con 1.71 i_con 2.34 plddt 0.89 ptm 0.88 i_ptm 0.79 rg 0.56
29 models [4] recycles 1 hard 0 soft 0.52 temp 1 loss 3.31 helix 1.83 pae 0.15 i_pae 0.14 con 1.50 i_con 2.07 plddt 0.92 ptm 0.90 i_ptm 0.84 rg 0.62
30 models [3] recycles 1 hard 0 soft 0.54 temp 1 loss 3.53 helix 1.78 pae 0.14 i_pae 0.13 con 1.64 i_con 2.10 plddt 0.91 ptm 0.91 i_ptm 0.86 rg 0.79
31 models [4] recycles 1 hard 0 soft 0.56 temp 1 loss 3.88 helix 1.74 pae 0.16 i_pae 0.15 con 1.85 i_con 2.21 plddt 0.89 ptm 0.90 i_ptm 0.83 rg 0.80
32 models [1] recycles 1 hard 0 soft 0.58 temp 1 loss 3.43 helix 1.82 pae 0.15 i_pae 0.14 con 1.61 i_con 2.06 plddt 0.91 ptm 0.90 i_ptm 0.84 rg 0.74
33 models [3] recycles 1 hard 0 soft 0.59 temp 1 loss 3.86 helix 1.72 pae 0.15 i_pae 0.15 con 1.82 i_con 2.24 plddt 0.89 ptm 0.90 i_ptm 0.83 rg 0.74
34 models [1] recycles 1 hard 0 soft 0.61 temp 1 loss 3.12 helix 1.86 pae 0.14 i_pae 0.12 con 1.55 i_con 1.82 plddt 0.93 ptm 0.91 i_ptm 0.87 rg 0.79
35 models [3] recycles 1 hard 0 soft 0.63 temp 1 loss 3.40 helix 1.90 pae 0.14 i_pae 0.13 con 1.61 i_con 2.03 plddt 0.92 ptm 0.91 i_ptm 0.85 rg 0.81
36 models [1] recycles 1 hard 0 soft 0.65 temp 1 loss 2.95 helix 1.94 pae 0.13 i_pae 0.12 con 1.46 i_con 1.75 plddt 0.93 ptm 0.91 i_ptm 0.86 rg 0.80
37 models [3] recycles 1 hard 0 soft 0.67 temp 1 loss 2.85 helix 2.08 pae 0.13 i_pae 0.11 con 1.46 i_con 1.68 plddt 0.94 ptm 0.91 i_ptm 0.88 rg 0.87
38 models [1] recycles 1 hard 0 soft 0.68 temp 1 loss 2.81 helix 1.98 pae 0.13 i_pae 0.11 con 1.38 i_con 1.70 plddt 0.94 ptm 0.91 i_ptm 0.87 rg 0.82
39 models [0] recycles 1 hard 0 soft 0.70 temp 1 loss 3.05 helix 1.85 pae 0.13 i_pae 0.11 con 1.47 i_con 1.82 plddt 0.93 ptm 0.92 i_ptm 0.87 rg 0.79
40 models [3] recycles 1 hard 0 soft 0.72 temp 1 loss 2.71 helix 2.24 pae 0.12 i_pae 0.10 con 1.33 i_con 1.72 plddt 0.95 ptm 0.92 i_ptm 0.88 rg 0.88
41 models [1] recycles 1 hard 0 soft 0.74 temp 1 loss 2.73 helix 2.11 pae 0.12 i_pae 0.11 con 1.29 i_con 1.76 plddt 0.95 ptm 0.91 i_ptm 0.87 rg 0.80
42 models [3] recycles 1 hard 0 soft 0.76 temp 1 loss 2.77 helix 2.23 pae 0.12 i_pae 0.11 con 1.34 i_con 1.76 plddt 0.95 ptm 0.92 i_ptm 0.88 rg 0.88
43 models [3] recycles 1 hard 0 soft 0.77 temp 1 loss 4.33 helix 1.70 pae 0.19 i_pae 0.18 con 1.93 i_con 2.55 plddt 0.86 ptm 0.88 i_ptm 0.75 rg 0.82
44 models [4] recycles 1 hard 0 soft 0.79 temp 1 loss 3.12 helix 2.09 pae 0.14 i_pae 0.13 con 1.43 i_con 1.99 plddt 0.94 ptm 0.90 i_ptm 0.84 rg 0.83
45 models [1] recycles 1 hard 0 soft 0.81 temp 1 loss 3.25 helix 1.95 pae 0.14 i_pae 0.13 con 1.58 i_con 1.94 plddt 0.92 ptm 0.90 i_ptm 0.84 rg 0.77
46 models [3] recycles 1 hard 0 soft 0.83 temp 1 loss 3.00 helix 2.15 pae 0.13 i_pae 0.12 con 1.45 i_con 1.87 plddt 0.94 ptm 0.91 i_ptm 0.86 rg 0.82
47 models [3] recycles 1 hard 0 soft 0.85 temp 1 loss 3.31 helix 1.94 pae 0.14 i_pae 0.12 con 1.68 i_con 1.88 plddt 0.92 ptm 0.91 i_ptm 0.86 rg 0.87
48 models [3] recycles 1 hard 0 soft 0.86 temp 1 loss 3.43 helix 1.99 pae 0.14 i_pae 0.12 con 1.67 i_con 2.01 plddt 0.92 ptm 0.91 i_ptm 0.86 rg 0.86
49 models [2] recycles 1 hard 0 soft 0.88 temp 1 loss 4.72 helix 1.55 pae 0.23 i_pae 0.23 con 2.11 i_con 2.70 plddt 0.82 ptm 0.87 i_ptm 0.72 rg 0.76
50 models [1] recycles 1 hard 0 soft 0.90 temp 1 loss 4.22 helix 1.56 pae 0.18 i_pae 0.17 con 1.99 i_con 2.32 plddt 0.85 ptm 0.90 i_ptm 0.80 rg 0.89
Initial trajectory pLDDT good, continuing: 0.95
Stage 2: Softmax Optimisation
51 models [3] recycles 1 hard 0 soft 1 temp 0.92 loss 4.49 helix 1.57 pae 0.21 i_pae 0.19 con 2.13 i_con 2.45 plddt 0.83 ptm 0.89 i_ptm 0.77 rg 0.87
52 models [1] recycles 1 hard 0 soft 1 temp 0.85 loss 4.29 helix 1.58 pae 0.20 i_pae 0.20 con 1.98 i_con 2.44 plddt 0.84 ptm 0.88 i_ptm 0.77 rg 0.72
53 models [2] recycles 1 hard 0 soft 1 temp 0.78 loss 4.58 helix 1.65 pae 0.23 i_pae 0.23 con 2.01 i_con 2.70 plddt 0.83 ptm 0.86 i_ptm 0.71 rg 0.74
54 models [4] recycles 1 hard 0 soft 1 temp 0.71 loss 3.91 helix 1.78 pae 0.16 i_pae 0.15 con 1.79 i_con 2.29 plddt 0.90 ptm 0.90 i_ptm 0.83 rg 0.86
55 models [4] recycles 1 hard 0 soft 1 temp 0.64 loss 3.96 helix 1.67 pae 0.16 i_pae 0.15 con 1.86 i_con 2.26 plddt 0.88 ptm 0.90 i_ptm 0.83 rg 0.77
56 models [4] recycles 1 hard 0 soft 1 temp 0.58 loss 3.57 helix 1.83 pae 0.15 i_pae 0.13 con 1.71 i_con 2.07 plddt 0.91 ptm 0.91 i_ptm 0.85 rg 0.85
57 models [1] recycles 1 hard 0 soft 1 temp 0.52 loss 3.07 helix 1.98 pae 0.13 i_pae 0.11 con 1.58 i_con 1.76 plddt 0.93 ptm 0.92 i_ptm 0.88 rg 0.84
58 models [3] recycles 1 hard 0 soft 1 temp 0.47 loss 3.60 helix 1.96 pae 0.15 i_pae 0.14 con 1.68 i_con 2.16 plddt 0.91 ptm 0.91 i_ptm 0.85 rg 0.88
59 models [0] recycles 1 hard 0 soft 1 temp 0.42 loss 2.98 helix 1.99 pae 0.12 i_pae 0.11 con 1.51 i_con 1.72 plddt 0.94 ptm 0.92 i_ptm 0.89 rg 0.90
60 models [2] recycles 1 hard 0 soft 1 temp 0.37 loss 3.05 helix 2.10 pae 0.13 i_pae 0.11 con 1.53 i_con 1.82 plddt 0.94 ptm 0.91 i_ptm 0.87 rg 0.84
61 models [3] recycles 1 hard 0 soft 1 temp 0.32 loss 2.71 helix 2.25 pae 0.12 i_pae 0.10 con 1.44 i_con 1.60 plddt 0.95 ptm 0.92 i_ptm 0.89 rg 0.89
62 models [3] recycles 1 hard 0 soft 1 temp 0.28 loss 2.97 helix 2.14 pae 0.12 i_pae 0.11 con 1.49 i_con 1.78 plddt 0.94 ptm 0.92 i_ptm 0.88 rg 0.92
63 models [4] recycles 1 hard 0 soft 1 temp 0.24 loss 3.88 helix 1.84 pae 0.15 i_pae 0.15 con 1.69 i_con 2.42 plddt 0.90 ptm 0.90 i_ptm 0.82 rg 0.79
64 models [1] recycles 1 hard 0 soft 1 temp 0.20 loss 2.78 helix 2.05 pae 0.12 i_pae 0.10 con 1.45 i_con 1.63 plddt 0.95 ptm 0.92 i_ptm 0.89 rg 0.82
65 models [2] recycles 1 hard 0 soft 1 temp 0.17 loss 8.18 helix 1.18 pae 0.67 i_pae 0.70 con 3.81 i_con 4.44 plddt 0.40 ptm 0.73 i_ptm 0.20 rg -0.49
66 models [4] recycles 1 hard 0 soft 1 temp 0.14 loss 5.48 helix 1.41 pae 0.33 i_pae 0.36 con 2.28 i_con 3.23 plddt 0.74 ptm 0.82 i_ptm 0.53 rg 0.59
67 models [0] recycles 1 hard 0 soft 1 temp 0.11 loss 2.91 helix 2.07 pae 0.13 i_pae 0.11 con 1.51 i_con 1.68 plddt 0.94 ptm 0.92 i_ptm 0.88 rg 0.89
68 models [4] recycles 1 hard 0 soft 1 temp 0.09 loss 3.72 helix 1.86 pae 0.15 i_pae 0.14 con 1.69 i_con 2.24 plddt 0.90 ptm 0.90 i_ptm 0.84 rg 0.86
69 models [2] recycles 1 hard 0 soft 1 temp 0.07 loss 8.36 helix 1.19 pae 0.67 i_pae 0.71 con 3.84 i_con 4.52 plddt 0.39 ptm 0.73 i_ptm 0.20 rg -0.29
70 models [1] recycles 1 hard 0 soft 1 temp 0.05 loss 2.89 helix 2.14 pae 0.12 i_pae 0.11 con 1.52 i_con 1.70 plddt 0.94 ptm 0.92 i_ptm 0.88 rg 0.80
71 models [1] recycles 1 hard 0 soft 1 temp 0.04 loss 2.82 helix 2.04 pae 0.12 i_pae 0.10 con 1.53 i_con 1.57 plddt 0.94 ptm 0.92 i_ptm 0.89 rg 0.85
72 models [1] recycles 1 hard 0 soft 1 temp 0.02 loss 4.45 helix 1.48 pae 0.21 i_pae 0.19 con 2.16 i_con 2.36 plddt 0.81 ptm 0.89 i_ptm 0.78 rg 0.83
73 models [4] recycles 1 hard 0 soft 1 temp 0.02 loss 7.28 helix 1.16 pae 0.57 i_pae 0.59 con 3.46 i_con 3.87 plddt 0.47 ptm 0.75 i_ptm 0.29 rg -0.25
74 models [2] recycles 1 hard 0 soft 1 temp 0.01 loss 7.28 helix 1.22 pae 0.55 i_pae 0.58 con 3.33 i_con 3.98 plddt 0.53 ptm 0.75 i_ptm 0.30 rg -0.09
75 models [3] recycles 1 hard 0 soft 1 temp 0.01 loss 3.18 helix 1.98 pae 0.13 i_pae 0.12 con 1.59 i_con 1.86 plddt 0.93 ptm 0.92 i_ptm 0.87 rg 0.83
Softmax trajectory pLDDT good, continuing: 0.95
Stage 3: One-hot Optimisation
76 models [3] recycles 1 hard 1 soft 1 temp 0.01 loss 2.74 helix 2.16 pae 0.12 i_pae 0.10 con 1.44 i_con 1.64 plddt 0.94 ptm 0.92 i_ptm 0.89 rg 0.83
77 models [1] recycles 1 hard 1 soft 1 temp 0.01 loss 2.70 helix 2.09 pae 0.12 i_pae 0.10 con 1.43 i_con 1.57 plddt 0.94 ptm 0.92 i_ptm 0.90 rg 0.87
78 models [3] recycles 1 hard 1 soft 1 temp 0.01 loss 2.67 helix 2.24 pae 0.12 i_pae 0.10 con 1.42 i_con 1.60 plddt 0.95 ptm 0.93 i_ptm 0.90 rg 0.86
One-hot trajectory pLDDT good, continuing: 0.95
Stage 4: PSSM Semigreedy Optimisation
Running semigreedy optimization...
79 models [1] recycles 1 hard 1 soft 0 temp 1 loss 3.42 helix 1.98 pae 0.18 i_pae 0.16 con 1.85 i_con 1.67 plddt 0.85 ptm 0.91 i_ptm 0.83 rg 1.24
80 models [3] recycles 1 hard 1 soft 0 temp 1 loss 3.34 helix 2.17 pae 0.20 i_pae 0.17 con 1.84 i_con 1.74 plddt 0.84 ptm 0.90 i_ptm 0.82 rg 0.97
81 models [1] recycles 1 hard 1 soft 0 temp 1 loss 4.01 helix 1.90 pae 0.20 i_pae 0.19 con 1.93 i_con 2.21 plddt 0.81 ptm 0.89 i_ptm 0.78 rg 1.03
82 models [1] recycles 1 hard 1 soft 0 temp 1 loss 3.37 helix 2.03 pae 0.19 i_pae 0.17 con 1.84 i_con 1.79 plddt 0.83 ptm 0.90 i_ptm 0.82 rg 0.74
83 models [3] recycles 1 hard 1 soft 0 temp 1 loss 5.46 helix 1.67 pae 0.37 i_pae 0.39 con 2.31 i_con 3.27 plddt 0.67 ptm 0.82 i_ptm 0.51 rg 0.47
Trajectory successful, final pLDDT: 0.95
Starting trajectory took: 0 hours, 35 minutes, 0 seconds

Fixing interface residues: B1,B2,B5,B6,B8,B9,B12,B13,B29,B50,B51,B52,B53,B56,B59,B60,B63,B64,B67,B68,B70,B71,B72
Unmet filter conditions for EGFRd3_p2g0_l73_s455990_mpnn1
Unmet filter conditions for EGFRd3_p2g0_l73_s455990_mpnn2
Unmet filter conditions for EGFRd3_p2g0_l73_s455990_mpnn3
EGFRd3_p2g0_l73_s455990_mpnn4 passed all filters
Found 1 MPNN designs passing filters

Design and validation of trajectory EGFRd3_p2g0_l73_s455990 took: 0 hours, 13 minutes, 29 seconds
Starting trajectory: EGFRd3_p2g0_l74_s203049
Stage 1: Test Logits
1 models [1] recycles 1 hard 0 soft 0.02 temp 1 loss 10.19 helix 1.69 pae 0.80 i_pae 0.80 con 4.56 i_con 4.43 plddt 0.28 ptm 0.72 i_ptm 0.14 rg 3.99
2 models [1] recycles 1 hard 0 soft 0.04 temp 1 loss 8.85 helix 1.33 pae 0.73 i_pae 0.71 con 4.47 i_con 3.86 plddt 0.35 ptm 0.73 i_ptm 0.20 rg 1.52
3 models [0] recycles 1 hard 0 soft 0.05 temp 1 loss 9.11 helix 1.29 pae 0.73 i_pae 0.73 con 4.50 i_con 4.22 plddt 0.32 ptm 0.73 i_ptm 0.18 rg 1.02
4 models [1] recycles 1 hard 0 soft 0.07 temp 1 loss 9.33 helix 1.36 pae 0.73 i_pae 0.71 con 4.70 i_con 3.82 plddt 0.34 ptm 0.73 i_ptm 0.20 rg 2.54
5 models [2] recycles 1 hard 0 soft 0.09 temp 1 loss 8.60 helix 0.85 pae 0.68 i_pae 0.68 con 4.24 i_con 4.08 plddt 0.38 ptm 0.73 i_ptm 0.21 rg 0.32
6 models [1] recycles 1 hard 0 soft 0.11 temp 1 loss 7.87 helix 0.91 pae 0.63 i_pae 0.65 con 3.81 i_con 3.99 plddt 0.41 ptm 0.74 i_ptm 0.23 rg -0.25
7 models [1] recycles 1 hard 0 soft 0.13 temp 1 loss 8.07 helix 0.85 pae 0.64 i_pae 0.66 con 3.88 i_con 4.08 plddt 0.39 ptm 0.73 i_ptm 0.23 rg -0.21
8 models [4] recycles 1 hard 0 soft 0.14 temp 1 loss 7.84 helix 0.85 pae 0.65 i_pae 0.68 con 3.66 i_con 4.04 plddt 0.39 ptm 0.73 i_ptm 0.22 rg -0.12
9 models [2] recycles 1 hard 0 soft 0.16 temp 1 loss 7.66 helix 0.85 pae 0.62 i_pae 0.66 con 3.54 i_con 3.96 plddt 0.44 ptm 0.73 i_ptm 0.23 rg 0.01
10 models [0] recycles 1 hard 0 soft 0.18 temp 1 loss 7.19 helix 0.95 pae 0.58 i_pae 0.62 con 3.29 i_con 3.87 plddt 0.48 ptm 0.74 i_ptm 0.25 rg -0.20
11 models [0] recycles 1 hard 0 soft 0.20 temp 1 loss 6.45 helix 1.03 pae 0.53 i_pae 0.56 con 2.77 i_con 3.63 plddt 0.56 ptm 0.75 i_ptm 0.30 rg 0.03
12 models [3] recycles 1 hard 0 soft 0.22 temp 1 loss 5.91 helix 0.99 pae 0.43 i_pae 0.42 con 2.74 i_con 3.08 plddt 0.63 ptm 0.80 i_ptm 0.50 rg 0.37
13 models [0] recycles 1 hard 0 soft 0.23 temp 1 loss 6.41 helix 1.06 pae 0.53 i_pae 0.59 con 2.68 i_con 3.77 plddt 0.57 ptm 0.74 i_ptm 0.27 rg -0.26
14 models [2] recycles 1 hard 0 soft 0.25 temp 1 loss 6.20 helix 0.97 pae 0.51 i_pae 0.56 con 2.68 i_con 3.55 plddt 0.60 ptm 0.75 i_ptm 0.32 rg -0.24
15 models [3] recycles 1 hard 0 soft 0.27 temp 1 loss 5.46 helix 0.97 pae 0.33 i_pae 0.33 con 2.54 i_con 2.89 plddt 0.69 ptm 0.84 i_ptm 0.62 rg 0.32
16 models [4] recycles 1 hard 0 soft 0.29 temp 1 loss 6.45 helix 0.90 pae 0.53 i_pae 0.58 con 2.74 i_con 3.65 plddt 0.60 ptm 0.74 i_ptm 0.28 rg -0.07
17 models [3] recycles 1 hard 0 soft 0.31 temp 1 loss 5.54 helix 1.05 pae 0.36 i_pae 0.36 con 2.64 i_con 2.87 plddt 0.68 ptm 0.83 i_ptm 0.57 rg 0.36
18 models [0] recycles 1 hard 0 soft 0.32 temp 1 loss 5.04 helix 1.08 pae 0.30 i_pae 0.29 con 2.54 i_con 2.48 plddt 0.72 ptm 0.86 i_ptm 0.69 rg 0.50
19 models [2] recycles 1 hard 0 soft 0.34 temp 1 loss 5.86 helix 0.96 pae 0.40 i_pae 0.42 con 2.65 i_con 3.18 plddt 0.70 ptm 0.80 i_ptm 0.49 rg 0.22
20 models [1] recycles 1 hard 0 soft 0.36 temp 1 loss 4.27 helix 1.28 pae 0.20 i_pae 0.19 con 2.14 i_con 2.24 plddt 0.82 ptm 0.89 i_ptm 0.80 rg 0.51
21 models [4] recycles 1 hard 0 soft 0.38 temp 1 loss 4.15 helix 1.12 pae 0.20 i_pae 0.19 con 2.07 i_con 2.11 plddt 0.83 ptm 0.90 i_ptm 0.81 rg 0.60
22 models [1] recycles 1 hard 0 soft 0.40 temp 1 loss 3.75 helix 1.36 pae 0.16 i_pae 0.15 con 1.75 i_con 2.16 plddt 0.89 ptm 0.90 i_ptm 0.85 rg 0.49
23 models [2] recycles 1 hard 0 soft 0.41 temp 1 loss 3.59 helix 1.39 pae 0.15 i_pae 0.14 con 1.77 i_con 1.98 plddt 0.90 ptm 0.91 i_ptm 0.87 rg 0.56
24 models [1] recycles 1 hard 0 soft 0.43 temp 1 loss 3.83 helix 1.33 pae 0.17 i_pae 0.16 con 1.98 i_con 1.97 plddt 0.86 ptm 0.91 i_ptm 0.85 rg 0.57
25 models [0] recycles 1 hard 0 soft 0.45 temp 1 loss 3.88 helix 1.33 pae 0.17 i_pae 0.16 con 1.76 i_con 2.25 plddt 0.89 ptm 0.90 i_ptm 0.83 rg 0.59
26 models [4] recycles 1 hard 0 soft 0.47 temp 1 loss 3.94 helix 1.29 pae 0.17 i_pae 0.16 con 1.78 i_con 2.24 plddt 0.88 ptm 0.90 i_ptm 0.82 rg 0.66
27 models [2] recycles 1 hard 0 soft 0.49 temp 1 loss 3.80 helix 1.25 pae 0.17 i_pae 0.15 con 1.81 i_con 2.13 plddt 0.89 ptm 0.90 i_ptm 0.84 rg 0.47
28 models [1] recycles 1 hard 0 soft 0.50 temp 1 loss 3.85 helix 1.36 pae 0.17 i_pae 0.17 con 1.77 i_con 2.24 plddt 0.88 ptm 0.90 i_ptm 0.81 rg 0.46
29 models [1] recycles 1 hard 0 soft 0.52 temp 1 loss 3.86 helix 1.41 pae 0.17 i_pae 0.16 con 1.78 i_con 2.27 plddt 0.88 ptm 0.90 i_ptm 0.82 rg 0.44
30 models [1] recycles 1 hard 0 soft 0.54 temp 1 loss 3.65 helix 1.49 pae 0.16 i_pae 0.16 con 1.66 i_con 2.22 plddt 0.89 ptm 0.90 i_ptm 0.84 rg 0.40
31 models [0] recycles 1 hard 0 soft 0.56 temp 1 loss 3.52 helix 1.59 pae 0.15 i_pae 0.15 con 1.65 i_con 2.15 plddt 0.91 ptm 0.90 i_ptm 0.85 rg 0.37
32 models [1] recycles 1 hard 0 soft 0.58 temp 1 loss 3.73 helix 1.46 pae 0.17 i_pae 0.16 con 1.72 i_con 2.22 plddt 0.88 ptm 0.90 i_ptm 0.83 rg 0.43
33 models [3] recycles 1 hard 0 soft 0.59 temp 1 loss 3.27 helix 1.66 pae 0.14 i_pae 0.12 con 1.58 i_con 1.99 plddt 0.92 ptm 0.91 i_ptm 0.87 rg 0.41
34 models [1] recycles 1 hard 0 soft 0.61 temp 1 loss 3.26 helix 1.69 pae 0.14 i_pae 0.13 con 1.54 i_con 2.06 plddt 0.92 ptm 0.91 i_ptm 0.87 rg 0.31
35 models [4] recycles 1 hard 0 soft 0.63 temp 1 loss 3.71 helix 1.54 pae 0.16 i_pae 0.15 con 1.76 i_con 2.19 plddt 0.89 ptm 0.90 i_ptm 0.85 rg 0.43
36 models [4] recycles 1 hard 0 soft 0.65 temp 1 loss 3.42 helix 1.56 pae 0.14 i_pae 0.13 con 1.59 i_con 2.08 plddt 0.92 ptm 0.91 i_ptm 0.86 rg 0.46
37 models [1] recycles 1 hard 0 soft 0.67 temp 1 loss 3.46 helix 1.54 pae 0.15 i_pae 0.14 con 1.56 i_con 2.15 plddt 0.90 ptm 0.91 i_ptm 0.85 rg 0.40
38 models [1] recycles 1 hard 0 soft 0.68 temp 1 loss 3.33 helix 1.68 pae 0.14 i_pae 0.14 con 1.57 i_con 2.05 plddt 0.91 ptm 0.91 i_ptm 0.86 rg 0.42
39 models [1] recycles 1 hard 0 soft 0.70 temp 1 loss 3.30 helix 1.67 pae 0.14 i_pae 0.13 con 1.57 i_con 2.01 plddt 0.91 ptm 0.91 i_ptm 0.86 rg 0.46
40 models [0] recycles 1 hard 0 soft 0.72 temp 1 loss 3.29 helix 1.76 pae 0.15 i_pae 0.14 con 1.51 i_con 2.10 plddt 0.91 ptm 0.90 i_ptm 0.85 rg 0.42
41 models [2] recycles 1 hard 0 soft 0.74 temp 1 loss 3.30 helix 1.72 pae 0.14 i_pae 0.13 con 1.56 i_con 2.03 plddt 0.92 ptm 0.90 i_ptm 0.86 rg 0.47
42 models [3] recycles 1 hard 0 soft 0.76 temp 1 loss 3.07 helix 1.81 pae 0.13 i_pae 0.12 con 1.51 i_con 1.91 plddt 0.93 ptm 0.91 i_ptm 0.88 rg 0.39
43 models [3] recycles 1 hard 0 soft 0.77 temp 1 loss 3.04 helix 1.88 pae 0.13 i_pae 0.12 con 1.49 i_con 1.88 plddt 0.93 ptm 0.92 i_ptm 0.88 rg 0.50
44 models [0] recycles 1 hard 0 soft 0.79 temp 1 loss 3.33 helix 1.68 pae 0.15 i_pae 0.15 con 1.54 i_con 2.08 plddt 0.91 ptm 0.90 i_ptm 0.84 rg 0.43
45 models [3] recycles 1 hard 0 soft 0.81 temp 1 loss 3.22 helix 1.76 pae 0.14 i_pae 0.13 con 1.54 i_con 2.00 plddt 0.92 ptm 0.91 i_ptm 0.87 rg 0.43
46 models [4] recycles 1 hard 0 soft 0.83 temp 1 loss 3.91 helix 1.56 pae 0.18 i_pae 0.19 con 1.62 i_con 2.48 plddt 0.89 ptm 0.88 i_ptm 0.76 rg 0.53
47 models [3] recycles 1 hard 0 soft 0.85 temp 1 loss 3.02 helix 1.81 pae 0.13 i_pae 0.12 con 1.48 i_con 1.87 plddt 0.93 ptm 0.91 i_ptm 0.88 rg 0.48
48 models [4] recycles 1 hard 0 soft 0.86 temp 1 loss 5.14 helix 1.34 pae 0.30 i_pae 0.32 con 2.17 i_con 3.11 plddt 0.77 ptm 0.83 i_ptm 0.58 rg 0.22
49 models [2] recycles 1 hard 0 soft 0.88 temp 1 loss 5.43 helix 1.09 pae 0.36 i_pae 0.36 con 2.59 i_con 2.86 plddt 0.68 ptm 0.82 i_ptm 0.57 rg 0.25
50 models [4] recycles 1 hard 0 soft 0.90 temp 1 loss 3.72 helix 1.51 pae 0.16 i_pae 0.16 con 1.67 i_con 2.29 plddt 0.90 ptm 0.90 i_ptm 0.84 rg 0.41
Initial trajectory pLDDT good, continuing: 0.93
Stage 2: Softmax Optimisation
51 models [3] recycles 1 hard 0 soft 1 temp 0.92 loss 4.72 helix 1.07 pae 0.28 i_pae 0.26 con 2.43 i_con 2.32 plddt 0.73 ptm 0.87 i_ptm 0.76 rg 0.39
52 models [2] recycles 1 hard 0 soft 1 temp 0.85 loss 3.94 helix 1.36 pae 0.18 i_pae 0.18 con 1.70 i_con 2.41 plddt 0.89 ptm 0.89 i_ptm 0.80 rg 0.43
53 models [1] recycles 1 hard 0 soft 1 temp 0.78 loss 3.70 helix 1.55 pae 0.17 i_pae 0.17 con 1.65 i_con 2.30 plddt 0.89 ptm 0.90 i_ptm 0.81 rg 0.35
54 models [0] recycles 1 hard 0 soft 1 temp 0.71 loss 3.42 helix 1.61 pae 0.14 i_pae 0.14 con 1.49 i_con 2.20 plddt 0.92 ptm 0.90 i_ptm 0.85 rg 0.43
55 models [1] recycles 1 hard 0 soft 1 temp 0.64 loss 3.42 helix 1.59 pae 0.15 i_pae 0.15 con 1.51 i_con 2.19 plddt 0.92 ptm 0.90 i_ptm 0.84 rg 0.33
56 models [3] recycles 1 hard 0 soft 1 temp 0.58 loss 3.19 helix 1.67 pae 0.13 i_pae 0.13 con 1.48 i_con 2.00 plddt 0.93 ptm 0.91 i_ptm 0.87 rg 0.40
57 models [4] recycles 1 hard 0 soft 1 temp 0.52 loss 5.50 helix 1.41 pae 0.44 i_pae 0.53 con 1.84 i_con 3.75 plddt 0.76 ptm 0.76 i_ptm 0.30 rg 0.17
58 models [3] recycles 1 hard 0 soft 1 temp 0.47 loss 3.53 helix 1.54 pae 0.16 i_pae 0.16 con 1.60 i_con 2.18 plddt 0.90 ptm 0.90 i_ptm 0.82 rg 0.37
59 models [1] recycles 1 hard 0 soft 1 temp 0.42 loss 3.29 helix 1.60 pae 0.14 i_pae 0.14 con 1.49 i_con 2.10 plddt 0.92 ptm 0.90 i_ptm 0.84 rg 0.32
60 models [0] recycles 1 hard 0 soft 1 temp 0.37 loss 3.60 helix 1.53 pae 0.16 i_pae 0.16 con 1.51 i_con 2.35 plddt 0.91 ptm 0.89 i_ptm 0.79 rg 0.36
61 models [0] recycles 1 hard 0 soft 1 temp 0.32 loss 3.26 helix 1.70 pae 0.14 i_pae 0.14 con 1.49 i_con 2.08 plddt 0.92 ptm 0.91 i_ptm 0.85 rg 0.35
62 models [1] recycles 1 hard 0 soft 1 temp 0.28 loss 4.22 helix 1.29 pae 0.21 i_pae 0.20 con 2.16 i_con 2.18 plddt 0.80 ptm 0.89 i_ptm 0.79 rg 0.43
63 models [3] recycles 1 hard 0 soft 1 temp 0.24 loss 3.17 helix 1.65 pae 0.14 i_pae 0.13 con 1.45 i_con 2.02 plddt 0.93 ptm 0.91 i_ptm 0.86 rg 0.37
64 models [2] recycles 1 hard 0 soft 1 temp 0.20 loss 3.86 helix 1.44 pae 0.18 i_pae 0.19 con 1.63 i_con 2.45 plddt 0.90 ptm 0.88 i_ptm 0.77 rg 0.32
65 models [2] recycles 1 hard 0 soft 1 temp 0.17 loss 3.42 helix 1.66 pae 0.15 i_pae 0.15 con 1.57 i_con 2.17 plddt 0.92 ptm 0.90 i_ptm 0.85 rg 0.31
66 models [3] recycles 1 hard 0 soft 1 temp 0.14 loss 3.34 helix 1.66 pae 0.14 i_pae 0.13 con 1.60 i_con 2.06 plddt 0.92 ptm 0.91 i_ptm 0.86 rg 0.31
67 models [3] recycles 1 hard 0 soft 1 temp 0.11 loss 3.37 helix 1.68 pae 0.15 i_pae 0.14 con 1.67 i_con 2.01 plddt 0.91 ptm 0.91 i_ptm 0.85 rg 0.36
68 models [2] recycles 1 hard 0 soft 1 temp 0.09 loss 3.57 helix 1.61 pae 0.15 i_pae 0.15 con 1.63 i_con 2.23 plddt 0.92 ptm 0.90 i_ptm 0.83 rg 0.35
69 models [2] recycles 1 hard 0 soft 1 temp 0.07 loss 3.86 helix 1.47 pae 0.18 i_pae 0.18 con 1.79 i_con 2.27 plddt 0.89 ptm 0.89 i_ptm 0.80 rg 0.42
70 models [3] recycles 1 hard 0 soft 1 temp 0.05 loss 3.43 helix 1.64 pae 0.15 i_pae 0.14 con 1.64 i_con 2.07 plddt 0.91 ptm 0.90 i_ptm 0.85 rg 0.39
71 models [2] recycles 1 hard 0 soft 1 temp 0.04 loss 5.33 helix 1.13 pae 0.37 i_pae 0.36 con 2.73 i_con 2.64 plddt 0.66 ptm 0.83 i_ptm 0.66 rg 0.20
72 models [4] recycles 1 hard 0 soft 1 temp 0.02 loss 6.22 helix 1.30 pae 0.48 i_pae 0.48 con 3.11 i_con 3.13 plddt 0.53 ptm 0.79 i_ptm 0.42 rg 0.20
73 models [2] recycles 1 hard 0 soft 1 temp 0.02 loss 5.19 helix 1.52 pae 0.39 i_pae 0.37 con 2.72 i_con 2.48 plddt 0.63 ptm 0.83 i_ptm 0.71 rg 0.65
74 models [4] recycles 1 hard 0 soft 1 temp 0.01 loss 5.82 helix 1.23 pae 0.45 i_pae 0.49 con 2.46 i_con 3.35 plddt 0.62 ptm 0.78 i_ptm 0.38 rg 0.27
75 models [2] recycles 1 hard 0 soft 1 temp 0.01 loss 3.68 helix 1.60 pae 0.17 i_pae 0.17 con 1.64 i_con 2.31 plddt 0.91 ptm 0.89 i_ptm 0.80 rg 0.37
Softmax trajectory pLDDT good, continuing: 0.93
Stage 3: One-hot Optimisation
76 models [1] recycles 1 hard 1 soft 1 temp 0.01 loss 3.48 helix 1.53 pae 0.15 i_pae 0.15 con 1.67 i_con 2.06 plddt 0.89 ptm 0.91 i_ptm 0.85 rg 0.38
77 models [3] recycles 1 hard 1 soft 1 temp 0.01 loss 3.38 helix 1.68 pae 0.14 i_pae 0.14 con 1.62 i_con 2.07 plddt 0.90 ptm 0.91 i_ptm 0.85 rg 0.34
78 models [1] recycles 1 hard 1 soft 1 temp 0.01 loss 3.48 helix 1.53 pae 0.15 i_pae 0.15 con 1.67 i_con 2.06 plddt 0.89 ptm 0.91 i_ptm 0.85 rg 0.38
One-hot trajectory pLDDT good, continuing: 0.9
Stage 4: PSSM Semigreedy Optimisation
Running semigreedy optimization...
79 models [0] recycles 1 hard 1 soft 0 temp 1 loss 3.36 helix 1.60 pae 0.14 i_pae 0.14 con 1.60 i_con 2.02 plddt 0.90 ptm 0.91 i_ptm 0.86 rg 0.45
80 models [0] recycles 1 hard 1 soft 0 temp 1 loss 3.36 helix 1.60 pae 0.14 i_pae 0.14 con 1.59 i_con 2.03 plddt 0.90 ptm 0.91 i_ptm 0.86 rg 0.46
81 models [3] recycles 1 hard 1 soft 0 temp 1 loss 4.96 helix 1.37 pae 0.35 i_pae 0.33 con 2.60 i_con 2.23 plddt 0.62 ptm 0.85 i_ptm 0.79 rg 1.05
82 models [0] recycles 1 hard 1 soft 0 temp 1 loss 3.62 helix 1.54 pae 0.16 i_pae 0.15 con 1.72 i_con 2.14 plddt 0.87 ptm 0.91 i_ptm 0.84 rg 0.41
83 models [2] recycles 1 hard 1 soft 0 temp 1 loss 5.22 helix 1.49 pae 0.39 i_pae 0.37 con 2.70 i_con 2.36 plddt 0.61 ptm 0.84 i_ptm 0.76 rg 1.23
Trajectory successful, final pLDDT: 0.9
Starting trajectory took: 0 hours, 34 minutes, 36 seconds

Fixing interface residues: B20,B25,B29,B53,B54,B55,B56,B58,B59,B60,B62,B63,B66,B67,B69,B70,B73,B74
Unmet filter conditions for EGFRd3_p2g0_l74_s203049_mpnn1
Base AF2 filters not passed for EGFRd3_p2g0_l74_s203049_mpnn2, skipping interface scoring
Unmet filter conditions for EGFRd3_p2g0_l74_s203049_mpnn3
Unmet filter conditions for EGFRd3_p2g0_l74_s203049_mpnn4
Unmet filter conditions for EGFRd3_p2g0_l74_s203049_mpnn5
Base AF2 filters not passed for EGFRd3_p2g0_l74_s203049_mpnn6, skipping interface scoring
EGFRd3_p2g0_l74_s203049_mpnn7 passed all filters
Found 1 MPNN designs passing filters

Design and validation of trajectory EGFRd3_p2g0_l74_s203049 took: 0 hours, 17 minutes, 51 seconds
Starting trajectory: EGFRd3_p2g0_l63_s605143
Stage 1: Test Logits
1 models [1] recycles 1 hard 0 soft 0.02 temp 1 loss 9.09 helix 1.36 pae 0.73 i_pae 0.72 con 4.61 i_con 4.26 plddt 0.31 ptm 0.75 i_ptm 0.18 rg 0.52
2 models [1] recycles 1 hard 0 soft 0.04 temp 1 loss 10.87 helix 0.95 pae 0.74 i_pae 0.75 con 4.55 i_con 4.10 plddt 0.40 ptm 0.75 i_ptm 0.17 rg 6.75
3 models [1] recycles 1 hard 0 soft 0.05 temp 1 loss 9.14 helix 1.42 pae 0.71 i_pae 0.69 con 4.21 i_con 4.12 plddt 0.30 ptm 0.75 i_ptm 0.20 rg 2.56
4 models [3] recycles 1 hard 0 soft 0.07 temp 1 loss 8.68 helix 1.26 pae 0.68 i_pae 0.67 con 4.15 i_con 3.98 plddt 0.32 ptm 0.76 i_ptm 0.24 rg 1.66
5 models [3] recycles 1 hard 0 soft 0.09 temp 1 loss 8.55 helix 0.96 pae 0.65 i_pae 0.67 con 3.99 i_con 4.02 plddt 0.38 ptm 0.76 i_ptm 0.25 rg 1.36
6 models [1] recycles 1 hard 0 soft 0.11 temp 1 loss 8.27 helix 0.93 pae 0.65 i_pae 0.66 con 4.01 i_con 4.06 plddt 0.36 ptm 0.76 i_ptm 0.23 rg 0.20
7 models [1] recycles 1 hard 0 soft 0.13 temp 1 loss 8.06 helix 1.04 pae 0.65 i_pae 0.68 con 3.75 i_con 4.39 plddt 0.35 ptm 0.75 i_ptm 0.22 rg -0.65
8 models [1] recycles 1 hard 0 soft 0.14 temp 1 loss 7.86 helix 0.97 pae 0.63 i_pae 0.65 con 3.68 i_con 4.26 plddt 0.39 ptm 0.76 i_ptm 0.23 rg -0.67
9 models [1] recycles 1 hard 0 soft 0.16 temp 1 loss 7.46 helix 1.00 pae 0.59 i_pae 0.63 con 3.56 i_con 3.95 plddt 0.41 ptm 0.76 i_ptm 0.25 rg -0.49
10 models [2] recycles 1 hard 0 soft 0.18 temp 1 loss 7.77 helix 1.15 pae 0.64 i_pae 0.67 con 3.82 i_con 4.12 plddt 0.38 ptm 0.75 i_ptm 0.24 rg -0.80
11 models [0] recycles 1 hard 0 soft 0.20 temp 1 loss 7.30 helix 1.03 pae 0.59 i_pae 0.63 con 3.49 i_con 3.92 plddt 0.46 ptm 0.76 i_ptm 0.25 rg -0.60
12 models [2] recycles 1 hard 0 soft 0.22 temp 1 loss 7.40 helix 1.02 pae 0.60 i_pae 0.62 con 3.67 i_con 3.86 plddt 0.42 ptm 0.76 i_ptm 0.27 rg -0.74
13 models [3] recycles 1 hard 0 soft 0.23 temp 1 loss 6.96 helix 1.04 pae 0.54 i_pae 0.56 con 3.56 i_con 3.58 plddt 0.41 ptm 0.78 i_ptm 0.35 rg -0.79
14 models [2] recycles 1 hard 0 soft 0.25 temp 1 loss 6.61 helix 1.00 pae 0.50 i_pae 0.50 con 3.45 i_con 3.35 plddt 0.45 ptm 0.79 i_ptm 0.41 rg -0.74
15 models [3] recycles 1 hard 0 soft 0.27 temp 1 loss 6.78 helix 1.02 pae 0.53 i_pae 0.55 con 3.31 i_con 3.67 plddt 0.44 ptm 0.78 i_ptm 0.33 rg -0.80
16 models [4] recycles 1 hard 0 soft 0.29 temp 1 loss 5.95 helix 0.99 pae 0.40 i_pae 0.41 con 2.93 i_con 3.27 plddt 0.47 ptm 0.82 i_ptm 0.49 rg -0.78
17 models [0] recycles 1 hard 0 soft 0.31 temp 1 loss 5.58 helix 1.12 pae 0.38 i_pae 0.40 con 2.79 i_con 3.07 plddt 0.52 ptm 0.82 i_ptm 0.51 rg -0.71
18 models [0] recycles 1 hard 0 soft 0.32 temp 1 loss 5.19 helix 1.13 pae 0.34 i_pae 0.34 con 2.66 i_con 2.87 plddt 0.45 ptm 0.84 i_ptm 0.57 rg -0.83
19 models [2] recycles 1 hard 0 soft 0.34 temp 1 loss 6.50 helix 0.97 pae 0.46 i_pae 0.45 con 3.32 i_con 3.36 plddt 0.46 ptm 0.81 i_ptm 0.45 rg -0.68
20 models [4] recycles 1 hard 0 soft 0.36 temp 1 loss 5.24 helix 0.93 pae 0.30 i_pae 0.28 con 2.88 i_con 2.37 plddt 0.53 ptm 0.86 i_ptm 0.71 rg 0.16
21 models [4] recycles 1 hard 0 soft 0.38 temp 1 loss 3.71 helix 1.18 pae 0.20 i_pae 0.18 con 2.15 i_con 1.86 plddt 0.58 ptm 0.90 i_ptm 0.82 rg -0.35
22 models [3] recycles 1 hard 0 soft 0.40 temp 1 loss 4.08 helix 1.13 pae 0.23 i_pae 0.20 con 2.23 i_con 1.94 plddt 0.54 ptm 0.89 i_ptm 0.79 rg 0.29
23 models [3] recycles 1 hard 0 soft 0.41 temp 1 loss 7.80 helix 1.00 pae 0.63 i_pae 0.67 con 3.48 i_con 4.37 plddt 0.42 ptm 0.75 i_ptm 0.22 rg -0.56
24 models [3] recycles 1 hard 0 soft 0.43 temp 1 loss 4.03 helix 1.13 pae 0.23 i_pae 0.20 con 2.21 i_con 2.09 plddt 0.53 ptm 0.89 i_ptm 0.78 rg -0.33
25 models [1] recycles 1 hard 0 soft 0.45 temp 1 loss 3.33 helix 1.38 pae 0.18 i_pae 0.16 con 1.76 i_con 1.96 plddt 0.54 ptm 0.90 i_ptm 0.82 rg -0.40
26 models [4] recycles 1 hard 0 soft 0.47 temp 1 loss 3.77 helix 1.20 pae 0.22 i_pae 0.20 con 2.00 i_con 2.13 plddt 0.57 ptm 0.89 i_ptm 0.77 rg -0.54
27 models [4] recycles 1 hard 0 soft 0.49 temp 1 loss 4.42 helix 1.15 pae 0.26 i_pae 0.25 con 2.16 i_con 2.52 plddt 0.52 ptm 0.87 i_ptm 0.71 rg -0.33
28 models [1] recycles 1 hard 0 soft 0.50 temp 1 loss 3.62 helix 1.29 pae 0.19 i_pae 0.17 con 1.92 i_con 2.02 plddt 0.54 ptm 0.90 i_ptm 0.81 rg -0.31
29 models [2] recycles 1 hard 0 soft 0.52 temp 1 loss 7.79 helix 1.04 pae 0.64 i_pae 0.70 con 3.40 i_con 4.47 plddt 0.47 ptm 0.74 i_ptm 0.21 rg -0.62
30 models [0] recycles 1 hard 0 soft 0.54 temp 1 loss 4.75 helix 1.17 pae 0.25 i_pae 0.24 con 2.54 i_con 2.18 plddt 0.53 ptm 0.88 i_ptm 0.77 rg 0.69
31 models [3] recycles 1 hard 0 soft 0.56 temp 1 loss 3.85 helix 1.30 pae 0.22 i_pae 0.21 con 1.86 i_con 2.46 plddt 0.53 ptm 0.88 i_ptm 0.74 rg -0.81
32 models [4] recycles 1 hard 0 soft 0.58 temp 1 loss 3.09 helix 1.54 pae 0.16 i_pae 0.13 con 1.70 i_con 1.80 plddt 0.58 ptm 0.91 i_ptm 0.85 rg -0.22
33 models [4] recycles 1 hard 0 soft 0.59 temp 1 loss 3.42 helix 1.38 pae 0.18 i_pae 0.16 con 1.89 i_con 1.92 plddt 0.55 ptm 0.90 i_ptm 0.82 rg -0.41
34 models [4] recycles 1 hard 0 soft 0.61 temp 1 loss 3.35 helix 1.39 pae 0.16 i_pae 0.14 con 1.82 i_con 1.79 plddt 0.58 ptm 0.91 i_ptm 0.85 rg 0.10
35 models [1] recycles 1 hard 0 soft 0.63 temp 1 loss 4.48 helix 1.21 pae 0.26 i_pae 0.25 con 2.64 i_con 2.18 plddt 0.51 ptm 0.88 i_ptm 0.77 rg -0.57
36 models [1] recycles 1 hard 0 soft 0.65 temp 1 loss 5.19 helix 1.17 pae 0.32 i_pae 0.31 con 2.92 i_con 2.53 plddt 0.48 ptm 0.86 i_ptm 0.64 rg -0.45
37 models [1] recycles 1 hard 0 soft 0.67 temp 1 loss 5.00 helix 1.34 pae 0.36 i_pae 0.39 con 2.09 i_con 3.13 plddt 0.57 ptm 0.82 i_ptm 0.50 rg -0.26
38 models [3] recycles 1 hard 0 soft 0.68 temp 1 loss 4.20 helix 1.35 pae 0.26 i_pae 0.27 con 1.98 i_con 2.70 plddt 0.51 ptm 0.86 i_ptm 0.67 rg -0.90
39 models [0] recycles 1 hard 0 soft 0.70 temp 1 loss 3.79 helix 1.43 pae 0.21 i_pae 0.21 con 1.87 i_con 2.34 plddt 0.54 ptm 0.88 i_ptm 0.75 rg -0.53
40 models [4] recycles 1 hard 0 soft 0.72 temp 1 loss 3.97 helix 1.37 pae 0.21 i_pae 0.21 con 1.79 i_con 2.38 plddt 0.58 ptm 0.88 i_ptm 0.75 rg 0.16
41 models [2] recycles 1 hard 0 soft 0.74 temp 1 loss 3.99 helix 1.35 pae 0.22 i_pae 0.21 con 1.92 i_con 2.30 plddt 0.59 ptm 0.88 i_ptm 0.74 rg 0.07
42 models [1] recycles 1 hard 0 soft 0.76 temp 1 loss 3.98 helix 1.43 pae 0.27 i_pae 0.28 con 1.80 i_con 2.67 plddt 0.51 ptm 0.86 i_ptm 0.64 rg -0.85
43 models [4] recycles 1 hard 0 soft 0.77 temp 1 loss 5.25 helix 1.14 pae 0.38 i_pae 0.40 con 2.44 i_con 3.10 plddt 0.52 ptm 0.82 i_ptm 0.50 rg -0.72
44 models [0] recycles 1 hard 0 soft 0.79 temp 1 loss 3.80 helix 1.57 pae 0.19 i_pae 0.19 con 1.83 i_con 2.37 plddt 0.54 ptm 0.88 i_ptm 0.77 rg -0.29
45 models [0] recycles 1 hard 0 soft 0.81 temp 1 loss 3.55 helix 1.50 pae 0.20 i_pae 0.19 con 1.83 i_con 2.22 plddt 0.53 ptm 0.88 i_ptm 0.77 rg -0.71
46 models [0] recycles 1 hard 0 soft 0.83 temp 1 loss 4.12 helix 1.29 pae 0.24 i_pae 0.23 con 2.01 i_con 2.40 plddt 0.54 ptm 0.87 i_ptm 0.70 rg -0.28
47 models [2] recycles 1 hard 0 soft 0.85 temp 1 loss 4.80 helix 1.25 pae 0.34 i_pae 0.37 con 1.94 i_con 3.07 plddt 0.62 ptm 0.82 i_ptm 0.53 rg -0.20
48 models [2] recycles 1 hard 0 soft 0.86 temp 1 loss 5.48 helix 1.15 pae 0.42 i_pae 0.46 con 2.28 i_con 3.35 plddt 0.59 ptm 0.80 i_ptm 0.43 rg -0.33
49 models [0] recycles 1 hard 0 soft 0.88 temp 1 loss 3.47 helix 1.41 pae 0.19 i_pae 0.17 con 1.74 i_con 2.04 plddt 0.57 ptm 0.89 i_ptm 0.79 rg -0.12
50 models [0] recycles 1 hard 0 soft 0.90 temp 1 loss 4.83 helix 1.31 pae 0.40 i_pae 0.48 con 1.87 i_con 3.26 plddt 0.57 ptm 0.80 i_ptm 0.44 rg -0.60
Initial trajectory pLDDT too low to continue: 0.58
Severe clashes detected, skipping analysis and MPNN optimisation

Starting trajectory took: 0 hours, 21 minutes, 5 seconds

Starting trajectory: EGFRd3_p2g0_l70_s247647
Stage 1: Test Logits
1 models [1] recycles 1 hard 0 soft 0.02 temp 1 loss 8.84 helix 1.48 pae 0.75 i_pae 0.74 con 4.52 i_con 4.30 plddt 0.31 ptm 0.73 i_ptm 0.17 rg -0.07
2 models [2] recycles 1 hard 0 soft 0.04 temp 1 loss 9.38 helix 1.05 pae 0.71 i_pae 0.70 con 4.33 i_con 3.87 plddt 0.35 ptm 0.74 i_ptm 0.21 rg 3.44
3 models [0] recycles 1 hard 0 soft 0.05 temp 1 loss 8.62 helix 1.16 pae 0.70 i_pae 0.70 con 4.24 i_con 4.27 plddt 0.33 ptm 0.74 i_ptm 0.20 rg -0.01
4 models [4] recycles 1 hard 0 soft 0.07 temp 1 loss 7.75 helix 1.14 pae 0.63 i_pae 0.64 con 3.88 i_con 3.88 plddt 0.38 ptm 0.75 i_ptm 0.25 rg -0.30
5 models [1] recycles 1 hard 0 soft 0.09 temp 1 loss 7.45 helix 1.05 pae 0.60 i_pae 0.62 con 3.59 i_con 3.86 plddt 0.45 ptm 0.75 i_ptm 0.26 rg -0.27
6 models [2] recycles 1 hard 0 soft 0.11 temp 1 loss 7.27 helix 0.97 pae 0.59 i_pae 0.62 con 3.49 i_con 3.77 plddt 0.48 ptm 0.74 i_ptm 0.26 rg -0.31
7 models [3] recycles 1 hard 0 soft 0.13 temp 1 loss 6.91 helix 1.09 pae 0.54 i_pae 0.56 con 3.22 i_con 3.75 plddt 0.53 ptm 0.76 i_ptm 0.31 rg -0.27
8 models [0] recycles 1 hard 0 soft 0.14 temp 1 loss 7.36 helix 1.13 pae 0.61 i_pae 0.65 con 3.22 i_con 4.24 plddt 0.48 ptm 0.73 i_ptm 0.23 rg -0.53
9 models [3] recycles 1 hard 0 soft 0.16 temp 1 loss 7.42 helix 1.15 pae 0.57 i_pae 0.60 con 3.34 i_con 3.98 plddt 0.48 ptm 0.75 i_ptm 0.29 rg 0.21
10 models [4] recycles 1 hard 0 soft 0.18 temp 1 loss 7.05 helix 1.20 pae 0.58 i_pae 0.63 con 3.04 i_con 4.12 plddt 0.50 ptm 0.75 i_ptm 0.26 rg -0.43
11 models [3] recycles 1 hard 0 soft 0.20 temp 1 loss 6.98 helix 1.29 pae 0.56 i_pae 0.60 con 3.02 i_con 4.03 plddt 0.52 ptm 0.75 i_ptm 0.27 rg -0.18
12 models [2] recycles 1 hard 0 soft 0.22 temp 1 loss 6.92 helix 1.31 pae 0.57 i_pae 0.61 con 3.08 i_con 4.07 plddt 0.51 ptm 0.75 i_ptm 0.27 rg -0.69
13 models [1] recycles 1 hard 0 soft 0.23 temp 1 loss 6.84 helix 1.48 pae 0.51 i_pae 0.53 con 2.95 i_con 3.90 plddt 0.55 ptm 0.78 i_ptm 0.34 rg 0.34
14 models [3] recycles 1 hard 0 soft 0.25 temp 1 loss 6.80 helix 1.33 pae 0.54 i_pae 0.57 con 2.94 i_con 4.00 plddt 0.54 ptm 0.76 i_ptm 0.30 rg -0.34
15 models [0] recycles 1 hard 0 soft 0.27 temp 1 loss 6.86 helix 1.38 pae 0.53 i_pae 0.57 con 3.01 i_con 4.08 plddt 0.53 ptm 0.76 i_ptm 0.30 rg -0.57
16 models [0] recycles 1 hard 0 soft 0.29 temp 1 loss 6.63 helix 1.52 pae 0.54 i_pae 0.59 con 2.79 i_con 4.10 plddt 0.55 ptm 0.75 i_ptm 0.29 rg -0.54
17 models [1] recycles 1 hard 0 soft 0.31 temp 1 loss 6.53 helix 1.45 pae 0.48 i_pae 0.50 con 2.85 i_con 3.86 plddt 0.56 ptm 0.78 i_ptm 0.37 rg -0.20
18 models [2] recycles 1 hard 0 soft 0.32 temp 1 loss 6.59 helix 1.38 pae 0.54 i_pae 0.57 con 2.88 i_con 3.91 plddt 0.54 ptm 0.76 i_ptm 0.30 rg -0.46
19 models [2] recycles 1 hard 0 soft 0.34 temp 1 loss 6.38 helix 1.48 pae 0.54 i_pae 0.57 con 2.76 i_con 3.83 plddt 0.56 ptm 0.75 i_ptm 0.27 rg -0.40
20 models [2] recycles 1 hard 0 soft 0.36 temp 1 loss 6.39 helix 1.51 pae 0.53 i_pae 0.58 con 2.71 i_con 3.89 plddt 0.58 ptm 0.75 i_ptm 0.28 rg -0.37
21 models [2] recycles 1 hard 0 soft 0.38 temp 1 loss 6.26 helix 1.55 pae 0.51 i_pae 0.56 con 2.67 i_con 3.84 plddt 0.60 ptm 0.76 i_ptm 0.31 rg -0.42
22 models [4] recycles 1 hard 0 soft 0.40 temp 1 loss 6.21 helix 1.51 pae 0.53 i_pae 0.58 con 2.55 i_con 3.87 plddt 0.59 ptm 0.75 i_ptm 0.27 rg -0.34
23 models [1] recycles 1 hard 0 soft 0.41 temp 1 loss 6.37 helix 1.46 pae 0.46 i_pae 0.49 con 2.69 i_con 3.81 plddt 0.58 ptm 0.78 i_ptm 0.38 rg 0.01
24 models [0] recycles 1 hard 0 soft 0.43 temp 1 loss 6.49 helix 1.39 pae 0.54 i_pae 0.60 con 2.58 i_con 4.11 plddt 0.60 ptm 0.74 i_ptm 0.25 rg -0.48
25 models [4] recycles 1 hard 0 soft 0.45 temp 1 loss 7.79 helix 1.12 pae 0.61 i_pae 0.63 con 3.69 i_con 3.94 plddt 0.43 ptm 0.75 i_ptm 0.26 rg 0.29
26 models [0] recycles 1 hard 0 soft 0.47 temp 1 loss 6.04 helix 1.55 pae 0.52 i_pae 0.59 con 2.32 i_con 3.95 plddt 0.64 ptm 0.74 i_ptm 0.24 rg -0.37
27 models [0] recycles 1 hard 0 soft 0.49 temp 1 loss 5.88 helix 1.55 pae 0.47 i_pae 0.51 con 2.49 i_con 3.63 plddt 0.61 ptm 0.77 i_ptm 0.34 rg -0.30
28 models [0] recycles 1 hard 0 soft 0.50 temp 1 loss 6.17 helix 1.47 pae 0.49 i_pae 0.53 con 2.51 i_con 3.88 plddt 0.61 ptm 0.76 i_ptm 0.31 rg -0.31
29 models [1] recycles 1 hard 0 soft 0.52 temp 1 loss 6.83 helix 1.37 pae 0.54 i_pae 0.59 con 3.10 i_con 3.94 plddt 0.52 ptm 0.76 i_ptm 0.28 rg -0.52
30 models [4] recycles 1 hard 0 soft 0.54 temp 1 loss 5.90 helix 1.43 pae 0.48 i_pae 0.53 con 2.44 i_con 3.70 plddt 0.65 ptm 0.77 i_ptm 0.33 rg -0.43
31 models [3] recycles 1 hard 0 soft 0.56 temp 1 loss 6.00 helix 1.47 pae 0.50 i_pae 0.56 con 2.38 i_con 3.86 plddt 0.65 ptm 0.76 i_ptm 0.28 rg -0.44
32 models [2] recycles 1 hard 0 soft 0.58 temp 1 loss 4.76 helix 1.53 pae 0.29 i_pae 0.28 con 2.27 i_con 2.73 plddt 0.78 ptm 0.85 i_ptm 0.64 rg 0.12
33 models [3] recycles 1 hard 0 soft 0.59 temp 1 loss 5.41 helix 1.54 pae 0.43 i_pae 0.47 con 2.23 i_con 3.36 plddt 0.71 ptm 0.79 i_ptm 0.42 rg 0.01
34 models [0] recycles 1 hard 0 soft 0.61 temp 1 loss 4.51 helix 1.52 pae 0.27 i_pae 0.25 con 2.40 i_con 2.34 plddt 0.76 ptm 0.87 i_ptm 0.72 rg 0.16
35 models [3] recycles 1 hard 0 soft 0.63 temp 1 loss 5.23 helix 1.52 pae 0.38 i_pae 0.45 con 2.08 i_con 3.32 plddt 0.77 ptm 0.79 i_ptm 0.44 rg 0.14
36 models [2] recycles 1 hard 0 soft 0.65 temp 1 loss 5.70 helix 1.46 pae 0.40 i_pae 0.45 con 2.39 i_con 3.44 plddt 0.72 ptm 0.79 i_ptm 0.44 rg 0.17
37 models [2] recycles 1 hard 0 soft 0.67 temp 1 loss 4.81 helix 1.64 pae 0.29 i_pae 0.28 con 2.37 i_con 2.70 plddt 0.76 ptm 0.85 i_ptm 0.66 rg 0.17
38 models [0] recycles 1 hard 0 soft 0.68 temp 1 loss 6.67 helix 1.19 pae 0.52 i_pae 0.56 con 2.99 i_con 3.72 plddt 0.54 ptm 0.76 i_ptm 0.30 rg -0.09
39 models [3] recycles 1 hard 0 soft 0.70 temp 1 loss 4.30 helix 1.70 pae 0.24 i_pae 0.23 con 2.12 i_con 2.46 plddt 0.80 ptm 0.88 i_ptm 0.75 rg 0.26
40 models [4] recycles 1 hard 0 soft 0.72 temp 1 loss 4.38 helix 1.59 pae 0.26 i_pae 0.24 con 2.38 i_con 2.28 plddt 0.76 ptm 0.87 i_ptm 0.72 rg 0.09
41 models [2] recycles 1 hard 0 soft 0.74 temp 1 loss 4.47 helix 1.69 pae 0.27 i_pae 0.24 con 2.44 i_con 2.27 plddt 0.77 ptm 0.87 i_ptm 0.76 rg 0.32
42 models [2] recycles 1 hard 0 soft 0.76 temp 1 loss 4.08 helix 1.72 pae 0.24 i_pae 0.22 con 2.14 i_con 2.29 plddt 0.81 ptm 0.88 i_ptm 0.78 rg 0.08
43 models [2] recycles 1 hard 0 soft 0.77 temp 1 loss 3.80 helix 1.85 pae 0.22 i_pae 0.20 con 2.00 i_con 2.17 plddt 0.83 ptm 0.88 i_ptm 0.79 rg 0.14
44 models [4] recycles 1 hard 0 soft 0.79 temp 1 loss 4.86 helix 1.77 pae 0.33 i_pae 0.31 con 2.34 i_con 2.73 plddt 0.75 ptm 0.84 i_ptm 0.59 rg 0.38
45 models [2] recycles 1 hard 0 soft 0.81 temp 1 loss 5.67 helix 1.67 pae 0.49 i_pae 0.58 con 2.10 i_con 3.84 plddt 0.72 ptm 0.75 i_ptm 0.30 rg -0.29
46 models [2] recycles 1 hard 0 soft 0.83 temp 1 loss 3.77 helix 1.74 pae 0.22 i_pae 0.19 con 2.05 i_con 2.05 plddt 0.83 ptm 0.89 i_ptm 0.82 rg 0.18
47 models [2] recycles 1 hard 0 soft 0.85 temp 1 loss 3.72 helix 1.78 pae 0.22 i_pae 0.19 con 2.05 i_con 2.00 plddt 0.83 ptm 0.89 i_ptm 0.82 rg 0.23
48 models [1] recycles 1 hard 0 soft 0.86 temp 1 loss 4.22 helix 1.61 pae 0.25 i_pae 0.23 con 2.21 i_con 2.32 plddt 0.78 ptm 0.88 i_ptm 0.76 rg 0.05
49 models [4] recycles 1 hard 0 soft 0.88 temp 1 loss 3.76 helix 1.69 pae 0.23 i_pae 0.20 con 2.04 i_con 2.03 plddt 0.81 ptm 0.89 i_ptm 0.83 rg 0.21
50 models [0] recycles 1 hard 0 soft 0.90 temp 1 loss 3.68 helix 1.70 pae 0.21 i_pae 0.19 con 1.96 i_con 2.14 plddt 0.83 ptm 0.89 i_ptm 0.81 rg -0.10
Initial trajectory pLDDT good, continuing: 0.83
Stage 2: Softmax Optimisation
51 models [1] recycles 1 hard 0 soft 1 temp 0.92 loss 7.14 helix 1.10 pae 0.54 i_pae 0.53 con 3.88 i_con 2.91 plddt 0.45 ptm 0.79 i_ptm 0.52 rg 1.12
52 models [0] recycles 1 hard 0 soft 1 temp 0.85 loss 4.78 helix 1.43 pae 0.29 i_pae 0.26 con 2.58 i_con 2.37 plddt 0.71 ptm 0.86 i_ptm 0.74 rg 0.28
53 models [0] recycles 1 hard 0 soft 1 temp 0.78 loss 4.70 helix 1.44 pae 0.29 i_pae 0.26 con 2.57 i_con 2.33 plddt 0.72 ptm 0.86 i_ptm 0.73 rg 0.16
54 models [3] recycles 1 hard 0 soft 1 temp 0.71 loss 3.82 helix 1.62 pae 0.21 i_pae 0.19 con 2.03 i_con 2.10 plddt 0.83 ptm 0.89 i_ptm 0.82 rg 0.18
55 models [3] recycles 1 hard 0 soft 1 temp 0.64 loss 3.84 helix 1.69 pae 0.23 i_pae 0.20 con 2.07 i_con 2.02 plddt 0.81 ptm 0.89 i_ptm 0.82 rg 0.36
56 models [2] recycles 1 hard 0 soft 1 temp 0.58 loss 4.33 helix 1.70 pae 0.26 i_pae 0.24 con 2.15 i_con 2.45 plddt 0.79 ptm 0.86 i_ptm 0.71 rg 0.24
57 models [2] recycles 1 hard 0 soft 1 temp 0.52 loss 3.82 helix 1.77 pae 0.22 i_pae 0.20 con 1.99 i_con 2.18 plddt 0.83 ptm 0.89 i_ptm 0.80 rg 0.17
58 models [0] recycles 1 hard 0 soft 1 temp 0.47 loss 4.19 helix 1.57 pae 0.24 i_pae 0.23 con 2.14 i_con 2.36 plddt 0.79 ptm 0.87 i_ptm 0.74 rg 0.02
59 models [1] recycles 1 hard 0 soft 1 temp 0.42 loss 3.93 helix 1.79 pae 0.23 i_pae 0.21 con 1.94 i_con 2.33 plddt 0.82 ptm 0.88 i_ptm 0.77 rg 0.19
60 models [0] recycles 1 hard 0 soft 1 temp 0.37 loss 3.67 helix 1.92 pae 0.21 i_pae 0.19 con 1.89 i_con 2.13 plddt 0.84 ptm 0.88 i_ptm 0.79 rg 0.32
61 models [2] recycles 1 hard 0 soft 1 temp 0.32 loss 8.06 helix 1.17 pae 0.65 i_pae 0.68 con 3.77 i_con 4.31 plddt 0.40 ptm 0.74 i_ptm 0.22 rg -0.33
62 models [3] recycles 1 hard 0 soft 1 temp 0.28 loss 7.23 helix 1.20 pae 0.57 i_pae 0.62 con 3.30 i_con 4.07 plddt 0.51 ptm 0.75 i_ptm 0.26 rg -0.54
63 models [1] recycles 1 hard 0 soft 1 temp 0.24 loss 6.64 helix 1.26 pae 0.52 i_pae 0.51 con 3.69 i_con 2.74 plddt 0.46 ptm 0.79 i_ptm 0.61 rg 0.83
64 models [1] recycles 1 hard 0 soft 1 temp 0.20 loss 6.95 helix 1.23 pae 0.53 i_pae 0.54 con 3.69 i_con 3.08 plddt 0.46 ptm 0.78 i_ptm 0.46 rg 0.66
65 models [4] recycles 1 hard 0 soft 1 temp 0.17 loss 6.27 helix 1.42 pae 0.52 i_pae 0.48 con 3.75 i_con 2.21 plddt 0.47 ptm 0.80 i_ptm 0.75 rg 1.40
66 models [2] recycles 1 hard 0 soft 1 temp 0.14 loss 7.94 helix 1.39 pae 0.65 i_pae 0.68 con 3.83 i_con 4.04 plddt 0.39 ptm 0.74 i_ptm 0.23 rg 0.18
67 models [0] recycles 1 hard 0 soft 1 temp 0.11 loss 5.72 helix 1.73 pae 0.50 i_pae 0.60 con 1.94 i_con 4.08 plddt 0.71 ptm 0.74 i_ptm 0.24 rg -0.34
68 models [0] recycles 1 hard 0 soft 1 temp 0.09 loss 7.51 helix 1.23 pae 0.57 i_pae 0.59 con 3.70 i_con 3.57 plddt 0.44 ptm 0.76 i_ptm 0.31 rg 0.79
69 models [1] recycles 1 hard 0 soft 1 temp 0.07 loss 6.32 helix 1.40 pae 0.49 i_pae 0.47 con 3.65 i_con 2.45 plddt 0.49 ptm 0.81 i_ptm 0.67 rg 1.09
70 models [2] recycles 1 hard 0 soft 1 temp 0.05 loss 7.93 helix 1.42 pae 0.66 i_pae 0.68 con 3.81 i_con 4.04 plddt 0.38 ptm 0.74 i_ptm 0.23 rg 0.22
71 models [0] recycles 1 hard 0 soft 1 temp 0.04 loss 6.66 helix 1.39 pae 0.53 i_pae 0.52 con 3.71 i_con 2.86 plddt 0.46 ptm 0.78 i_ptm 0.59 rg 0.59
72 models [1] recycles 1 hard 0 soft 1 temp 0.02 loss 5.94 helix 1.40 pae 0.43 i_pae 0.40 con 3.49 i_con 2.30 plddt 0.56 ptm 0.83 i_ptm 0.78 rg 1.03
73 models [2] recycles 1 hard 0 soft 1 temp 0.02 loss 8.54 helix 1.49 pae 0.69 i_pae 0.72 con 3.89 i_con 4.47 plddt 0.36 ptm 0.73 i_ptm 0.20 rg 0.55
74 models [3] recycles 1 hard 0 soft 1 temp 0.01 loss 6.86 helix 1.38 pae 0.56 i_pae 0.54 con 3.72 i_con 2.95 plddt 0.44 ptm 0.78 i_ptm 0.50 rg 0.83
75 models [0] recycles 1 hard 0 soft 1 temp 0.01 loss 3.87 helix 1.83 pae 0.23 i_pae 0.22 con 1.89 i_con 2.31 plddt 0.81 ptm 0.88 i_ptm 0.76 rg 0.26
Softmax trajectory pLDDT good, continuing: 0.84
Stage 3: One-hot Optimisation
76 models [0] recycles 1 hard 1 soft 1 temp 0.01 loss 3.66 helix 1.87 pae 0.21 i_pae 0.19 con 1.92 i_con 2.11 plddt 0.81 ptm 0.89 i_ptm 0.80 rg 0.22
77 models [4] recycles 1 hard 1 soft 1 temp 0.01 loss 3.87 helix 1.79 pae 0.22 i_pae 0.19 con 2.15 i_con 1.98 plddt 0.78 ptm 0.89 i_ptm 0.83 rg 0.45
78 models [0] recycles 1 hard 1 soft 1 temp 0.01 loss 3.66 helix 1.87 pae 0.21 i_pae 0.19 con 1.92 i_con 2.11 plddt 0.81 ptm 0.89 i_ptm 0.80 rg 0.22
One-hot trajectory pLDDT good, continuing: 0.81
Stage 4: PSSM Semigreedy Optimisation
Running semigreedy optimization...
79 models [0] recycles 1 hard 1 soft 0 temp 1 loss 5.07 helix 1.85 pae 0.42 i_pae 0.48 con 1.91 i_con 3.45 plddt 0.71 ptm 0.78 i_ptm 0.36 rg -0.06
80 models [1] recycles 1 hard 1 soft 0 temp 1 loss 3.71 helix 1.88 pae 0.21 i_pae 0.18 con 2.10 i_con 1.98 plddt 0.78 ptm 0.90 i_ptm 0.82 rg 0.21
81 models [3] recycles 1 hard 1 soft 0 temp 1 loss 5.56 helix 1.53 pae 0.43 i_pae 0.41 con 3.39 i_con 2.17 plddt 0.52 ptm 0.83 i_ptm 0.76 rg 0.63
82 models [2] recycles 1 hard 1 soft 0 temp 1 loss 6.18 helix 1.51 pae 0.49 i_pae 0.51 con 2.94 i_con 3.45 plddt 0.53 ptm 0.78 i_ptm 0.38 rg -0.23
83 models [2] recycles 1 hard 1 soft 0 temp 1 loss 5.56 helix 1.52 pae 0.42 i_pae 0.41 con 2.85 i_con 2.94 plddt 0.57 ptm 0.82 i_ptm 0.54 rg -0.14
Trajectory successful, final pLDDT: 0.81
Starting trajectory took: 0 hours, 33 minutes, 42 seconds

Fixing interface residues: B17,B18,B19,B20,B41,B47,B51,B54,B55,B57,B58,B59,B60,B61,B62,B66,B67,B68
Base AF2 filters not passed for EGFRd3_p2g0_l70_s247647_mpnn1, skipping interface scoring
Base AF2 filters not passed for EGFRd3_p2g0_l70_s247647_mpnn2, skipping interface scoring
Base AF2 filters not passed for EGFRd3_p2g0_l70_s247647_mpnn3, skipping interface scoring
Base AF2 filters not passed for EGFRd3_p2g0_l70_s247647_mpnn4, skipping interface scoring
Base AF2 filters not passed for EGFRd3_p2g0_l70_s247647_mpnn5, skipping interface scoring
Unmet filter conditions for EGFRd3_p2g0_l70_s247647_mpnn6
Base AF2 filters not passed for EGFRd3_p2g0_l70_s247647_mpnn7, skipping interface scoring
Base AF2 filters not passed for EGFRd3_p2g0_l70_s247647_mpnn8, skipping interface scoring
No accepted MPNN designs found for this trajectory.

Design and validation of trajectory EGFRd3_p2g0_l70_s247647 took: 0 hours, 7 minutes, 4 seconds
Starting trajectory: EGFRd3_p2g0_l70_s699087
Stage 1: Test Logits
1 models [4] recycles 1 hard 0 soft 0.02 temp 1 loss 8.89 helix 1.12 pae 0.74 i_pae 0.72 con 4.58 i_con 4.31 plddt 0.29 ptm 0.73 i_ptm 0.18 rg -0.46
2 models [1] recycles 1 hard 0 soft 0.04 temp 1 loss 9.44 helix 1.44 pae 0.73 i_pae 0.72 con 4.68 i_con 4.02 plddt 0.32 ptm 0.74 i_ptm 0.19 rg 2.34
3 models [1] recycles 1 hard 0 soft 0.05 temp 1 loss 8.71 helix 1.02 pae 0.68 i_pae 0.68 con 4.26 i_con 4.05 plddt 0.35 ptm 0.74 i_ptm 0.21 rg 0.84
4 models [4] recycles 1 hard 0 soft 0.07 temp 1 loss 9.04 helix 0.83 pae 0.71 i_pae 0.71 con 4.35 i_con 4.30 plddt 0.33 ptm 0.72 i_ptm 0.17 rg 0.60
5 models [4] recycles 1 hard 0 soft 0.09 temp 1 loss 8.39 helix 0.94 pae 0.67 i_pae 0.67 con 4.21 i_con 4.05 plddt 0.34 ptm 0.74 i_ptm 0.22 rg -0.07
6 models [4] recycles 1 hard 0 soft 0.11 temp 1 loss 8.08 helix 1.13 pae 0.67 i_pae 0.67 con 4.13 i_con 3.93 plddt 0.33 ptm 0.74 i_ptm 0.22 rg -0.26
7 models [3] recycles 1 hard 0 soft 0.13 temp 1 loss 7.63 helix 1.16 pae 0.63 i_pae 0.62 con 3.81 i_con 3.78 plddt 0.40 ptm 0.76 i_ptm 0.28 rg -0.05
8 models [4] recycles 1 hard 0 soft 0.14 temp 1 loss 7.62 helix 1.07 pae 0.60 i_pae 0.62 con 3.70 i_con 3.84 plddt 0.42 ptm 0.75 i_ptm 0.28 rg 0.04
9 models [0] recycles 1 hard 0 soft 0.16 temp 1 loss 7.18 helix 1.21 pae 0.55 i_pae 0.61 con 3.38 i_con 3.95 plddt 0.48 ptm 0.76 i_ptm 0.30 rg -0.49
10 models [3] recycles 1 hard 0 soft 0.18 temp 1 loss 7.14 helix 1.32 pae 0.57 i_pae 0.60 con 3.46 i_con 3.84 plddt 0.45 ptm 0.76 i_ptm 0.30 rg -0.46
11 models [1] recycles 1 hard 0 soft 0.20 temp 1 loss 7.21 helix 1.36 pae 0.59 i_pae 0.61 con 3.59 i_con 3.72 plddt 0.45 ptm 0.76 i_ptm 0.29 rg -0.26
12 models [1] recycles 1 hard 0 soft 0.22 temp 1 loss 6.54 helix 1.51 pae 0.49 i_pae 0.54 con 3.14 i_con 3.67 plddt 0.54 ptm 0.78 i_ptm 0.37 rg -0.46
13 models [2] recycles 1 hard 0 soft 0.23 temp 1 loss 6.68 helix 1.42 pae 0.54 i_pae 0.57 con 3.22 i_con 3.64 plddt 0.51 ptm 0.76 i_ptm 0.33 rg -0.37
14 models [4] recycles 1 hard 0 soft 0.25 temp 1 loss 6.43 helix 1.37 pae 0.53 i_pae 0.57 con 3.07 i_con 3.60 plddt 0.52 ptm 0.76 i_ptm 0.33 rg -0.58
15 models [1] recycles 1 hard 0 soft 0.27 temp 1 loss 6.36 helix 1.41 pae 0.52 i_pae 0.57 con 3.01 i_con 3.57 plddt 0.53 ptm 0.77 i_ptm 0.35 rg -0.48
16 models [2] recycles 1 hard 0 soft 0.29 temp 1 loss 4.25 helix 1.81 pae 0.27 i_pae 0.27 con 2.30 i_con 2.37 plddt 0.75 ptm 0.88 i_ptm 0.77 rg -0.16
17 models [4] recycles 1 hard 0 soft 0.31 temp 1 loss 7.37 helix 1.32 pae 0.62 i_pae 0.68 con 3.26 i_con 4.28 plddt 0.47 ptm 0.74 i_ptm 0.22 rg -0.59
18 models [2] recycles 1 hard 0 soft 0.32 temp 1 loss 7.17 helix 1.33 pae 0.62 i_pae 0.67 con 3.11 i_con 4.28 plddt 0.48 ptm 0.73 i_ptm 0.22 rg -0.72
19 models [2] recycles 1 hard 0 soft 0.34 temp 1 loss 5.43 helix 1.61 pae 0.38 i_pae 0.39 con 2.60 i_con 3.15 plddt 0.66 ptm 0.82 i_ptm 0.55 rg -0.28
20 models [1] recycles 1 hard 0 soft 0.36 temp 1 loss 4.39 helix 1.90 pae 0.27 i_pae 0.28 con 2.26 i_con 2.62 plddt 0.75 ptm 0.87 i_ptm 0.71 rg -0.32
21 models [0] recycles 1 hard 0 soft 0.38 temp 1 loss 5.54 helix 1.68 pae 0.36 i_pae 0.39 con 2.41 i_con 3.24 plddt 0.68 ptm 0.82 i_ptm 0.53 rg 0.52
22 models [0] recycles 1 hard 0 soft 0.40 temp 1 loss 5.65 helix 1.61 pae 0.37 i_pae 0.36 con 2.88 i_con 2.84 plddt 0.65 ptm 0.84 i_ptm 0.62 rg 0.61
23 models [2] recycles 1 hard 0 soft 0.41 temp 1 loss 4.22 helix 1.92 pae 0.27 i_pae 0.26 con 2.31 i_con 2.39 plddt 0.75 ptm 0.87 i_ptm 0.75 rg -0.27
24 models [1] recycles 1 hard 0 soft 0.43 temp 1 loss 5.47 helix 1.48 pae 0.34 i_pae 0.34 con 2.87 i_con 2.84 plddt 0.66 ptm 0.84 i_ptm 0.62 rg -0.09
25 models [3] recycles 1 hard 0 soft 0.45 temp 1 loss 3.67 helix 2.07 pae 0.23 i_pae 0.22 con 2.14 i_con 2.08 plddt 0.78 ptm 0.90 i_ptm 0.84 rg -0.25
26 models [2] recycles 1 hard 0 soft 0.47 temp 1 loss 4.56 helix 1.78 pae 0.28 i_pae 0.29 con 2.33 i_con 2.67 plddt 0.73 ptm 0.86 i_ptm 0.72 rg -0.31
27 models [3] recycles 1 hard 0 soft 0.49 temp 1 loss 7.28 helix 1.38 pae 0.60 i_pae 0.66 con 3.34 i_con 4.15 plddt 0.47 ptm 0.74 i_ptm 0.26 rg -0.63
28 models [1] recycles 1 hard 0 soft 0.50 temp 1 loss 4.44 helix 1.83 pae 0.27 i_pae 0.27 con 2.41 i_con 2.39 plddt 0.72 ptm 0.88 i_ptm 0.75 rg 0.06
29 models [3] recycles 1 hard 0 soft 0.52 temp 1 loss 3.84 helix 2.04 pae 0.23 i_pae 0.23 con 2.07 i_con 2.30 plddt 0.79 ptm 0.89 i_ptm 0.81 rg -0.20
30 models [1] recycles 1 hard 0 soft 0.54 temp 1 loss 3.75 helix 2.03 pae 0.22 i_pae 0.21 con 2.07 i_con 2.24 plddt 0.79 ptm 0.89 i_ptm 0.80 rg -0.29
31 models [4] recycles 1 hard 0 soft 0.56 temp 1 loss 3.93 helix 1.87 pae 0.24 i_pae 0.23 con 2.08 i_con 2.32 plddt 0.78 ptm 0.88 i_ptm 0.80 rg -0.21
32 models [0] recycles 1 hard 0 soft 0.58 temp 1 loss 6.65 helix 1.34 pae 0.51 i_pae 0.56 con 3.01 i_con 3.87 plddt 0.52 ptm 0.76 i_ptm 0.33 rg -0.57
33 models [3] recycles 1 hard 0 soft 0.59 temp 1 loss 3.91 helix 1.94 pae 0.23 i_pae 0.22 con 2.16 i_con 2.20 plddt 0.78 ptm 0.89 i_ptm 0.80 rg -0.08
34 models [0] recycles 1 hard 0 soft 0.61 temp 1 loss 4.83 helix 1.80 pae 0.32 i_pae 0.35 con 2.18 i_con 3.08 plddt 0.70 ptm 0.83 i_ptm 0.58 rg -0.34
35 models [0] recycles 1 hard 0 soft 0.63 temp 1 loss 5.07 helix 1.72 pae 0.35 i_pae 0.39 con 2.29 i_con 3.10 plddt 0.70 ptm 0.82 i_ptm 0.54 rg -0.12
36 models [4] recycles 1 hard 0 soft 0.65 temp 1 loss 5.77 helix 1.62 pae 0.44 i_pae 0.49 con 2.54 i_con 3.52 plddt 0.62 ptm 0.78 i_ptm 0.41 rg -0.35
37 models [3] recycles 1 hard 0 soft 0.67 temp 1 loss 4.09 helix 1.86 pae 0.25 i_pae 0.24 con 2.25 i_con 2.25 plddt 0.76 ptm 0.88 i_ptm 0.78 rg -0.06
38 models [3] recycles 1 hard 0 soft 0.68 temp 1 loss 4.82 helix 1.73 pae 0.30 i_pae 0.30 con 2.48 i_con 2.69 plddt 0.71 ptm 0.87 i_ptm 0.70 rg -0.08
39 models [0] recycles 1 hard 0 soft 0.70 temp 1 loss 5.20 helix 1.71 pae 0.36 i_pae 0.37 con 2.53 i_con 3.02 plddt 0.65 ptm 0.83 i_ptm 0.56 rg -0.22
40 models [2] recycles 1 hard 0 soft 0.72 temp 1 loss 5.03 helix 1.64 pae 0.32 i_pae 0.31 con 2.73 i_con 2.59 plddt 0.69 ptm 0.86 i_ptm 0.67 rg -0.03
41 models [4] recycles 1 hard 0 soft 0.74 temp 1 loss 4.92 helix 1.69 pae 0.31 i_pae 0.30 con 2.57 i_con 2.67 plddt 0.70 ptm 0.86 i_ptm 0.67 rg -0.06
42 models [1] recycles 1 hard 0 soft 0.76 temp 1 loss 5.32 helix 1.55 pae 0.34 i_pae 0.33 con 2.68 i_con 2.89 plddt 0.67 ptm 0.85 i_ptm 0.62 rg -0.05
43 models [0] recycles 1 hard 0 soft 0.77 temp 1 loss 4.78 helix 1.73 pae 0.29 i_pae 0.31 con 2.40 i_con 2.80 plddt 0.71 ptm 0.86 i_ptm 0.68 rg -0.31
44 models [1] recycles 1 hard 0 soft 0.79 temp 1 loss 5.12 helix 1.63 pae 0.30 i_pae 0.31 con 2.53 i_con 2.88 plddt 0.70 ptm 0.86 i_ptm 0.67 rg 0.01
45 models [3] recycles 1 hard 0 soft 0.81 temp 1 loss 4.07 helix 1.94 pae 0.25 i_pae 0.23 con 2.21 i_con 2.29 plddt 0.77 ptm 0.88 i_ptm 0.76 rg -0.02
46 models [2] recycles 1 hard 0 soft 0.83 temp 1 loss 4.35 helix 1.80 pae 0.26 i_pae 0.25 con 2.34 i_con 2.44 plddt 0.75 ptm 0.87 i_ptm 0.73 rg -0.20
47 models [2] recycles 1 hard 0 soft 0.85 temp 1 loss 7.34 helix 1.31 pae 0.64 i_pae 0.71 con 3.25 i_con 4.31 plddt 0.47 ptm 0.73 i_ptm 0.20 rg -0.84
48 models [3] recycles 1 hard 0 soft 0.86 temp 1 loss 6.95 helix 1.44 pae 0.59 i_pae 0.65 con 2.99 i_con 4.20 plddt 0.47 ptm 0.75 i_ptm 0.25 rg -0.67
49 models [0] recycles 1 hard 0 soft 0.88 temp 1 loss 7.23 helix 1.25 pae 0.59 i_pae 0.59 con 3.68 i_con 3.58 plddt 0.43 ptm 0.76 i_ptm 0.32 rg -0.12
50 models [3] recycles 1 hard 0 soft 0.90 temp 1 loss 6.90 helix 1.37 pae 0.59 i_pae 0.63 con 3.20 i_con 3.93 plddt 0.47 ptm 0.75 i_ptm 0.26 rg -0.65
Initial trajectory pLDDT good, continuing: 0.78
Stage 2: Softmax Optimisation
51 models [0] recycles 1 hard 0 soft 1 temp 0.92 loss 7.28 helix 1.27 pae 0.58 i_pae 0.61 con 3.46 i_con 3.93 plddt 0.46 ptm 0.75 i_ptm 0.29 rg -0.37
52 models [4] recycles 1 hard 0 soft 1 temp 0.85 loss 7.18 helix 1.30 pae 0.60 i_pae 0.63 con 3.38 i_con 3.89 plddt 0.46 ptm 0.75 i_ptm 0.27 rg -0.32
53 models [1] recycles 1 hard 0 soft 1 temp 0.78 loss 6.20 helix 1.45 pae 0.46 i_pae 0.50 con 2.88 i_con 3.51 plddt 0.59 ptm 0.79 i_ptm 0.43 rg -0.21
54 models [4] recycles 1 hard 0 soft 1 temp 0.71 loss 6.36 helix 1.46 pae 0.50 i_pae 0.55 con 2.86 i_con 3.73 plddt 0.56 ptm 0.77 i_ptm 0.35 rg -0.39
55 models [1] recycles 1 hard 0 soft 1 temp 0.64 loss 4.79 helix 1.89 pae 0.30 i_pae 0.32 con 2.16 i_con 3.07 plddt 0.73 ptm 0.84 i_ptm 0.62 rg -0.22
56 models [0] recycles 1 hard 0 soft 1 temp 0.58 loss 5.26 helix 1.83 pae 0.36 i_pae 0.42 con 2.18 i_con 3.45 plddt 0.70 ptm 0.80 i_ptm 0.50 rg -0.24
57 models [4] recycles 1 hard 0 soft 1 temp 0.52 loss 4.90 helix 1.92 pae 0.32 i_pae 0.35 con 2.20 i_con 3.15 plddt 0.72 ptm 0.83 i_ptm 0.56 rg -0.33
58 models [2] recycles 1 hard 0 soft 1 temp 0.47 loss 4.43 helix 1.98 pae 0.27 i_pae 0.27 con 2.15 i_con 2.78 plddt 0.76 ptm 0.86 i_ptm 0.68 rg -0.28
59 models [2] recycles 1 hard 0 soft 1 temp 0.42 loss 4.52 helix 1.86 pae 0.28 i_pae 0.29 con 2.26 i_con 2.70 plddt 0.75 ptm 0.86 i_ptm 0.67 rg -0.22
60 models [1] recycles 1 hard 0 soft 1 temp 0.37 loss 4.36 helix 1.89 pae 0.26 i_pae 0.25 con 2.32 i_con 2.46 plddt 0.74 ptm 0.87 i_ptm 0.72 rg -0.07
61 models [1] recycles 1 hard 0 soft 1 temp 0.32 loss 4.32 helix 2.00 pae 0.26 i_pae 0.26 con 2.13 i_con 2.65 plddt 0.75 ptm 0.87 i_ptm 0.70 rg -0.13
62 models [0] recycles 1 hard 0 soft 1 temp 0.28 loss 4.38 helix 2.03 pae 0.27 i_pae 0.27 con 2.19 i_con 2.66 plddt 0.75 ptm 0.86 i_ptm 0.69 rg -0.14
63 models [0] recycles 1 hard 0 soft 1 temp 0.24 loss 4.42 helix 1.94 pae 0.27 i_pae 0.28 con 2.24 i_con 2.60 plddt 0.73 ptm 0.86 i_ptm 0.69 rg -0.06
64 models [4] recycles 1 hard 0 soft 1 temp 0.20 loss 4.46 helix 1.95 pae 0.28 i_pae 0.29 con 2.16 i_con 2.74 plddt 0.75 ptm 0.86 i_ptm 0.67 rg -0.14
65 models [0] recycles 1 hard 0 soft 1 temp 0.17 loss 6.70 helix 1.64 pae 0.57 i_pae 0.66 con 2.53 i_con 4.46 plddt 0.56 ptm 0.74 i_ptm 0.22 rg -0.59
66 models [3] recycles 1 hard 0 soft 1 temp 0.14 loss 4.20 helix 1.92 pae 0.26 i_pae 0.25 con 2.21 i_con 2.45 plddt 0.76 ptm 0.87 i_ptm 0.71 rg -0.17
67 models [3] recycles 1 hard 0 soft 1 temp 0.11 loss 4.02 helix 2.10 pae 0.24 i_pae 0.23 con 2.05 i_con 2.48 plddt 0.79 ptm 0.88 i_ptm 0.74 rg -0.10
68 models [4] recycles 1 hard 0 soft 1 temp 0.09 loss 4.20 helix 2.07 pae 0.25 i_pae 0.26 con 2.06 i_con 2.64 plddt 0.78 ptm 0.87 i_ptm 0.71 rg -0.17
69 models [3] recycles 1 hard 0 soft 1 temp 0.07 loss 4.04 helix 2.06 pae 0.24 i_pae 0.25 con 1.98 i_con 2.58 plddt 0.79 ptm 0.87 i_ptm 0.72 rg -0.21
70 models [1] recycles 1 hard 0 soft 1 temp 0.05 loss 3.28 helix 2.20 pae 0.19 i_pae 0.18 con 1.85 i_con 2.01 plddt 0.83 ptm 0.90 i_ptm 0.83 rg -0.13
71 models [1] recycles 1 hard 0 soft 1 temp 0.04 loss 4.47 helix 1.74 pae 0.24 i_pae 0.24 con 2.24 i_con 2.58 plddt 0.76 ptm 0.88 i_ptm 0.75 rg 0.04
72 models [0] recycles 1 hard 0 soft 1 temp 0.02 loss 4.08 helix 2.01 pae 0.24 i_pae 0.25 con 2.04 i_con 2.55 plddt 0.78 ptm 0.87 i_ptm 0.73 rg -0.20
73 models [0] recycles 1 hard 0 soft 1 temp 0.02 loss 4.79 helix 1.80 pae 0.28 i_pae 0.31 con 2.22 i_con 2.98 plddt 0.73 ptm 0.85 i_ptm 0.64 rg -0.20
74 models [3] recycles 1 hard 0 soft 1 temp 0.01 loss 3.83 helix 2.09 pae 0.23 i_pae 0.23 con 1.96 i_con 2.42 plddt 0.80 ptm 0.88 i_ptm 0.74 rg -0.22
75 models [4] recycles 1 hard 0 soft 1 temp 0.01 loss 4.29 helix 1.99 pae 0.25 i_pae 0.26 con 2.03 i_con 2.76 plddt 0.78 ptm 0.87 i_ptm 0.71 rg -0.22
Softmax trajectory pLDDT good, continuing: 0.83
Stage 3: One-hot Optimisation
76 models [0] recycles 1 hard 1 soft 1 temp 0.01 loss 4.05 helix 2.02 pae 0.23 i_pae 0.24 con 2.01 i_con 2.53 plddt 0.76 ptm 0.88 i_ptm 0.75 rg -0.13
77 models [0] recycles 1 hard 1 soft 1 temp 0.01 loss 4.05 helix 2.02 pae 0.23 i_pae 0.24 con 2.01 i_con 2.53 plddt 0.76 ptm 0.88 i_ptm 0.75 rg -0.13
78 models [1] recycles 1 hard 1 soft 1 temp 0.01 loss 6.25 helix 1.47 pae 0.44 i_pae 0.48 con 3.03 i_con 3.48 plddt 0.55 ptm 0.80 i_ptm 0.44 rg -0.38
One-hot trajectory pLDDT good, continuing: 0.76
Stage 4: PSSM Semigreedy Optimisation
Running semigreedy optimization...
79 models [2] recycles 1 hard 1 soft 0 temp 1 loss 4.13 helix 2.02 pae 0.24 i_pae 0.24 con 2.05 i_con 2.57 plddt 0.76 ptm 0.87 i_ptm 0.74 rg -0.15
80 models [3] recycles 1 hard 1 soft 0 temp 1 loss 3.88 helix 2.12 pae 0.23 i_pae 0.23 con 2.01 i_con 2.38 plddt 0.77 ptm 0.88 i_ptm 0.74 rg -0.05
81 models [0] recycles 1 hard 1 soft 0 temp 1 loss 4.78 helix 1.90 pae 0.28 i_pae 0.30 con 2.22 i_con 2.96 plddt 0.70 ptm 0.85 i_ptm 0.65 rg -0.06
82 models [3] recycles 1 hard 1 soft 0 temp 1 loss 3.95 helix 2.07 pae 0.24 i_pae 0.22 con 2.14 i_con 2.29 plddt 0.75 ptm 0.88 i_ptm 0.74 rg -0.03
83 models [4] recycles 1 hard 1 soft 0 temp 1 loss 4.71 helix 2.23 pae 0.32 i_pae 0.36 con 1.96 i_con 3.30 plddt 0.73 ptm 0.82 i_ptm 0.51 rg -0.31
Trajectory successful, final pLDDT: 0.77
Starting trajectory took: 0 hours, 33 minutes, 25 seconds

Fixing interface residues: B1,B11,B27,B28,B30,B33,B34,B36,B37,B39,B40,B41,B42,B43,B44,B45,B47,B48,B50,B51,B53,B54,B55,B58,B59,B60,B61,B63,B64,B65,B66,B67
Base AF2 filters not passed for EGFRd3_p2g0_l70_s699087_mpnn1, skipping interface scoring
Base AF2 filters not passed for EGFRd3_p2g0_l70_s699087_mpnn2, skipping interface scoring
Base AF2 filters not passed for EGFRd3_p2g0_l70_s699087_mpnn3, skipping interface scoring
Base AF2 filters not passed for EGFRd3_p2g0_l70_s699087_mpnn4, skipping interface scoring
Base AF2 filters not passed for EGFRd3_p2g0_l70_s699087_mpnn5, skipping interface scoring
Base AF2 filters not passed for EGFRd3_p2g0_l70_s699087_mpnn6, skipping interface scoring
Base AF2 filters not passed for EGFRd3_p2g0_l70_s699087_mpnn7, skipping interface scoring
Base AF2 filters not passed for EGFRd3_p2g0_l70_s699087_mpnn8, skipping interface scoring
No accepted MPNN designs found for this trajectory.

Design and validation of trajectory EGFRd3_p2g0_l70_s699087 took: 0 hours, 3 minutes, 39 seconds
Starting trajectory: EGFRd3_p2g0_l73_s582983
Stage 1: Test Logits
1 models [0] recycles 1 hard 0 soft 0.02 temp 1 loss 9.41 helix 1.22 pae 0.79 i_pae 0.80 con 4.40 i_con 4.60 plddt 0.28 ptm 0.71 i_ptm 0.14 rg 0.90
2 models [3] recycles 1 hard 0 soft 0.04 temp 1 loss 11.46 helix 1.49 pae 0.82 i_pae 0.83 con 4.55 i_con 4.36 plddt 0.28 ptm 0.72 i_ptm 0.13 rg 8.24
3 models [4] recycles 1 hard 0 soft 0.05 temp 1 loss 11.16 helix 0.94 pae 0.75 i_pae 0.76 con 4.90 i_con 4.09 plddt 0.40 ptm 0.72 i_ptm 0.16 rg 6.57
4 models [1] recycles 1 hard 0 soft 0.07 temp 1 loss 8.97 helix 1.25 pae 0.74 i_pae 0.74 con 4.30 i_con 4.42 plddt 0.33 ptm 0.72 i_ptm 0.18 rg 0.49
5 models [3] recycles 1 hard 0 soft 0.09 temp 1 loss 8.73 helix 0.95 pae 0.69 i_pae 0.70 con 4.12 i_con 4.29 plddt 0.37 ptm 0.73 i_ptm 0.21 rg 0.50
6 models [1] recycles 1 hard 0 soft 0.11 temp 1 loss 7.91 helix 0.95 pae 0.67 i_pae 0.69 con 3.78 i_con 4.12 plddt 0.40 ptm 0.73 i_ptm 0.21 rg -0.45
7 models [0] recycles 1 hard 0 soft 0.13 temp 1 loss 7.86 helix 0.88 pae 0.65 i_pae 0.71 con 3.45 i_con 4.31 plddt 0.46 ptm 0.72 i_ptm 0.19 rg -0.22
8 models [1] recycles 1 hard 0 soft 0.14 temp 1 loss 7.09 helix 0.91 pae 0.51 i_pae 0.52 con 3.27 i_con 3.49 plddt 0.58 ptm 0.77 i_ptm 0.35 rg 0.92
9 models [2] recycles 1 hard 0 soft 0.16 temp 1 loss 7.45 helix 0.97 pae 0.63 i_pae 0.65 con 3.55 i_con 3.89 plddt 0.47 ptm 0.73 i_ptm 0.24 rg -0.36
10 models [0] recycles 1 hard 0 soft 0.18 temp 1 loss 6.86 helix 0.92 pae 0.50 i_pae 0.50 con 3.19 i_con 3.37 plddt 0.58 ptm 0.77 i_ptm 0.35 rg 0.85
11 models [0] recycles 1 hard 0 soft 0.20 temp 1 loss 6.72 helix 0.95 pae 0.50 i_pae 0.52 con 3.03 i_con 3.47 plddt 0.60 ptm 0.76 i_ptm 0.34 rg 0.59
12 models [2] recycles 1 hard 0 soft 0.22 temp 1 loss 6.53 helix 0.97 pae 0.52 i_pae 0.53 con 2.79 i_con 3.54 plddt 0.64 ptm 0.76 i_ptm 0.32 rg 0.52
13 models [0] recycles 1 hard 0 soft 0.23 temp 1 loss 6.12 helix 1.12 pae 0.47 i_pae 0.49 con 2.61 i_con 3.33 plddt 0.64 ptm 0.78 i_ptm 0.38 rg 0.71
14 models [1] recycles 1 hard 0 soft 0.25 temp 1 loss 6.69 helix 1.02 pae 0.50 i_pae 0.47 con 3.27 i_con 3.11 plddt 0.58 ptm 0.79 i_ptm 0.43 rg 0.96
15 models [1] recycles 1 hard 0 soft 0.27 temp 1 loss 6.24 helix 0.97 pae 0.44 i_pae 0.41 con 2.95 i_con 3.03 plddt 0.64 ptm 0.81 i_ptm 0.48 rg 0.92
16 models [1] recycles 1 hard 0 soft 0.29 temp 1 loss 6.17 helix 1.14 pae 0.43 i_pae 0.41 con 2.91 i_con 3.02 plddt 0.63 ptm 0.81 i_ptm 0.49 rg 1.02
17 models [1] recycles 1 hard 0 soft 0.31 temp 1 loss 6.41 helix 1.01 pae 0.43 i_pae 0.41 con 3.15 i_con 2.93 plddt 0.63 ptm 0.81 i_ptm 0.53 rg 1.18
18 models [0] recycles 1 hard 0 soft 0.32 temp 1 loss 5.60 helix 1.20 pae 0.35 i_pae 0.31 con 2.71 i_con 2.66 plddt 0.70 ptm 0.84 i_ptm 0.61 rg 1.24
19 models [3] recycles 1 hard 0 soft 0.34 temp 1 loss 6.31 helix 1.14 pae 0.49 i_pae 0.49 con 2.94 i_con 3.30 plddt 0.61 ptm 0.78 i_ptm 0.39 rg 0.32
20 models [3] recycles 1 hard 0 soft 0.36 temp 1 loss 6.85 helix 1.20 pae 0.60 i_pae 0.65 con 2.99 i_con 3.99 plddt 0.50 ptm 0.74 i_ptm 0.23 rg -0.54
21 models [2] recycles 1 hard 0 soft 0.38 temp 1 loss 6.33 helix 1.27 pae 0.52 i_pae 0.54 con 2.73 i_con 3.44 plddt 0.63 ptm 0.76 i_ptm 0.34 rg 0.71
22 models [1] recycles 1 hard 0 soft 0.40 temp 1 loss 5.42 helix 1.24 pae 0.36 i_pae 0.33 con 2.45 i_con 2.84 plddt 0.73 ptm 0.83 i_ptm 0.57 rg 0.92
23 models [3] recycles 1 hard 0 soft 0.41 temp 1 loss 5.68 helix 1.35 pae 0.46 i_pae 0.47 con 2.37 i_con 3.41 plddt 0.69 ptm 0.77 i_ptm 0.37 rg 0.04
24 models [1] recycles 1 hard 0 soft 0.43 temp 1 loss 5.25 helix 1.28 pae 0.35 i_pae 0.33 con 2.39 i_con 2.81 plddt 0.73 ptm 0.83 i_ptm 0.57 rg 0.73
25 models [1] recycles 1 hard 0 soft 0.45 temp 1 loss 5.47 helix 1.26 pae 0.36 i_pae 0.35 con 2.57 i_con 2.84 plddt 0.70 ptm 0.83 i_ptm 0.58 rg 0.70
26 models [4] recycles 1 hard 0 soft 0.47 temp 1 loss 6.19 helix 1.17 pae 0.53 i_pae 0.57 con 2.56 i_con 3.65 plddt 0.62 ptm 0.75 i_ptm 0.29 rg -0.04
27 models [1] recycles 1 hard 0 soft 0.49 temp 1 loss 5.66 helix 1.25 pae 0.38 i_pae 0.38 con 2.60 i_con 2.99 plddt 0.71 ptm 0.82 i_ptm 0.52 rg 0.67
28 models [4] recycles 1 hard 0 soft 0.50 temp 1 loss 5.73 helix 1.13 pae 0.41 i_pae 0.41 con 2.45 i_con 3.17 plddt 0.70 ptm 0.80 i_ptm 0.47 rg 0.60
29 models [2] recycles 1 hard 0 soft 0.52 temp 1 loss 5.36 helix 1.26 pae 0.36 i_pae 0.35 con 2.59 i_con 2.79 plddt 0.73 ptm 0.82 i_ptm 0.62 rg 0.45
30 models [0] recycles 1 hard 0 soft 0.54 temp 1 loss 4.95 helix 1.30 pae 0.30 i_pae 0.28 con 2.47 i_con 2.53 plddt 0.74 ptm 0.85 i_ptm 0.69 rg 0.50
31 models [0] recycles 1 hard 0 soft 0.56 temp 1 loss 4.95 helix 1.31 pae 0.30 i_pae 0.29 con 2.57 i_con 2.46 plddt 0.74 ptm 0.85 i_ptm 0.73 rg 0.44
32 models [2] recycles 1 hard 0 soft 0.58 temp 1 loss 4.89 helix 1.35 pae 0.31 i_pae 0.31 con 2.30 i_con 2.71 plddt 0.78 ptm 0.83 i_ptm 0.67 rg 0.28
33 models [4] recycles 1 hard 0 soft 0.59 temp 1 loss 4.62 helix 1.54 pae 0.29 i_pae 0.28 con 2.13 i_con 2.70 plddt 0.78 ptm 0.85 i_ptm 0.65 rg 0.24
34 models [4] recycles 1 hard 0 soft 0.61 temp 1 loss 4.70 helix 1.40 pae 0.30 i_pae 0.29 con 2.27 i_con 2.58 plddt 0.77 ptm 0.85 i_ptm 0.73 rg 0.27
35 models [3] recycles 1 hard 0 soft 0.63 temp 1 loss 4.86 helix 1.45 pae 0.31 i_pae 0.32 con 2.17 i_con 2.81 plddt 0.79 ptm 0.84 i_ptm 0.64 rg 0.39
36 models [0] recycles 1 hard 0 soft 0.65 temp 1 loss 4.84 helix 1.23 pae 0.30 i_pae 0.28 con 2.43 i_con 2.43 plddt 0.75 ptm 0.85 i_ptm 0.73 rg 0.53
37 models [4] recycles 1 hard 0 soft 0.67 temp 1 loss 5.17 helix 1.29 pae 0.35 i_pae 0.35 con 2.35 i_con 2.87 plddt 0.74 ptm 0.83 i_ptm 0.64 rg 0.39
38 models [4] recycles 1 hard 0 soft 0.68 temp 1 loss 4.99 helix 1.38 pae 0.32 i_pae 0.33 con 2.23 i_con 2.85 plddt 0.76 ptm 0.83 i_ptm 0.62 rg 0.41
39 models [2] recycles 1 hard 0 soft 0.70 temp 1 loss 4.86 helix 1.22 pae 0.30 i_pae 0.27 con 2.41 i_con 2.36 plddt 0.77 ptm 0.86 i_ptm 0.74 rg 0.91
40 models [1] recycles 1 hard 0 soft 0.72 temp 1 loss 4.17 helix 1.46 pae 0.26 i_pae 0.24 con 2.09 i_con 2.22 plddt 0.81 ptm 0.88 i_ptm 0.80 rg 0.48
41 models [3] recycles 1 hard 0 soft 0.74 temp 1 loss 4.77 helix 1.51 pae 0.29 i_pae 0.28 con 2.12 i_con 2.71 plddt 0.80 ptm 0.86 i_ptm 0.66 rg 0.69
42 models [3] recycles 1 hard 0 soft 0.76 temp 1 loss 5.52 helix 1.30 pae 0.41 i_pae 0.38 con 2.93 i_con 2.61 plddt 0.62 ptm 0.82 i_ptm 0.69 rg 0.37
43 models [3] recycles 1 hard 0 soft 0.77 temp 1 loss 6.35 helix 1.36 pae 0.60 i_pae 0.70 con 2.21 i_con 4.18 plddt 0.67 ptm 0.73 i_ptm 0.20 rg -0.07
44 models [2] recycles 1 hard 0 soft 0.79 temp 1 loss 5.60 helix 1.38 pae 0.44 i_pae 0.45 con 2.60 i_con 3.06 plddt 0.69 ptm 0.79 i_ptm 0.51 rg 0.27
45 models [1] recycles 1 hard 0 soft 0.81 temp 1 loss 4.56 helix 1.51 pae 0.30 i_pae 0.30 con 2.18 i_con 2.50 plddt 0.77 ptm 0.85 i_ptm 0.74 rg 0.50
46 models [3] recycles 1 hard 0 soft 0.83 temp 1 loss 4.13 helix 1.56 pae 0.24 i_pae 0.21 con 1.99 i_con 2.30 plddt 0.84 ptm 0.88 i_ptm 0.77 rg 0.55
47 models [0] recycles 1 hard 0 soft 0.85 temp 1 loss 7.32 helix 1.34 pae 0.67 i_pae 0.74 con 3.09 i_con 4.40 plddt 0.47 ptm 0.72 i_ptm 0.19 rg -0.65
48 models [4] recycles 1 hard 0 soft 0.86 temp 1 loss 7.20 helix 1.16 pae 0.64 i_pae 0.64 con 3.77 i_con 3.47 plddt 0.40 ptm 0.74 i_ptm 0.37 rg -0.36
49 models [0] recycles 1 hard 0 soft 0.88 temp 1 loss 7.29 helix 1.39 pae 0.67 i_pae 0.73 con 3.11 i_con 4.29 plddt 0.48 ptm 0.72 i_ptm 0.18 rg -0.42
50 models [1] recycles 1 hard 0 soft 0.90 temp 1 loss 6.54 helix 1.21 pae 0.53 i_pae 0.53 con 3.27 i_con 3.07 plddt 0.58 ptm 0.78 i_ptm 0.50 rg 0.80
Initial trajectory pLDDT good, continuing: 0.84
Stage 2: Softmax Optimisation
51 models [1] recycles 1 hard 0 soft 1 temp 0.92 loss 8.66 helix 1.08 pae 0.71 i_pae 0.73 con 3.91 i_con 4.37 plddt 0.36 ptm 0.72 i_ptm 0.18 rg 0.79
52 models [1] recycles 1 hard 0 soft 1 temp 0.85 loss 5.75 helix 1.50 pae 0.48 i_pae 0.54 con 2.24 i_con 3.67 plddt 0.70 ptm 0.77 i_ptm 0.35 rg -0.05
53 models [3] recycles 1 hard 0 soft 1 temp 0.78 loss 6.79 helix 1.42 pae 0.60 i_pae 0.67 con 2.80 i_con 4.20 plddt 0.54 ptm 0.73 i_ptm 0.22 rg -0.60
54 models [0] recycles 1 hard 0 soft 1 temp 0.71 loss 5.04 helix 1.39 pae 0.34 i_pae 0.36 con 2.18 i_con 2.95 plddt 0.75 ptm 0.82 i_ptm 0.56 rg 0.36
55 models [4] recycles 1 hard 0 soft 1 temp 0.64 loss 5.53 helix 1.54 pae 0.48 i_pae 0.55 con 2.04 i_con 3.62 plddt 0.73 ptm 0.75 i_ptm 0.32 rg 0.13
56 models [4] recycles 1 hard 0 soft 1 temp 0.58 loss 6.02 helix 1.42 pae 0.55 i_pae 0.63 con 2.26 i_con 3.89 plddt 0.68 ptm 0.74 i_ptm 0.24 rg -0.20
57 models [4] recycles 1 hard 0 soft 1 temp 0.52 loss 4.58 helix 1.59 pae 0.30 i_pae 0.31 con 2.00 i_con 2.79 plddt 0.81 ptm 0.84 i_ptm 0.62 rg 0.27
58 models [4] recycles 1 hard 0 soft 1 temp 0.47 loss 4.93 helix 1.60 pae 0.35 i_pae 0.38 con 2.04 i_con 3.04 plddt 0.78 ptm 0.81 i_ptm 0.53 rg 0.38
59 models [2] recycles 1 hard 0 soft 1 temp 0.42 loss 5.50 helix 1.44 pae 0.45 i_pae 0.51 con 2.18 i_con 3.41 plddt 0.75 ptm 0.77 i_ptm 0.38 rg 0.18
60 models [4] recycles 1 hard 0 soft 1 temp 0.37 loss 4.92 helix 1.59 pae 0.34 i_pae 0.37 con 1.95 i_con 3.13 plddt 0.79 ptm 0.82 i_ptm 0.53 rg 0.33
61 models [3] recycles 1 hard 0 soft 1 temp 0.32 loss 4.96 helix 1.60 pae 0.36 i_pae 0.39 con 1.93 i_con 3.20 plddt 0.79 ptm 0.81 i_ptm 0.48 rg 0.29
62 models [0] recycles 1 hard 0 soft 1 temp 0.28 loss 4.47 helix 1.58 pae 0.27 i_pae 0.27 con 2.07 i_con 2.62 plddt 0.80 ptm 0.86 i_ptm 0.68 rg 0.28
63 models [3] recycles 1 hard 0 soft 1 temp 0.24 loss 6.16 helix 1.57 pae 0.59 i_pae 0.69 con 2.09 i_con 4.26 plddt 0.71 ptm 0.73 i_ptm 0.18 rg -0.30
64 models [1] recycles 1 hard 0 soft 1 temp 0.20 loss 4.59 helix 1.57 pae 0.32 i_pae 0.34 con 1.94 i_con 2.92 plddt 0.80 ptm 0.83 i_ptm 0.59 rg -0.00
65 models [1] recycles 1 hard 0 soft 1 temp 0.17 loss 4.78 helix 1.50 pae 0.33 i_pae 0.34 con 2.09 i_con 2.84 plddt 0.78 ptm 0.83 i_ptm 0.60 rg 0.32
66 models [1] recycles 1 hard 0 soft 1 temp 0.14 loss 4.57 helix 1.58 pae 0.30 i_pae 0.30 con 2.01 i_con 2.78 plddt 0.80 ptm 0.84 i_ptm 0.62 rg 0.20
67 models [2] recycles 1 hard 0 soft 1 temp 0.11 loss 5.27 helix 1.45 pae 0.43 i_pae 0.49 con 2.06 i_con 3.34 plddt 0.77 ptm 0.78 i_ptm 0.40 rg 0.09
68 models [3] recycles 1 hard 0 soft 1 temp 0.09 loss 7.29 helix 1.50 pae 0.62 i_pae 0.69 con 3.04 i_con 4.21 plddt 0.51 ptm 0.73 i_ptm 0.21 rg 0.29
69 models [4] recycles 1 hard 0 soft 1 temp 0.07 loss 4.82 helix 1.61 pae 0.36 i_pae 0.39 con 1.94 i_con 3.16 plddt 0.79 ptm 0.80 i_ptm 0.49 rg -0.08
70 models [0] recycles 1 hard 0 soft 1 temp 0.05 loss 4.31 helix 1.56 pae 0.25 i_pae 0.24 con 1.97 i_con 2.43 plddt 0.81 ptm 0.87 i_ptm 0.72 rg 0.75
71 models [3] recycles 1 hard 0 soft 1 temp 0.04 loss 7.24 helix 1.46 pae 0.63 i_pae 0.70 con 3.03 i_con 4.23 plddt 0.52 ptm 0.73 i_ptm 0.20 rg 0.02
72 models [3] recycles 1 hard 0 soft 1 temp 0.02 loss 7.20 helix 1.47 pae 0.61 i_pae 0.67 con 3.06 i_con 4.15 plddt 0.51 ptm 0.74 i_ptm 0.22 rg 0.09
73 models [3] recycles 1 hard 0 soft 1 temp 0.02 loss 5.67 helix 1.70 pae 0.53 i_pae 0.62 con 1.97 i_con 3.89 plddt 0.76 ptm 0.74 i_ptm 0.25 rg -0.06
74 models [2] recycles 1 hard 0 soft 1 temp 0.01 loss 5.86 helix 1.65 pae 0.54 i_pae 0.63 con 2.04 i_con 3.96 plddt 0.76 ptm 0.74 i_ptm 0.24 rg 0.04
75 models [4] recycles 1 hard 0 soft 1 temp 0.01 loss 5.75 helix 1.60 pae 0.51 i_pae 0.59 con 2.09 i_con 3.84 plddt 0.73 ptm 0.75 i_ptm 0.28 rg -0.10
Softmax trajectory pLDDT good, continuing: 0.81
Stage 3: One-hot Optimisation
76 models [0] recycles 1 hard 1 soft 1 temp 0.01 loss 4.30 helix 1.65 pae 0.25 i_pae 0.23 con 1.97 i_con 2.44 plddt 0.79 ptm 0.87 i_ptm 0.73 rg 0.77
77 models [3] recycles 1 hard 1 soft 1 temp 0.01 loss 7.11 helix 1.56 pae 0.61 i_pae 0.67 con 2.96 i_con 4.14 plddt 0.48 ptm 0.74 i_ptm 0.22 rg 0.28
78 models [3] recycles 1 hard 1 soft 1 temp 0.01 loss 7.11 helix 1.65 pae 0.61 i_pae 0.70 con 2.86 i_con 4.28 plddt 0.50 ptm 0.73 i_ptm 0.20 rg 0.18
One-hot trajectory pLDDT good, continuing: 0.79
Stage 4: PSSM Semigreedy Optimisation
Running semigreedy optimization...
79 models [3] recycles 1 hard 1 soft 0 temp 1 loss 7.22 helix 1.58 pae 0.62 i_pae 0.70 con 3.01 i_con 4.25 plddt 0.47 ptm 0.73 i_ptm 0.20 rg 0.09
80 models [0] recycles 1 hard 1 soft 0 temp 1 loss 4.20 helix 1.74 pae 0.24 i_pae 0.22 con 1.93 i_con 2.42 plddt 0.80 ptm 0.88 i_ptm 0.73 rg 0.74
81 models [1] recycles 1 hard 1 soft 0 temp 1 loss 4.39 helix 1.72 pae 0.29 i_pae 0.30 con 1.92 i_con 2.71 plddt 0.80 ptm 0.85 i_ptm 0.65 rg 0.32
82 models [3] recycles 1 hard 1 soft 0 temp 1 loss 5.37 helix 1.67 pae 0.47 i_pae 0.56 con 1.95 i_con 3.61 plddt 0.73 ptm 0.77 i_ptm 0.34 rg 0.03
83 models [4] recycles 1 hard 1 soft 0 temp 1 loss 5.35 helix 1.54 pae 0.41 i_pae 0.46 con 2.16 i_con 3.32 plddt 0.70 ptm 0.79 i_ptm 0.43 rg 0.21
Trajectory successful, final pLDDT: 0.8
Starting trajectory took: 0 hours, 35 minutes, 13 seconds

Fixing interface residues: B1,B2,B3,B4,B5,B6,B7,B8,B9,B11,B12,B13,B15,B16,B18,B19,B22,B51,B53
Base AF2 filters not passed for EGFRd3_p2g0_l73_s582983_mpnn1, skipping interface scoring
Base AF2 filters not passed for EGFRd3_p2g0_l73_s582983_mpnn2, skipping interface scoring
Base AF2 filters not passed for EGFRd3_p2g0_l73_s582983_mpnn3, skipping interface scoring
Base AF2 filters not passed for EGFRd3_p2g0_l73_s582983_mpnn4, skipping interface scoring
Base AF2 filters not passed for EGFRd3_p2g0_l73_s582983_mpnn5, skipping interface scoring
Base AF2 filters not passed for EGFRd3_p2g0_l73_s582983_mpnn6, skipping interface scoring
Base AF2 filters not passed for EGFRd3_p2g0_l73_s582983_mpnn7, skipping interface scoring
Base AF2 filters not passed for EGFRd3_p2g0_l73_s582983_mpnn8, skipping interface scoring
No accepted MPNN designs found for this trajectory.

Design and validation of trajectory EGFRd3_p2g0_l73_s582983 took: 0 hours, 3 minutes, 48 seconds
Starting trajectory: EGFRd3_p2g0_l61_s908262
Stage 1: Test Logits
1 models [3] recycles 1 hard 0 soft 0.02 temp 1 loss 13.28 helix 1.72 pae 0.81 i_pae 0.80 con 4.61 i_con 4.31 plddt 0.28 ptm 0.75 i_ptm 0.15 rg 14.50
2 models [2] recycles 1 hard 0 soft 0.04 temp 1 loss 12.13 helix 0.86 pae 0.74 i_pae 0.75 con 4.80 i_con 4.10 plddt 0.43 ptm 0.74 i_ptm 0.17 rg 10.07
3 models [3] recycles 1 hard 0 soft 0.05 temp 1 loss 10.37 helix 1.51 pae 0.74 i_pae 0.72 con 4.41 i_con 4.15 plddt 0.27 ptm 0.75 i_ptm 0.19 rg 5.97
4 models [1] recycles 1 hard 0 soft 0.07 temp 1 loss 9.86 helix 1.70 pae 0.73 i_pae 0.73 con 4.35 i_con 4.32 plddt 0.30 ptm 0.76 i_ptm 0.18 rg 4.05
5 models [3] recycles 1 hard 0 soft 0.09 temp 1 loss 8.72 helix 1.40 pae 0.67 i_pae 0.65 con 4.16 i_con 4.08 plddt 0.32 ptm 0.76 i_ptm 0.24 rg 1.52
6 models [1] recycles 1 hard 0 soft 0.11 temp 1 loss 8.79 helix 1.65 pae 0.71 i_pae 0.72 con 4.01 i_con 4.32 plddt 0.36 ptm 0.75 i_ptm 0.18 rg 1.65
7 models [3] recycles 1 hard 0 soft 0.13 temp 1 loss 8.49 helix 1.35 pae 0.69 i_pae 0.69 con 4.07 i_con 4.08 plddt 0.34 ptm 0.75 i_ptm 0.21 rg 0.97
8 models [3] recycles 1 hard 0 soft 0.14 temp 1 loss 7.99 helix 1.62 pae 0.66 i_pae 0.66 con 3.87 i_con 4.23 plddt 0.34 ptm 0.76 i_ptm 0.22 rg -0.20
9 models [1] recycles 1 hard 0 soft 0.16 temp 1 loss 7.65 helix 1.59 pae 0.66 i_pae 0.67 con 3.68 i_con 4.11 plddt 0.39 ptm 0.76 i_ptm 0.22 rg -0.32
10 models [0] recycles 1 hard 0 soft 0.18 temp 1 loss 8.02 helix 1.45 pae 0.66 i_pae 0.69 con 3.69 i_con 4.34 plddt 0.39 ptm 0.75 i_ptm 0.21 rg 0.00
11 models [3] recycles 1 hard 0 soft 0.20 temp 1 loss 7.48 helix 1.48 pae 0.64 i_pae 0.65 con 3.68 i_con 3.94 plddt 0.39 ptm 0.76 i_ptm 0.24 rg -0.38
12 models [3] recycles 1 hard 0 soft 0.22 temp 1 loss 7.63 helix 1.37 pae 0.65 i_pae 0.66 con 3.71 i_con 3.98 plddt 0.39 ptm 0.76 i_ptm 0.22 rg -0.25
13 models [4] recycles 1 hard 0 soft 0.23 temp 1 loss 7.66 helix 1.41 pae 0.65 i_pae 0.66 con 3.73 i_con 3.84 plddt 0.39 ptm 0.76 i_ptm 0.24 rg 0.31
14 models [1] recycles 1 hard 0 soft 0.25 temp 1 loss 7.68 helix 1.45 pae 0.67 i_pae 0.69 con 3.71 i_con 3.91 plddt 0.43 ptm 0.75 i_ptm 0.20 rg 0.20
15 models [3] recycles 1 hard 0 soft 0.27 temp 1 loss 7.33 helix 1.42 pae 0.64 i_pae 0.64 con 3.63 i_con 3.73 plddt 0.42 ptm 0.76 i_ptm 0.24 rg -0.07
16 models [1] recycles 1 hard 0 soft 0.29 temp 1 loss 7.40 helix 1.59 pae 0.63 i_pae 0.66 con 3.44 i_con 4.14 plddt 0.43 ptm 0.76 i_ptm 0.23 rg -0.39
17 models [0] recycles 1 hard 0 soft 0.31 temp 1 loss 7.16 helix 1.59 pae 0.60 i_pae 0.64 con 3.30 i_con 4.11 plddt 0.46 ptm 0.76 i_ptm 0.24 rg -0.56
18 models [3] recycles 1 hard 0 soft 0.32 temp 1 loss 7.22 helix 1.41 pae 0.61 i_pae 0.63 con 3.49 i_con 3.96 plddt 0.43 ptm 0.76 i_ptm 0.25 rg -0.68
19 models [3] recycles 1 hard 0 soft 0.34 temp 1 loss 7.24 helix 1.47 pae 0.62 i_pae 0.65 con 3.47 i_con 3.99 plddt 0.44 ptm 0.76 i_ptm 0.24 rg -0.60
20 models [1] recycles 1 hard 0 soft 0.36 temp 1 loss 7.11 helix 1.51 pae 0.62 i_pae 0.65 con 3.34 i_con 4.02 plddt 0.46 ptm 0.76 i_ptm 0.22 rg -0.68
21 models [3] recycles 1 hard 0 soft 0.38 temp 1 loss 7.24 helix 1.52 pae 0.63 i_pae 0.65 con 3.45 i_con 3.96 plddt 0.44 ptm 0.76 i_ptm 0.24 rg -0.43
22 models [4] recycles 1 hard 0 soft 0.40 temp 1 loss 7.16 helix 1.54 pae 0.59 i_pae 0.62 con 3.44 i_con 3.92 plddt 0.46 ptm 0.76 i_ptm 0.27 rg -0.42
23 models [4] recycles 1 hard 0 soft 0.41 temp 1 loss 6.96 helix 1.67 pae 0.59 i_pae 0.64 con 3.08 i_con 4.07 plddt 0.50 ptm 0.76 i_ptm 0.24 rg -0.25
24 models [4] recycles 1 hard 0 soft 0.43 temp 1 loss 6.92 helix 1.75 pae 0.59 i_pae 0.64 con 3.06 i_con 4.02 plddt 0.51 ptm 0.76 i_ptm 0.23 rg -0.07
25 models [0] recycles 1 hard 0 soft 0.45 temp 1 loss 6.50 helix 1.91 pae 0.55 i_pae 0.61 con 2.74 i_con 3.95 plddt 0.56 ptm 0.76 i_ptm 0.25 rg 0.07
26 models [0] recycles 1 hard 0 soft 0.47 temp 1 loss 6.18 helix 2.14 pae 0.56 i_pae 0.62 con 2.53 i_con 3.84 plddt 0.61 ptm 0.76 i_ptm 0.24 rg 0.32
27 models [1] recycles 1 hard 0 soft 0.49 temp 1 loss 5.93 helix 2.21 pae 0.54 i_pae 0.60 con 2.54 i_con 3.78 plddt 0.60 ptm 0.77 i_ptm 0.25 rg -0.29
28 models [3] recycles 1 hard 0 soft 0.50 temp 1 loss 5.99 helix 2.06 pae 0.55 i_pae 0.60 con 2.63 i_con 3.64 plddt 0.61 ptm 0.77 i_ptm 0.27 rg -0.06
29 models [3] recycles 1 hard 0 soft 0.52 temp 1 loss 5.73 helix 2.25 pae 0.52 i_pae 0.56 con 2.43 i_con 3.59 plddt 0.65 ptm 0.77 i_ptm 0.28 rg 0.17
30 models [0] recycles 1 hard 0 soft 0.54 temp 1 loss 6.27 helix 2.11 pae 0.55 i_pae 0.62 con 2.46 i_con 3.98 plddt 0.62 ptm 0.76 i_ptm 0.24 rg 0.34
31 models [4] recycles 1 hard 0 soft 0.56 temp 1 loss 6.35 helix 1.87 pae 0.55 i_pae 0.61 con 2.68 i_con 3.90 plddt 0.59 ptm 0.76 i_ptm 0.25 rg -0.10
32 models [2] recycles 1 hard 0 soft 0.58 temp 1 loss 6.31 helix 1.95 pae 0.51 i_pae 0.57 con 2.59 i_con 3.73 plddt 0.64 ptm 0.77 i_ptm 0.30 rg 0.83
33 models [2] recycles 1 hard 0 soft 0.59 temp 1 loss 5.87 helix 2.16 pae 0.40 i_pae 0.45 con 2.36 i_con 3.58 plddt 0.72 ptm 0.80 i_ptm 0.44 rg 1.07
34 models [2] recycles 1 hard 0 soft 0.61 temp 1 loss 6.02 helix 2.02 pae 0.43 i_pae 0.48 con 2.48 i_con 3.57 plddt 0.70 ptm 0.79 i_ptm 0.40 rg 1.00
35 models [2] recycles 1 hard 0 soft 0.63 temp 1 loss 5.66 helix 2.09 pae 0.36 i_pae 0.39 con 2.40 i_con 3.32 plddt 0.73 ptm 0.82 i_ptm 0.52 rg 1.09
36 models [1] recycles 1 hard 0 soft 0.65 temp 1 loss 5.23 helix 2.17 pae 0.31 i_pae 0.33 con 2.28 i_con 3.06 plddt 0.76 ptm 0.85 i_ptm 0.59 rg 1.12
37 models [2] recycles 1 hard 0 soft 0.67 temp 1 loss 4.52 helix 2.35 pae 0.22 i_pae 0.22 con 2.04 i_con 2.66 plddt 0.84 ptm 0.88 i_ptm 0.78 rg 1.30
38 models [0] recycles 1 hard 0 soft 0.68 temp 1 loss 5.25 helix 2.26 pae 0.32 i_pae 0.36 con 2.09 i_con 3.29 plddt 0.76 ptm 0.83 i_ptm 0.53 rg 1.11
39 models [1] recycles 1 hard 0 soft 0.70 temp 1 loss 5.42 helix 2.26 pae 0.36 i_pae 0.41 con 2.18 i_con 3.40 plddt 0.75 ptm 0.82 i_ptm 0.50 rg 0.93
40 models [2] recycles 1 hard 0 soft 0.72 temp 1 loss 5.29 helix 2.05 pae 0.28 i_pae 0.28 con 2.35 i_con 3.03 plddt 0.78 ptm 0.86 i_ptm 0.68 rg 1.19
41 models [0] recycles 1 hard 0 soft 0.74 temp 1 loss 5.07 helix 2.38 pae 0.27 i_pae 0.30 con 2.09 i_con 3.18 plddt 0.79 ptm 0.85 i_ptm 0.62 rg 1.10
42 models [3] recycles 1 hard 0 soft 0.76 temp 1 loss 4.80 helix 2.14 pae 0.22 i_pae 0.22 con 2.26 i_con 2.68 plddt 0.81 ptm 0.89 i_ptm 0.76 rg 1.18
43 models [0] recycles 1 hard 0 soft 0.77 temp 1 loss 5.31 helix 2.13 pae 0.29 i_pae 0.31 con 2.25 i_con 3.17 plddt 0.76 ptm 0.85 i_ptm 0.61 rg 1.12
44 models [1] recycles 1 hard 0 soft 0.79 temp 1 loss 4.67 helix 2.19 pae 0.23 i_pae 0.24 con 2.06 i_con 2.76 plddt 0.81 ptm 0.88 i_ptm 0.73 rg 1.17
45 models [0] recycles 1 hard 0 soft 0.81 temp 1 loss 5.06 helix 2.17 pae 0.26 i_pae 0.28 con 2.19 i_con 3.03 plddt 0.78 ptm 0.86 i_ptm 0.67 rg 1.11
46 models [2] recycles 1 hard 0 soft 0.83 temp 1 loss 5.04 helix 2.06 pae 0.25 i_pae 0.26 con 2.30 i_con 2.86 plddt 0.80 ptm 0.88 i_ptm 0.73 rg 1.14
47 models [3] recycles 1 hard 0 soft 0.85 temp 1 loss 5.89 helix 2.04 pae 0.47 i_pae 0.52 con 2.43 i_con 3.55 plddt 0.67 ptm 0.79 i_ptm 0.35 rg 0.74
48 models [0] recycles 1 hard 0 soft 0.86 temp 1 loss 4.70 helix 2.05 pae 0.22 i_pae 0.23 con 2.04 i_con 2.80 plddt 0.83 ptm 0.88 i_ptm 0.73 rg 1.10
49 models [4] recycles 1 hard 0 soft 0.88 temp 1 loss 5.13 helix 1.82 pae 0.25 i_pae 0.26 con 2.28 i_con 2.89 plddt 0.80 ptm 0.87 i_ptm 0.71 rg 1.16
50 models [4] recycles 1 hard 0 soft 0.90 temp 1 loss 4.31 helix 2.16 pae 0.19 i_pae 0.20 con 1.95 i_con 2.54 plddt 0.86 ptm 0.89 i_ptm 0.79 rg 1.15
Initial trajectory pLDDT good, continuing: 0.86
Stage 2: Softmax Optimisation
51 models [1] recycles 1 hard 0 soft 1 temp 0.92 loss 8.03 helix 1.19 pae 0.68 i_pae 0.70 con 3.78 i_con 4.36 plddt 0.40 ptm 0.75 i_ptm 0.19 rg -0.66
52 models [4] recycles 1 hard 0 soft 1 temp 0.85 loss 6.93 helix 1.70 pae 0.59 i_pae 0.68 con 2.70 i_con 4.17 plddt 0.55 ptm 0.75 i_ptm 0.22 rg 0.59
53 models [1] recycles 1 hard 0 soft 1 temp 0.78 loss 6.38 helix 1.88 pae 0.54 i_pae 0.62 con 2.48 i_con 3.91 plddt 0.63 ptm 0.77 i_ptm 0.28 rg 0.68
54 models [2] recycles 1 hard 0 soft 1 temp 0.71 loss 4.41 helix 1.91 pae 0.21 i_pae 0.21 con 1.99 i_con 2.51 plddt 0.85 ptm 0.89 i_ptm 0.80 rg 1.17
55 models [0] recycles 1 hard 0 soft 1 temp 0.64 loss 4.62 helix 2.21 pae 0.22 i_pae 0.23 con 2.03 i_con 2.78 plddt 0.82 ptm 0.88 i_ptm 0.73 rg 1.10
56 models [2] recycles 1 hard 0 soft 1 temp 0.58 loss 4.36 helix 2.24 pae 0.19 i_pae 0.20 con 1.93 i_con 2.61 plddt 0.87 ptm 0.89 i_ptm 0.81 rg 1.21
57 models [4] recycles 1 hard 0 soft 1 temp 0.52 loss 4.43 helix 2.25 pae 0.21 i_pae 0.23 con 1.92 i_con 2.73 plddt 0.85 ptm 0.88 i_ptm 0.74 rg 1.06
58 models [3] recycles 1 hard 0 soft 1 temp 0.47 loss 4.11 helix 2.39 pae 0.19 i_pae 0.19 con 1.85 i_con 2.49 plddt 0.87 ptm 0.90 i_ptm 0.81 rg 1.23
59 models [1] recycles 1 hard 0 soft 1 temp 0.42 loss 4.10 helix 2.19 pae 0.19 i_pae 0.19 con 1.82 i_con 2.47 plddt 0.87 ptm 0.90 i_ptm 0.79 rg 1.18
60 models [3] recycles 1 hard 0 soft 1 temp 0.37 loss 4.19 helix 2.38 pae 0.20 i_pae 0.21 con 1.83 i_con 2.58 plddt 0.87 ptm 0.89 i_ptm 0.78 rg 1.23
61 models [3] recycles 1 hard 0 soft 1 temp 0.32 loss 4.14 helix 2.27 pae 0.19 i_pae 0.20 con 1.86 i_con 2.51 plddt 0.86 ptm 0.90 i_ptm 0.80 rg 1.07
62 models [1] recycles 1 hard 0 soft 1 temp 0.28 loss 6.53 helix 1.24 pae 0.51 i_pae 0.55 con 2.84 i_con 3.62 plddt 0.58 ptm 0.79 i_ptm 0.35 rg 0.36
63 models [1] recycles 1 hard 0 soft 1 temp 0.24 loss 4.12 helix 2.18 pae 0.20 i_pae 0.20 con 1.97 i_con 2.41 plddt 0.84 ptm 0.90 i_ptm 0.78 rg 0.88
64 models [4] recycles 1 hard 0 soft 1 temp 0.20 loss 4.22 helix 2.31 pae 0.19 i_pae 0.20 con 1.86 i_con 2.65 plddt 0.85 ptm 0.89 i_ptm 0.79 rg 0.94
65 models [4] recycles 1 hard 0 soft 1 temp 0.17 loss 5.11 helix 1.98 pae 0.24 i_pae 0.25 con 2.32 i_con 2.91 plddt 0.79 ptm 0.87 i_ptm 0.72 rg 1.07
66 models [3] recycles 1 hard 0 soft 1 temp 0.14 loss 4.89 helix 1.53 pae 0.26 i_pae 0.26 con 2.18 i_con 2.65 plddt 0.80 ptm 0.88 i_ptm 0.74 rg 1.19
67 models [0] recycles 1 hard 0 soft 1 temp 0.11 loss 4.17 helix 2.27 pae 0.19 i_pae 0.20 con 1.86 i_con 2.53 plddt 0.86 ptm 0.89 i_ptm 0.77 rg 1.13
68 models [0] recycles 1 hard 0 soft 1 temp 0.09 loss 5.38 helix 2.01 pae 0.30 i_pae 0.33 con 2.30 i_con 3.16 plddt 0.75 ptm 0.84 i_ptm 0.59 rg 1.09
69 models [2] recycles 1 hard 0 soft 1 temp 0.07 loss 5.18 helix 2.05 pae 0.26 i_pae 0.27 con 2.22 i_con 2.98 plddt 0.79 ptm 0.87 i_ptm 0.68 rg 1.43
70 models [4] recycles 1 hard 0 soft 1 temp 0.05 loss 6.23 helix 1.75 pae 0.44 i_pae 0.50 con 2.52 i_con 3.68 plddt 0.66 ptm 0.79 i_ptm 0.38 rg 0.87
71 models [0] recycles 1 hard 0 soft 1 temp 0.04 loss 4.75 helix 2.21 pae 0.24 i_pae 0.25 con 2.08 i_con 2.85 plddt 0.81 ptm 0.87 i_ptm 0.70 rg 1.07
72 models [2] recycles 1 hard 0 soft 1 temp 0.02 loss 5.05 helix 2.02 pae 0.26 i_pae 0.27 con 2.22 i_con 2.91 plddt 0.80 ptm 0.87 i_ptm 0.70 rg 1.18
73 models [2] recycles 1 hard 0 soft 1 temp 0.02 loss 4.94 helix 2.08 pae 0.25 i_pae 0.25 con 2.20 i_con 2.85 plddt 0.81 ptm 0.87 i_ptm 0.72 rg 1.21
74 models [3] recycles 1 hard 0 soft 1 temp 0.01 loss 4.69 helix 2.19 pae 0.25 i_pae 0.26 con 2.04 i_con 2.80 plddt 0.82 ptm 0.87 i_ptm 0.71 rg 1.17
75 models [2] recycles 1 hard 0 soft 1 temp 0.01 loss 5.23 helix 2.13 pae 0.27 i_pae 0.27 con 2.24 i_con 3.05 plddt 0.79 ptm 0.86 i_ptm 0.68 rg 1.35
Softmax trajectory pLDDT good, continuing: 0.87
Stage 3: One-hot Optimisation
76 models [0] recycles 1 hard 1 soft 1 temp 0.01 loss 4.75 helix 2.27 pae 0.23 i_pae 0.24 con 2.05 i_con 2.87 plddt 0.78 ptm 0.88 i_ptm 0.71 rg 1.19
77 models [4] recycles 1 hard 1 soft 1 temp 0.01 loss 5.11 helix 2.16 pae 0.26 i_pae 0.28 con 2.20 i_con 3.01 plddt 0.76 ptm 0.87 i_ptm 0.66 rg 1.25
78 models [2] recycles 1 hard 1 soft 1 temp 0.01 loss 4.45 helix 2.23 pae 0.20 i_pae 0.20 con 2.03 i_con 2.61 plddt 0.83 ptm 0.89 i_ptm 0.79 rg 1.17
One-hot trajectory pLDDT good, continuing: 0.83
Stage 4: PSSM Semigreedy Optimisation
Running semigreedy optimization...
79 models [2] recycles 1 hard 1 soft 0 temp 1 loss 4.90 helix 2.16 pae 0.24 i_pae 0.25 con 2.17 i_con 2.86 plddt 0.78 ptm 0.88 i_ptm 0.73 rg 1.21
80 models [2] recycles 1 hard 1 soft 0 temp 1 loss 5.75 helix 2.14 pae 0.35 i_pae 0.37 con 2.32 i_con 3.42 plddt 0.71 ptm 0.83 i_ptm 0.54 rg 1.42
81 models [0] recycles 1 hard 1 soft 0 temp 1 loss 6.02 helix 2.24 pae 0.44 i_pae 0.50 con 2.31 i_con 3.79 plddt 0.64 ptm 0.79 i_ptm 0.39 rg 0.98
82 models [2] recycles 1 hard 1 soft 0 temp 1 loss 6.31 helix 2.12 pae 0.48 i_pae 0.53 con 2.47 i_con 3.87 plddt 0.62 ptm 0.79 i_ptm 0.36 rg 0.95
83 models [2] recycles 1 hard 1 soft 0 temp 1 loss 6.87 helix 2.06 pae 0.58 i_pae 0.65 con 2.59 i_con 4.27 plddt 0.53 ptm 0.76 i_ptm 0.24 rg 0.80
Trajectory successful, final pLDDT: 0.83
Starting trajectory took: 0 hours, 32 minutes, 50 seconds

Fixing interface residues: B3,B4,B6,B7,B8,B10,B11,B14,B20,B21,B23,B24,B25,B27,B28,B30,B31,B32,B49,B52
Base AF2 filters not passed for EGFRd3_p2g0_l61_s908262_mpnn1, skipping interface scoring
Base AF2 filters not passed for EGFRd3_p2g0_l61_s908262_mpnn2, skipping interface scoring
Base AF2 filters not passed for EGFRd3_p2g0_l61_s908262_mpnn3, skipping interface scoring
Base AF2 filters not passed for EGFRd3_p2g0_l61_s908262_mpnn4, skipping interface scoring
Base AF2 filters not passed for EGFRd3_p2g0_l61_s908262_mpnn5, skipping interface scoring
Base AF2 filters not passed for EGFRd3_p2g0_l61_s908262_mpnn6, skipping interface scoring
Base AF2 filters not passed for EGFRd3_p2g0_l61_s908262_mpnn7, skipping interface scoring
Base AF2 filters not passed for EGFRd3_p2g0_l61_s908262_mpnn8, skipping interface scoring
No accepted MPNN designs found for this trajectory.

Design and validation of trajectory EGFRd3_p2g0_l61_s908262 took: 0 hours, 5 minutes, 39 seconds
Starting trajectory: EGFRd3_p2g0_l66_s505001
Stage 1: Test Logits
1 models [3] recycles 1 hard 0 soft 0.02 temp 1 loss 12.43 helix 1.85 pae 0.80 i_pae 0.78 con 4.72 i_con 4.26 plddt 0.26 ptm 0.73 i_ptm 0.15 rg 11.61
2 models [0] recycles 1 hard 0 soft 0.04 temp 1 loss 9.83 helix 1.59 pae 0.77 i_pae 0.77 con 4.54 i_con 4.49 plddt 0.30 ptm 0.73 i_ptm 0.15 rg 2.64
3 models [1] recycles 1 hard 0 soft 0.05 temp 1 loss 9.04 helix 1.15 pae 0.70 i_pae 0.69 con 4.36 i_con 4.06 plddt 0.36 ptm 0.75 i_ptm 0.21 rg 1.71
4 models [0] recycles 1 hard 0 soft 0.07 temp 1 loss 8.78 helix 0.75 pae 0.64 i_pae 0.67 con 3.96 i_con 4.13 plddt 0.42 ptm 0.74 i_ptm 0.23 rg 1.64
5 models [2] recycles 1 hard 0 soft 0.09 temp 1 loss 8.51 helix 0.92 pae 0.62 i_pae 0.62 con 4.05 i_con 3.68 plddt 0.44 ptm 0.76 i_ptm 0.27 rg 2.17
6 models [2] recycles 1 hard 0 soft 0.11 temp 1 loss 8.46 helix 0.74 pae 0.61 i_pae 0.65 con 3.72 i_con 3.96 plddt 0.46 ptm 0.74 i_ptm 0.24 rg 1.97
7 models [2] recycles 1 hard 0 soft 0.13 temp 1 loss 8.33 helix 0.66 pae 0.58 i_pae 0.63 con 3.50 i_con 3.93 plddt 0.50 ptm 0.75 i_ptm 0.25 rg 2.35
8 models [1] recycles 1 hard 0 soft 0.14 temp 1 loss 8.56 helix 0.68 pae 0.59 i_pae 0.62 con 3.76 i_con 3.81 plddt 0.50 ptm 0.75 i_ptm 0.25 rg 2.69
9 models [3] recycles 1 hard 0 soft 0.16 temp 1 loss 8.09 helix 0.86 pae 0.57 i_pae 0.60 con 3.58 i_con 3.71 plddt 0.49 ptm 0.76 i_ptm 0.28 rg 2.28
10 models [1] recycles 1 hard 0 soft 0.18 temp 1 loss 8.29 helix 0.72 pae 0.56 i_pae 0.58 con 3.68 i_con 3.66 plddt 0.49 ptm 0.76 i_ptm 0.30 rg 2.68
11 models [4] recycles 1 hard 0 soft 0.20 temp 1 loss 8.35 helix 0.63 pae 0.58 i_pae 0.61 con 3.47 i_con 3.83 plddt 0.51 ptm 0.75 i_ptm 0.25 rg 2.87
12 models [3] recycles 1 hard 0 soft 0.22 temp 1 loss 8.14 helix 0.84 pae 0.56 i_pae 0.58 con 3.65 i_con 3.65 plddt 0.49 ptm 0.77 i_ptm 0.30 rg 2.41
13 models [2] recycles 1 hard 0 soft 0.23 temp 1 loss 8.27 helix 0.64 pae 0.57 i_pae 0.60 con 3.59 i_con 3.75 plddt 0.51 ptm 0.75 i_ptm 0.27 rg 2.51
14 models [2] recycles 1 hard 0 soft 0.25 temp 1 loss 7.89 helix 0.68 pae 0.53 i_pae 0.58 con 3.14 i_con 3.74 plddt 0.58 ptm 0.76 i_ptm 0.29 rg 2.90
15 models [1] recycles 1 hard 0 soft 0.27 temp 1 loss 7.65 helix 0.71 pae 0.47 i_pae 0.55 con 2.74 i_con 3.70 plddt 0.64 ptm 0.77 i_ptm 0.33 rg 3.71
16 models [4] recycles 1 hard 0 soft 0.29 temp 1 loss 7.53 helix 0.65 pae 0.44 i_pae 0.49 con 2.96 i_con 3.42 plddt 0.63 ptm 0.78 i_ptm 0.38 rg 3.50
17 models [1] recycles 1 hard 0 soft 0.31 temp 1 loss 7.60 helix 0.70 pae 0.48 i_pae 0.56 con 2.59 i_con 3.75 plddt 0.65 ptm 0.76 i_ptm 0.30 rg 3.83
18 models [1] recycles 1 hard 0 soft 0.32 temp 1 loss 7.56 helix 0.61 pae 0.47 i_pae 0.55 con 2.52 i_con 3.75 plddt 0.66 ptm 0.77 i_ptm 0.32 rg 3.84
19 models [4] recycles 1 hard 0 soft 0.34 temp 1 loss 7.80 helix 0.75 pae 0.49 i_pae 0.53 con 2.99 i_con 3.66 plddt 0.60 ptm 0.77 i_ptm 0.32 rg 3.52
20 models [0] recycles 1 hard 0 soft 0.36 temp 1 loss 6.85 helix 0.70 pae 0.40 i_pae 0.44 con 2.21 i_con 3.39 plddt 0.71 ptm 0.78 i_ptm 0.39 rg 3.97
21 models [3] recycles 1 hard 0 soft 0.38 temp 1 loss 6.29 helix 0.70 pae 0.30 i_pae 0.33 con 2.03 i_con 2.99 plddt 0.79 ptm 0.82 i_ptm 0.56 rg 4.28
22 models [3] recycles 1 hard 0 soft 0.40 temp 1 loss 6.16 helix 0.77 pae 0.25 i_pae 0.26 con 2.15 i_con 2.74 plddt 0.82 ptm 0.86 i_ptm 0.67 rg 4.45
23 models [1] recycles 1 hard 0 soft 0.41 temp 1 loss 6.36 helix 0.71 pae 0.27 i_pae 0.29 con 2.29 i_con 2.80 plddt 0.79 ptm 0.85 i_ptm 0.64 rg 4.34
24 models [1] recycles 1 hard 0 soft 0.43 temp 1 loss 6.87 helix 0.77 pae 0.35 i_pae 0.39 con 2.41 i_con 3.17 plddt 0.74 ptm 0.82 i_ptm 0.51 rg 4.28
25 models [0] recycles 1 hard 0 soft 0.45 temp 1 loss 6.40 helix 0.69 pae 0.30 i_pae 0.33 con 2.12 i_con 3.02 plddt 0.78 ptm 0.82 i_ptm 0.56 rg 4.22
26 models [3] recycles 1 hard 0 soft 0.47 temp 1 loss 6.17 helix 0.73 pae 0.25 i_pae 0.26 con 2.15 i_con 2.77 plddt 0.82 ptm 0.86 i_ptm 0.67 rg 4.38
27 models [3] recycles 1 hard 0 soft 0.49 temp 1 loss 5.67 helix 0.69 pae 0.20 i_pae 0.20 con 1.94 i_con 2.44 plddt 0.86 ptm 0.88 i_ptm 0.76 rg 4.54
28 models [0] recycles 1 hard 0 soft 0.50 temp 1 loss 5.90 helix 0.68 pae 0.22 i_pae 0.23 con 1.98 i_con 2.67 plddt 0.84 ptm 0.86 i_ptm 0.72 rg 4.39
29 models [2] recycles 1 hard 0 soft 0.52 temp 1 loss 6.26 helix 0.74 pae 0.31 i_pae 0.34 con 2.00 i_con 3.01 plddt 0.81 ptm 0.82 i_ptm 0.57 rg 4.26
30 models [2] recycles 1 hard 0 soft 0.54 temp 1 loss 6.80 helix 0.72 pae 0.37 i_pae 0.39 con 2.35 i_con 3.22 plddt 0.75 ptm 0.79 i_ptm 0.46 rg 4.02
31 models [1] recycles 1 hard 0 soft 0.56 temp 1 loss 6.38 helix 0.70 pae 0.32 i_pae 0.37 con 1.94 i_con 3.18 plddt 0.79 ptm 0.82 i_ptm 0.52 rg 4.23
32 models [2] recycles 1 hard 0 soft 0.58 temp 1 loss 6.34 helix 0.71 pae 0.34 i_pae 0.37 con 1.93 i_con 3.16 plddt 0.79 ptm 0.80 i_ptm 0.51 rg 4.16
33 models [0] recycles 1 hard 0 soft 0.59 temp 1 loss 5.91 helix 0.63 pae 0.22 i_pae 0.22 con 1.92 i_con 2.72 plddt 0.83 ptm 0.86 i_ptm 0.70 rg 4.35
34 models [4] recycles 1 hard 0 soft 0.61 temp 1 loss 5.56 helix 0.76 pae 0.22 i_pae 0.22 con 1.80 i_con 2.52 plddt 0.86 ptm 0.86 i_ptm 0.72 rg 4.44
35 models [0] recycles 1 hard 0 soft 0.63 temp 1 loss 5.38 helix 0.67 pae 0.18 i_pae 0.18 con 1.82 i_con 2.31 plddt 0.88 ptm 0.89 i_ptm 0.79 rg 4.46
36 models [3] recycles 1 hard 0 soft 0.65 temp 1 loss 6.44 helix 0.75 pae 0.35 i_pae 0.41 con 1.96 i_con 3.25 plddt 0.77 ptm 0.80 i_ptm 0.46 rg 4.08
37 models [0] recycles 1 hard 0 soft 0.67 temp 1 loss 5.71 helix 0.83 pae 0.23 i_pae 0.25 con 1.77 i_con 2.72 plddt 0.84 ptm 0.86 i_ptm 0.68 rg 4.38
38 models [4] recycles 1 hard 0 soft 0.68 temp 1 loss 7.40 helix 0.66 pae 0.42 i_pae 0.43 con 3.29 i_con 2.99 plddt 0.61 ptm 0.81 i_ptm 0.51 rg 3.46
39 models [0] recycles 1 hard 0 soft 0.70 temp 1 loss 5.22 helix 0.86 pae 0.18 i_pae 0.18 con 1.84 i_con 2.17 plddt 0.88 ptm 0.89 i_ptm 0.80 rg 4.51
40 models [2] recycles 1 hard 0 soft 0.72 temp 1 loss 6.49 helix 0.75 pae 0.31 i_pae 0.33 con 2.33 i_con 2.95 plddt 0.77 ptm 0.82 i_ptm 0.56 rg 4.12
41 models [1] recycles 1 hard 0 soft 0.74 temp 1 loss 6.12 helix 0.77 pae 0.30 i_pae 0.34 con 1.90 i_con 2.96 plddt 0.82 ptm 0.83 i_ptm 0.59 rg 4.34
42 models [2] recycles 1 hard 0 soft 0.76 temp 1 loss 5.60 helix 0.79 pae 0.22 i_pae 0.21 con 2.04 i_con 2.31 plddt 0.87 ptm 0.88 i_ptm 0.76 rg 4.49
43 models [1] recycles 1 hard 0 soft 0.77 temp 1 loss 5.50 helix 0.82 pae 0.21 i_pae 0.22 con 1.86 i_con 2.42 plddt 0.87 ptm 0.87 i_ptm 0.75 rg 4.43
44 models [3] recycles 1 hard 0 soft 0.79 temp 1 loss 5.53 helix 0.71 pae 0.19 i_pae 0.19 con 1.99 i_con 2.31 plddt 0.88 ptm 0.89 i_ptm 0.78 rg 4.38
45 models [3] recycles 1 hard 0 soft 0.81 temp 1 loss 5.71 helix 0.71 pae 0.23 i_pae 0.24 con 1.92 i_con 2.57 plddt 0.85 ptm 0.86 i_ptm 0.68 rg 4.28
46 models [2] recycles 1 hard 0 soft 0.83 temp 1 loss 5.31 helix 0.82 pae 0.20 i_pae 0.19 con 1.91 i_con 2.19 plddt 0.89 ptm 0.88 i_ptm 0.79 rg 4.47
47 models [0] recycles 1 hard 0 soft 0.85 temp 1 loss 5.16 helix 0.78 pae 0.17 i_pae 0.16 con 1.85 i_con 2.09 plddt 0.89 ptm 0.90 i_ptm 0.82 rg 4.50
48 models [1] recycles 1 hard 0 soft 0.86 temp 1 loss 5.58 helix 0.72 pae 0.20 i_pae 0.21 con 1.95 i_con 2.40 plddt 0.87 ptm 0.88 i_ptm 0.77 rg 4.39
49 models [3] recycles 1 hard 0 soft 0.88 temp 1 loss 5.75 helix 0.67 pae 0.22 i_pae 0.23 con 1.97 i_con 2.51 plddt 0.86 ptm 0.86 i_ptm 0.73 rg 4.43
50 models [1] recycles 1 hard 0 soft 0.90 temp 1 loss 6.89 helix 0.64 pae 0.35 i_pae 0.40 con 2.45 i_con 3.19 plddt 0.73 ptm 0.82 i_ptm 0.51 rg 4.01
Initial trajectory pLDDT good, continuing: 0.89
Stage 2: Softmax Optimisation
51 models [2] recycles 1 hard 0 soft 1 temp 0.92 loss 7.78 helix 0.73 pae 0.48 i_pae 0.50 con 3.22 i_con 3.47 plddt 0.60 ptm 0.78 i_ptm 0.39 rg 3.31
52 models [4] recycles 1 hard 0 soft 1 temp 0.85 loss 7.52 helix 0.68 pae 0.54 i_pae 0.66 con 2.18 i_con 3.99 plddt 0.66 ptm 0.74 i_ptm 0.20 rg 4.01
53 models [0] recycles 1 hard 0 soft 1 temp 0.78 loss 5.77 helix 0.76 pae 0.23 i_pae 0.24 con 1.94 i_con 2.60 plddt 0.85 ptm 0.86 i_ptm 0.71 rg 4.38
54 models [3] recycles 1 hard 0 soft 1 temp 0.71 loss 7.93 helix 0.77 pae 0.60 i_pae 0.73 con 2.28 i_con 4.45 plddt 0.68 ptm 0.73 i_ptm 0.18 rg 3.47
55 models [4] recycles 1 hard 0 soft 1 temp 0.64 loss 6.34 helix 0.82 pae 0.36 i_pae 0.42 con 1.84 i_con 3.21 plddt 0.78 ptm 0.80 i_ptm 0.46 rg 4.31
56 models [4] recycles 1 hard 0 soft 1 temp 0.58 loss 7.32 helix 0.77 pae 0.55 i_pae 0.65 con 1.99 i_con 3.98 plddt 0.70 ptm 0.74 i_ptm 0.21 rg 4.09
57 models [2] recycles 1 hard 0 soft 1 temp 0.52 loss 6.22 helix 0.81 pae 0.30 i_pae 0.32 con 2.08 i_con 2.91 plddt 0.80 ptm 0.83 i_ptm 0.59 rg 4.31
58 models [4] recycles 1 hard 0 soft 1 temp 0.47 loss 6.00 helix 0.78 pae 0.27 i_pae 0.28 con 2.01 i_con 2.72 plddt 0.83 ptm 0.85 i_ptm 0.64 rg 4.44
59 models [1] recycles 1 hard 0 soft 1 temp 0.42 loss 5.69 helix 0.83 pae 0.22 i_pae 0.23 con 1.88 i_con 2.60 plddt 0.87 ptm 0.87 i_ptm 0.71 rg 4.38
60 models [4] recycles 1 hard 0 soft 1 temp 0.37 loss 7.51 helix 0.80 pae 0.58 i_pae 0.70 con 1.95 i_con 4.21 plddt 0.70 ptm 0.74 i_ptm 0.19 rg 4.04
61 models [2] recycles 1 hard 0 soft 1 temp 0.32 loss 8.07 helix 0.74 pae 0.58 i_pae 0.66 con 2.85 i_con 4.10 plddt 0.58 ptm 0.74 i_ptm 0.22 rg 3.18
62 models [0] recycles 1 hard 0 soft 1 temp 0.28 loss 7.46 helix 0.83 pae 0.59 i_pae 0.72 con 1.94 i_con 4.36 plddt 0.68 ptm 0.73 i_ptm 0.17 rg 3.43
63 models [3] recycles 1 hard 0 soft 1 temp 0.24 loss 7.55 helix 0.73 pae 0.55 i_pae 0.68 con 2.04 i_con 4.16 plddt 0.70 ptm 0.74 i_ptm 0.19 rg 4.00
64 models [1] recycles 1 hard 0 soft 1 temp 0.20 loss 5.93 helix 0.68 pae 0.25 i_pae 0.26 con 2.03 i_con 2.65 plddt 0.83 ptm 0.86 i_ptm 0.66 rg 4.31
65 models [0] recycles 1 hard 0 soft 1 temp 0.17 loss 9.01 helix 0.61 pae 0.68 i_pae 0.74 con 3.77 i_con 4.47 plddt 0.42 ptm 0.73 i_ptm 0.17 rg 1.67
66 models [1] recycles 1 hard 0 soft 1 temp 0.14 loss 9.02 helix 0.63 pae 0.65 i_pae 0.68 con 3.74 i_con 4.26 plddt 0.45 ptm 0.74 i_ptm 0.21 rg 2.60
67 models [3] recycles 1 hard 0 soft 1 temp 0.11 loss 7.51 helix 0.75 pae 0.58 i_pae 0.71 con 1.96 i_con 4.30 plddt 0.73 ptm 0.73 i_ptm 0.17 rg 3.64
68 models [0] recycles 1 hard 0 soft 1 temp 0.09 loss 7.60 helix 0.71 pae 0.54 i_pae 0.65 con 2.36 i_con 4.05 plddt 0.65 ptm 0.74 i_ptm 0.25 rg 3.54
69 models [2] recycles 1 hard 0 soft 1 temp 0.07 loss 7.79 helix 0.71 pae 0.55 i_pae 0.66 con 2.43 i_con 4.11 plddt 0.67 ptm 0.74 i_ptm 0.23 rg 3.69
70 models [4] recycles 1 hard 0 soft 1 temp 0.05 loss 7.37 helix 0.70 pae 0.52 i_pae 0.63 con 2.04 i_con 3.96 plddt 0.68 ptm 0.75 i_ptm 0.22 rg 4.12
71 models [0] recycles 1 hard 0 soft 1 temp 0.04 loss 8.43 helix 0.69 pae 0.64 i_pae 0.77 con 2.65 i_con 4.60 plddt 0.60 ptm 0.73 i_ptm 0.16 rg 3.26
72 models [1] recycles 1 hard 0 soft 1 temp 0.02 loss 7.65 helix 0.70 pae 0.56 i_pae 0.67 con 2.21 i_con 4.16 plddt 0.67 ptm 0.74 i_ptm 0.21 rg 3.75
73 models [4] recycles 1 hard 0 soft 1 temp 0.02 loss 7.68 helix 0.65 pae 0.55 i_pae 0.65 con 2.39 i_con 4.03 plddt 0.63 ptm 0.75 i_ptm 0.21 rg 3.65
74 models [3] recycles 1 hard 0 soft 1 temp 0.01 loss 7.63 helix 0.72 pae 0.57 i_pae 0.70 con 2.07 i_con 4.27 plddt 0.72 ptm 0.74 i_ptm 0.18 rg 3.79
75 models [1] recycles 1 hard 0 soft 1 temp 0.01 loss 9.06 helix 0.68 pae 0.64 i_pae 0.67 con 3.90 i_con 4.14 plddt 0.42 ptm 0.75 i_ptm 0.24 rg 2.66
Softmax trajectory pLDDT good, continuing: 0.87
Stage 3: One-hot Optimisation
76 models [0] recycles 1 hard 1 soft 1 temp 0.01 loss 8.95 helix 0.66 pae 0.64 i_pae 0.69 con 3.85 i_con 4.44 plddt 0.41 ptm 0.75 i_ptm 0.22 rg 1.45
77 models [1] recycles 1 hard 1 soft 1 temp 0.01 loss 9.17 helix 0.63 pae 0.63 i_pae 0.67 con 3.85 i_con 4.22 plddt 0.41 ptm 0.76 i_ptm 0.24 rg 2.95
78 models [3] recycles 1 hard 1 soft 1 temp 0.01 loss 7.62 helix 0.74 pae 0.57 i_pae 0.70 con 1.94 i_con 4.38 plddt 0.67 ptm 0.74 i_ptm 0.19 rg 3.83
One-hot trajectory pLDDT good, continuing: 0.67
Stage 4: PSSM Semigreedy Optimisation
Running semigreedy optimization...
79 models [2] recycles 1 hard 1 soft 0 temp 1 loss 9.48 helix 0.71 pae 0.69 i_pae 0.74 con 3.97 i_con 4.59 plddt 0.36 ptm 0.74 i_ptm 0.18 rg 2.25
80 models [4] recycles 1 hard 1 soft 0 temp 1 loss 8.17 helix 0.72 pae 0.61 i_pae 0.65 con 3.60 i_con 4.21 plddt 0.40 ptm 0.76 i_ptm 0.24 rg 0.57
81 models [3] recycles 1 hard 1 soft 0 temp 1 loss 8.79 helix 0.78 pae 0.66 i_pae 0.68 con 3.87 i_con 4.28 plddt 0.35 ptm 0.75 i_ptm 0.22 rg 1.49
82 models [3] recycles 1 hard 1 soft 0 temp 1 loss 8.92 helix 0.77 pae 0.65 i_pae 0.67 con 3.78 i_con 4.25 plddt 0.37 ptm 0.75 i_ptm 0.22 rg 2.32
83 models [4] recycles 1 hard 1 soft 0 temp 1 loss 8.74 helix 0.87 pae 0.66 i_pae 0.69 con 3.93 i_con 4.38 plddt 0.32 ptm 0.75 i_ptm 0.21 rg 0.82
Trajectory starting confidence low, skipping analysis and MPNN optimisation

Starting trajectory took: 0 hours, 32 minutes, 46 seconds

Starting trajectory: EGFRd3_p2g0_l60_s822883
Stage 1: Test Logits
1 models [3] recycles 1 hard 0 soft 0.02 temp 1 loss 11.57 helix 1.79 pae 0.78 i_pae 0.77 con 4.56 i_con 4.26 plddt 0.26 ptm 0.75 i_ptm 0.15 rg 9.24
2 models [1] recycles 1 hard 0 soft 0.04 temp 1 loss 9.25 helix 1.31 pae 0.73 i_pae 0.72 con 4.60 i_con 4.32 plddt 0.34 ptm 0.75 i_ptm 0.18 rg 0.85
3 models [2] recycles 1 hard 0 soft 0.05 temp 1 loss 9.19 helix 1.24 pae 0.72 i_pae 0.70 con 4.38 i_con 4.13 plddt 0.33 ptm 0.75 i_ptm 0.20 rg 2.00
4 models [1] recycles 1 hard 0 soft 0.07 temp 1 loss 8.63 helix 0.93 pae 0.67 i_pae 0.68 con 4.04 i_con 4.30 plddt 0.38 ptm 0.76 i_ptm 0.22 rg 0.43
5 models [0] recycles 1 hard 0 soft 0.09 temp 1 loss 8.38 helix 0.77 pae 0.65 i_pae 0.68 con 3.84 i_con 4.21 plddt 0.40 ptm 0.75 i_ptm 0.22 rg 0.46
6 models [1] recycles 1 hard 0 soft 0.11 temp 1 loss 8.17 helix 0.98 pae 0.63 i_pae 0.63 con 3.80 i_con 3.99 plddt 0.41 ptm 0.77 i_ptm 0.25 rg 0.87
7 models [0] recycles 1 hard 0 soft 0.13 temp 1 loss 7.31 helix 0.78 pae 0.60 i_pae 0.68 con 2.60 i_con 4.26 plddt 0.57 ptm 0.75 i_ptm 0.21 rg 0.97
8 models [0] recycles 1 hard 0 soft 0.14 temp 1 loss 7.76 helix 0.84 pae 0.57 i_pae 0.60 con 3.57 i_con 3.84 plddt 0.48 ptm 0.77 i_ptm 0.29 rg 0.74
9 models [3] recycles 1 hard 0 soft 0.16 temp 1 loss 7.32 helix 0.77 pae 0.57 i_pae 0.61 con 3.15 i_con 3.89 plddt 0.52 ptm 0.77 i_ptm 0.27 rg 0.43
10 models [4] recycles 1 hard 0 soft 0.18 temp 1 loss 7.41 helix 0.77 pae 0.56 i_pae 0.62 con 3.15 i_con 3.93 plddt 0.53 ptm 0.76 i_ptm 0.26 rg 0.65
11 models [2] recycles 1 hard 0 soft 0.20 temp 1 loss 6.77 helix 0.79 pae 0.52 i_pae 0.57 con 2.51 i_con 3.80 plddt 0.62 ptm 0.77 i_ptm 0.30 rg 1.17
12 models [0] recycles 1 hard 0 soft 0.22 temp 1 loss 6.18 helix 0.84 pae 0.39 i_pae 0.40 con 2.47 i_con 3.17 plddt 0.68 ptm 0.82 i_ptm 0.50 rg 1.76
13 models [3] recycles 1 hard 0 soft 0.23 temp 1 loss 5.74 helix 0.83 pae 0.32 i_pae 0.32 con 2.27 i_con 2.94 plddt 0.76 ptm 0.84 i_ptm 0.58 rg 1.89
14 models [3] recycles 1 hard 0 soft 0.25 temp 1 loss 4.85 helix 0.80 pae 0.23 i_pae 0.20 con 2.27 i_con 2.07 plddt 0.82 ptm 0.89 i_ptm 0.81 rg 2.06
15 models [3] recycles 1 hard 0 soft 0.27 temp 1 loss 4.32 helix 0.82 pae 0.20 i_pae 0.17 con 2.00 i_con 1.89 plddt 0.85 ptm 0.90 i_ptm 0.85 rg 1.89
16 models [4] recycles 1 hard 0 soft 0.29 temp 1 loss 4.56 helix 0.83 pae 0.21 i_pae 0.19 con 2.01 i_con 2.12 plddt 0.85 ptm 0.90 i_ptm 0.83 rg 1.86
17 models [1] recycles 1 hard 0 soft 0.31 temp 1 loss 4.22 helix 0.90 pae 0.20 i_pae 0.18 con 2.03 i_con 1.81 plddt 0.85 ptm 0.91 i_ptm 0.86 rg 1.77
18 models [2] recycles 1 hard 0 soft 0.32 temp 1 loss 4.40 helix 0.89 pae 0.22 i_pae 0.19 con 2.01 i_con 2.00 plddt 0.85 ptm 0.89 i_ptm 0.81 rg 1.77
19 models [4] recycles 1 hard 0 soft 0.34 temp 1 loss 4.22 helix 0.82 pae 0.19 i_pae 0.17 con 1.93 i_con 1.90 plddt 0.85 ptm 0.91 i_ptm 0.85 rg 1.74
20 models [3] recycles 1 hard 0 soft 0.36 temp 1 loss 5.66 helix 0.76 pae 0.29 i_pae 0.26 con 2.86 i_con 2.34 plddt 0.73 ptm 0.88 i_ptm 0.74 rg 1.72
21 models [4] recycles 1 hard 0 soft 0.38 temp 1 loss 4.02 helix 0.94 pae 0.18 i_pae 0.15 con 1.88 i_con 1.81 plddt 0.88 ptm 0.91 i_ptm 0.87 rg 1.72
22 models [4] recycles 1 hard 0 soft 0.40 temp 1 loss 4.04 helix 1.00 pae 0.16 i_pae 0.15 con 1.79 i_con 1.94 plddt 0.90 ptm 0.91 i_ptm 0.84 rg 1.70
23 models [4] recycles 1 hard 0 soft 0.41 temp 1 loss 3.88 helix 0.88 pae 0.16 i_pae 0.14 con 1.78 i_con 1.77 plddt 0.90 ptm 0.91 i_ptm 0.87 rg 1.70
24 models [1] recycles 1 hard 0 soft 0.43 temp 1 loss 4.02 helix 0.97 pae 0.17 i_pae 0.15 con 1.83 i_con 1.85 plddt 0.89 ptm 0.91 i_ptm 0.86 rg 1.76
25 models [4] recycles 1 hard 0 soft 0.45 temp 1 loss 4.03 helix 0.99 pae 0.16 i_pae 0.14 con 1.75 i_con 1.92 plddt 0.90 ptm 0.90 i_ptm 0.84 rg 1.85
26 models [4] recycles 1 hard 0 soft 0.47 temp 1 loss 3.67 helix 1.07 pae 0.14 i_pae 0.12 con 1.69 i_con 1.69 plddt 0.93 ptm 0.92 i_ptm 0.87 rg 1.79
27 models [0] recycles 1 hard 0 soft 0.49 temp 1 loss 3.77 helix 1.04 pae 0.15 i_pae 0.13 con 1.76 i_con 1.71 plddt 0.91 ptm 0.91 i_ptm 0.87 rg 1.75
28 models [3] recycles 1 hard 0 soft 0.50 temp 1 loss 3.72 helix 1.15 pae 0.15 i_pae 0.13 con 1.75 i_con 1.69 plddt 0.91 ptm 0.92 i_ptm 0.87 rg 1.78
29 models [1] recycles 1 hard 0 soft 0.52 temp 1 loss 3.62 helix 1.05 pae 0.14 i_pae 0.12 con 1.73 i_con 1.59 plddt 0.92 ptm 0.92 i_ptm 0.89 rg 1.80
30 models [0] recycles 1 hard 0 soft 0.54 temp 1 loss 3.69 helix 1.05 pae 0.15 i_pae 0.12 con 1.74 i_con 1.66 plddt 0.91 ptm 0.92 i_ptm 0.87 rg 1.73
31 models [4] recycles 1 hard 0 soft 0.56 temp 1 loss 3.72 helix 1.12 pae 0.14 i_pae 0.12 con 1.74 i_con 1.66 plddt 0.92 ptm 0.92 i_ptm 0.88 rg 1.89
32 models [2] recycles 1 hard 0 soft 0.58 temp 1 loss 3.77 helix 1.07 pae 0.15 i_pae 0.13 con 1.76 i_con 1.68 plddt 0.92 ptm 0.91 i_ptm 0.87 rg 1.85
33 models [0] recycles 1 hard 0 soft 0.59 temp 1 loss 3.70 helix 1.17 pae 0.14 i_pae 0.12 con 1.83 i_con 1.58 plddt 0.91 ptm 0.92 i_ptm 0.88 rg 1.83
34 models [2] recycles 1 hard 0 soft 0.61 temp 1 loss 3.77 helix 1.02 pae 0.16 i_pae 0.13 con 1.81 i_con 1.63 plddt 0.91 ptm 0.91 i_ptm 0.87 rg 1.83
35 models [3] recycles 1 hard 0 soft 0.63 temp 1 loss 3.78 helix 0.98 pae 0.15 i_pae 0.12 con 1.80 i_con 1.62 plddt 0.91 ptm 0.92 i_ptm 0.88 rg 1.87
36 models [1] recycles 1 hard 0 soft 0.65 temp 1 loss 3.38 helix 1.25 pae 0.13 i_pae 0.11 con 1.65 i_con 1.51 plddt 0.94 ptm 0.92 i_ptm 0.90 rg 1.73
37 models [1] recycles 1 hard 0 soft 0.67 temp 1 loss 3.38 helix 1.24 pae 0.13 i_pae 0.10 con 1.63 i_con 1.53 plddt 0.94 ptm 0.92 i_ptm 0.90 rg 1.75
38 models [1] recycles 1 hard 0 soft 0.68 temp 1 loss 3.42 helix 1.25 pae 0.13 i_pae 0.11 con 1.69 i_con 1.51 plddt 0.94 ptm 0.92 i_ptm 0.89 rg 1.74
39 models [4] recycles 1 hard 0 soft 0.70 temp 1 loss 3.42 helix 1.27 pae 0.13 i_pae 0.11 con 1.63 i_con 1.57 plddt 0.94 ptm 0.92 i_ptm 0.89 rg 1.74
40 models [0] recycles 1 hard 0 soft 0.72 temp 1 loss 3.57 helix 1.26 pae 0.14 i_pae 0.12 con 1.72 i_con 1.61 plddt 0.92 ptm 0.92 i_ptm 0.88 rg 1.77
41 models [2] recycles 1 hard 0 soft 0.74 temp 1 loss 3.56 helix 1.20 pae 0.15 i_pae 0.12 con 1.71 i_con 1.58 plddt 0.93 ptm 0.92 i_ptm 0.88 rg 1.81
42 models [2] recycles 1 hard 0 soft 0.76 temp 1 loss 3.48 helix 1.20 pae 0.14 i_pae 0.12 con 1.65 i_con 1.58 plddt 0.93 ptm 0.91 i_ptm 0.88 rg 1.75
43 models [2] recycles 1 hard 0 soft 0.77 temp 1 loss 7.06 helix 0.89 pae 0.45 i_pae 0.44 con 3.54 i_con 3.17 plddt 0.57 ptm 0.81 i_ptm 0.46 rg 1.06
44 models [3] recycles 1 hard 0 soft 0.79 temp 1 loss 3.46 helix 1.29 pae 0.13 i_pae 0.11 con 1.63 i_con 1.61 plddt 0.93 ptm 0.92 i_ptm 0.89 rg 1.77
45 models [1] recycles 1 hard 0 soft 0.81 temp 1 loss 3.45 helix 1.30 pae 0.13 i_pae 0.11 con 1.70 i_con 1.54 plddt 0.93 ptm 0.92 i_ptm 0.89 rg 1.76
46 models [1] recycles 1 hard 0 soft 0.83 temp 1 loss 3.91 helix 1.15 pae 0.16 i_pae 0.13 con 1.94 i_con 1.66 plddt 0.90 ptm 0.92 i_ptm 0.88 rg 1.86
47 models [0] recycles 1 hard 0 soft 0.85 temp 1 loss 3.41 helix 1.35 pae 0.14 i_pae 0.11 con 1.66 i_con 1.55 plddt 0.93 ptm 0.92 i_ptm 0.89 rg 1.77
48 models [2] recycles 1 hard 0 soft 0.86 temp 1 loss 3.40 helix 1.33 pae 0.14 i_pae 0.11 con 1.65 i_con 1.55 plddt 0.94 ptm 0.92 i_ptm 0.89 rg 1.73
49 models [4] recycles 1 hard 0 soft 0.88 temp 1 loss 3.52 helix 1.17 pae 0.14 i_pae 0.12 con 1.66 i_con 1.59 plddt 0.93 ptm 0.92 i_ptm 0.89 rg 1.82
50 models [1] recycles 1 hard 0 soft 0.90 temp 1 loss 3.50 helix 1.33 pae 0.13 i_pae 0.11 con 1.70 i_con 1.61 plddt 0.93 ptm 0.92 i_ptm 0.89 rg 1.71
Initial trajectory pLDDT good, continuing: 0.94
Stage 2: Softmax Optimisation
51 models [3] recycles 1 hard 0 soft 1 temp 0.92 loss 3.53 helix 1.36 pae 0.14 i_pae 0.11 con 1.71 i_con 1.63 plddt 0.93 ptm 0.92 i_ptm 0.88 rg 1.71
52 models [0] recycles 1 hard 0 soft 1 temp 0.85 loss 3.52 helix 1.32 pae 0.14 i_pae 0.12 con 1.72 i_con 1.60 plddt 0.93 ptm 0.92 i_ptm 0.88 rg 1.71
53 models [3] recycles 1 hard 0 soft 1 temp 0.78 loss 4.01 helix 1.33 pae 0.15 i_pae 0.13 con 1.88 i_con 1.90 plddt 0.91 ptm 0.92 i_ptm 0.87 rg 1.78
54 models [2] recycles 1 hard 0 soft 1 temp 0.71 loss 3.66 helix 1.35 pae 0.14 i_pae 0.12 con 1.74 i_con 1.71 plddt 0.93 ptm 0.92 i_ptm 0.88 rg 1.77
55 models [2] recycles 1 hard 0 soft 1 temp 0.64 loss 3.45 helix 1.44 pae 0.14 i_pae 0.11 con 1.70 i_con 1.59 plddt 0.94 ptm 0.92 i_ptm 0.89 rg 1.72
56 models [2] recycles 1 hard 0 soft 1 temp 0.58 loss 3.51 helix 1.34 pae 0.14 i_pae 0.12 con 1.68 i_con 1.62 plddt 0.93 ptm 0.92 i_ptm 0.88 rg 1.79
57 models [0] recycles 1 hard 0 soft 1 temp 0.52 loss 3.56 helix 1.42 pae 0.14 i_pae 0.13 con 1.76 i_con 1.60 plddt 0.91 ptm 0.92 i_ptm 0.88 rg 1.82
58 models [2] recycles 1 hard 0 soft 1 temp 0.47 loss 3.40 helix 1.43 pae 0.13 i_pae 0.11 con 1.62 i_con 1.59 plddt 0.94 ptm 0.92 i_ptm 0.89 rg 1.80
59 models [0] recycles 1 hard 0 soft 1 temp 0.42 loss 3.71 helix 1.11 pae 0.16 i_pae 0.13 con 1.72 i_con 1.72 plddt 0.90 ptm 0.92 i_ptm 0.87 rg 1.69
60 models [4] recycles 1 hard 0 soft 1 temp 0.37 loss 3.42 helix 1.36 pae 0.13 i_pae 0.11 con 1.64 i_con 1.59 plddt 0.93 ptm 0.92 i_ptm 0.89 rg 1.73
61 models [1] recycles 1 hard 0 soft 1 temp 0.32 loss 3.50 helix 1.10 pae 0.15 i_pae 0.13 con 1.67 i_con 1.56 plddt 0.91 ptm 0.92 i_ptm 0.88 rg 1.68
62 models [1] recycles 1 hard 0 soft 1 temp 0.28 loss 3.42 helix 1.42 pae 0.14 i_pae 0.12 con 1.68 i_con 1.57 plddt 0.92 ptm 0.92 i_ptm 0.89 rg 1.72
63 models [0] recycles 1 hard 0 soft 1 temp 0.24 loss 3.44 helix 1.38 pae 0.14 i_pae 0.11 con 1.68 i_con 1.58 plddt 0.92 ptm 0.92 i_ptm 0.89 rg 1.72
64 models [3] recycles 1 hard 0 soft 1 temp 0.20 loss 3.47 helix 1.59 pae 0.14 i_pae 0.12 con 1.69 i_con 1.62 plddt 0.92 ptm 0.92 i_ptm 0.88 rg 1.83
65 models [1] recycles 1 hard 0 soft 1 temp 0.17 loss 4.05 helix 1.16 pae 0.18 i_pae 0.15 con 1.95 i_con 1.83 plddt 0.87 ptm 0.91 i_ptm 0.85 rg 1.72
66 models [0] recycles 1 hard 0 soft 1 temp 0.14 loss 3.67 helix 1.29 pae 0.15 i_pae 0.13 con 1.76 i_con 1.67 plddt 0.90 ptm 0.92 i_ptm 0.87 rg 1.78
67 models [3] recycles 1 hard 0 soft 1 temp 0.11 loss 4.01 helix 1.46 pae 0.16 i_pae 0.15 con 1.91 i_con 1.90 plddt 0.89 ptm 0.91 i_ptm 0.85 rg 1.83
68 models [0] recycles 1 hard 0 soft 1 temp 0.09 loss 7.91 helix 1.02 pae 0.63 i_pae 0.70 con 3.22 i_con 4.46 plddt 0.50 ptm 0.75 i_ptm 0.21 rg 0.41
69 models [4] recycles 1 hard 0 soft 1 temp 0.07 loss 8.08 helix 1.00 pae 0.63 i_pae 0.67 con 3.55 i_con 4.34 plddt 0.46 ptm 0.76 i_ptm 0.22 rg 0.30
70 models [4] recycles 1 hard 0 soft 1 temp 0.05 loss 8.07 helix 1.04 pae 0.64 i_pae 0.68 con 3.63 i_con 4.30 plddt 0.43 ptm 0.75 i_ptm 0.21 rg 0.08
71 models [4] recycles 1 hard 0 soft 1 temp 0.04 loss 7.04 helix 1.02 pae 0.51 i_pae 0.55 con 3.01 i_con 3.72 plddt 0.57 ptm 0.78 i_ptm 0.32 rg 0.92
72 models [4] recycles 1 hard 0 soft 1 temp 0.02 loss 7.98 helix 1.09 pae 0.62 i_pae 0.68 con 3.48 i_con 4.33 plddt 0.47 ptm 0.76 i_ptm 0.22 rg 0.28
73 models [2] recycles 1 hard 0 soft 1 temp 0.02 loss 4.33 helix 1.26 pae 0.17 i_pae 0.16 con 2.00 i_con 2.08 plddt 0.88 ptm 0.90 i_ptm 0.84 rg 1.78
74 models [4] recycles 1 hard 0 soft 1 temp 0.01 loss 6.85 helix 1.08 pae 0.56 i_pae 0.66 con 2.17 i_con 4.31 plddt 0.67 ptm 0.75 i_ptm 0.20 rg 1.10
75 models [4] recycles 1 hard 0 soft 1 temp 0.01 loss 3.88 helix 1.35 pae 0.15 i_pae 0.13 con 1.87 i_con 1.81 plddt 0.91 ptm 0.92 i_ptm 0.87 rg 1.73
Softmax trajectory pLDDT good, continuing: 0.94
Stage 3: One-hot Optimisation
76 models [3] recycles 1 hard 1 soft 1 temp 0.01 loss 3.46 helix 1.39 pae 0.14 i_pae 0.12 con 1.67 i_con 1.58 plddt 0.91 ptm 0.92 i_ptm 0.88 rg 1.81
77 models [2] recycles 1 hard 1 soft 1 temp 0.01 loss 3.66 helix 1.44 pae 0.14 i_pae 0.12 con 1.75 i_con 1.70 plddt 0.91 ptm 0.92 i_ptm 0.88 rg 1.84
78 models [3] recycles 1 hard 1 soft 1 temp 0.01 loss 3.62 helix 1.24 pae 0.15 i_pae 0.13 con 1.74 i_con 1.62 plddt 0.89 ptm 0.92 i_ptm 0.88 rg 1.80
One-hot trajectory pLDDT good, continuing: 0.91
Stage 4: PSSM Semigreedy Optimisation
Running semigreedy optimization...
79 models [1] recycles 1 hard 1 soft 0 temp 1 loss 4.32 helix 1.40 pae 0.19 i_pae 0.17 con 2.20 i_con 1.76 plddt 0.83 ptm 0.91 i_ptm 0.86 rg 2.18
80 models [3] recycles 1 hard 1 soft 0 temp 1 loss 4.11 helix 0.98 pae 0.19 i_pae 0.16 con 2.02 i_con 1.72 plddt 0.84 ptm 0.91 i_ptm 0.86 rg 1.80
81 models [3] recycles 1 hard 1 soft 0 temp 1 loss 4.24 helix 0.96 pae 0.20 i_pae 0.17 con 2.10 i_con 1.76 plddt 0.82 ptm 0.91 i_ptm 0.86 rg 1.82
82 models [0] recycles 1 hard 1 soft 0 temp 1 loss 9.29 helix 1.08 pae 0.68 i_pae 0.73 con 3.79 i_con 4.81 plddt 0.38 ptm 0.75 i_ptm 0.19 rg 1.88
83 models [2] recycles 1 hard 1 soft 0 temp 1 loss 6.82 helix 0.99 pae 0.44 i_pae 0.45 con 3.26 i_con 3.16 plddt 0.57 ptm 0.82 i_ptm 0.50 rg 1.38
Trajectory successful, final pLDDT: 0.91
Starting trajectory took: 0 hours, 31 minutes, 2 seconds

Fixing interface residues: B1,B3,B4,B7,B8,B11,B12,B14,B15,B16,B18,B19,B22,B23,B24,B28,B29,B32,B35,B36,B39,B43
Unmet filter conditions for EGFRd3_p2g0_l60_s822883_mpnn1
Unmet filter conditions for EGFRd3_p2g0_l60_s822883_mpnn2
Unmet filter conditions for EGFRd3_p2g0_l60_s822883_mpnn3
Unmet filter conditions for EGFRd3_p2g0_l60_s822883_mpnn4
Unmet filter conditions for EGFRd3_p2g0_l60_s822883_mpnn5
Unmet filter conditions for EGFRd3_p2g0_l60_s822883_mpnn6
Unmet filter conditions for EGFRd3_p2g0_l60_s822883_mpnn7
Unmet filter conditions for EGFRd3_p2g0_l60_s822883_mpnn8
No accepted MPNN designs found for this trajectory.

Design and validation of trajectory EGFRd3_p2g0_l60_s822883 took: 0 hours, 24 minutes, 46 seconds
Starting trajectory: EGFRd3_p2g0_l56_s755082
Stage 1: Test Logits
1 models [0] recycles 1 hard 0 soft 0.02 temp 1 loss 11.29 helix 2.27 pae 0.81 i_pae 0.82 con 4.77 i_con 4.34 plddt 0.29 ptm 0.75 i_ptm 0.13 rg 7.81
2 models [1] recycles 1 hard 0 soft 0.04 temp 1 loss 10.70 helix 1.21 pae 0.63 i_pae 0.63 con 4.67 i_con 3.46 plddt 0.48 ptm 0.79 i_ptm 0.35 rg 8.43
3 models [4] recycles 1 hard 0 soft 0.05 temp 1 loss 8.65 helix 1.11 pae 0.72 i_pae 0.71 con 4.46 i_con 4.03 plddt 0.33 ptm 0.76 i_ptm 0.19 rg 0.11
4 models [3] recycles 1 hard 0 soft 0.07 temp 1 loss 9.72 helix 1.41 pae 0.72 i_pae 0.72 con 4.35 i_con 4.23 plddt 0.32 ptm 0.76 i_ptm 0.20 rg 3.62
5 models [0] recycles 1 hard 0 soft 0.09 temp 1 loss 8.90 helix 0.91 pae 0.69 i_pae 0.70 con 4.17 i_con 4.43 plddt 0.35 ptm 0.76 i_ptm 0.19 rg 0.43
6 models [4] recycles 1 hard 0 soft 0.11 temp 1 loss 8.62 helix 0.90 pae 0.62 i_pae 0.65 con 3.93 i_con 4.08 plddt 0.42 ptm 0.77 i_ptm 0.24 rg 1.56
7 models [0] recycles 1 hard 0 soft 0.13 temp 1 loss 8.62 helix 1.00 pae 0.60 i_pae 0.62 con 3.84 i_con 3.95 plddt 0.48 ptm 0.78 i_ptm 0.28 rg 2.47
8 models [1] recycles 1 hard 0 soft 0.14 temp 1 loss 8.20 helix 0.90 pae 0.54 i_pae 0.58 con 3.51 i_con 3.84 plddt 0.54 ptm 0.79 i_ptm 0.34 rg 2.54
9 models [4] recycles 1 hard 0 soft 0.16 temp 1 loss 8.03 helix 0.99 pae 0.45 i_pae 0.47 con 3.48 i_con 3.53 plddt 0.59 ptm 0.81 i_ptm 0.43 rg 3.41
10 models [4] recycles 1 hard 0 soft 0.18 temp 1 loss 7.31 helix 0.99 pae 0.39 i_pae 0.41 con 3.00 i_con 3.28 plddt 0.66 ptm 0.83 i_ptm 0.51 rg 3.60
11 models [3] recycles 1 hard 0 soft 0.20 temp 1 loss 8.44 helix 1.07 pae 0.63 i_pae 0.67 con 3.52 i_con 4.19 plddt 0.46 ptm 0.77 i_ptm 0.24 rg 2.13
12 models [4] recycles 1 hard 0 soft 0.22 temp 1 loss 7.09 helix 0.87 pae 0.44 i_pae 0.47 con 2.85 i_con 3.43 plddt 0.62 ptm 0.81 i_ptm 0.43 rg 2.62
13 models [3] recycles 1 hard 0 soft 0.23 temp 1 loss 5.51 helix 1.03 pae 0.27 i_pae 0.26 con 2.41 i_con 2.74 plddt 0.76 ptm 0.88 i_ptm 0.72 rg 1.64
14 models [0] recycles 1 hard 0 soft 0.25 temp 1 loss 5.31 helix 1.11 pae 0.25 i_pae 0.23 con 2.51 i_con 2.53 plddt 0.77 ptm 0.89 i_ptm 0.78 rg 1.50
15 models [2] recycles 1 hard 0 soft 0.27 temp 1 loss 5.41 helix 1.11 pae 0.26 i_pae 0.26 con 2.39 i_con 2.75 plddt 0.79 ptm 0.87 i_ptm 0.74 rg 1.44
16 models [4] recycles 1 hard 0 soft 0.29 temp 1 loss 4.60 helix 1.15 pae 0.20 i_pae 0.19 con 2.07 i_con 2.32 plddt 0.83 ptm 0.90 i_ptm 0.82 rg 1.44
17 models [4] recycles 1 hard 0 soft 0.31 temp 1 loss 4.62 helix 1.07 pae 0.22 i_pae 0.21 con 2.12 i_con 2.20 plddt 0.81 ptm 0.90 i_ptm 0.82 rg 1.60
18 models [4] recycles 1 hard 0 soft 0.32 temp 1 loss 4.59 helix 1.29 pae 0.21 i_pae 0.20 con 2.02 i_con 2.40 plddt 0.83 ptm 0.89 i_ptm 0.80 rg 1.45
19 models [3] recycles 1 hard 0 soft 0.34 temp 1 loss 4.63 helix 1.38 pae 0.19 i_pae 0.18 con 2.21 i_con 2.19 plddt 0.84 ptm 0.90 i_ptm 0.83 rg 1.74
20 models [4] recycles 1 hard 0 soft 0.36 temp 1 loss 4.72 helix 1.27 pae 0.23 i_pae 0.23 con 2.19 i_con 2.33 plddt 0.80 ptm 0.89 i_ptm 0.77 rg 1.44
21 models [0] recycles 1 hard 0 soft 0.38 temp 1 loss 4.78 helix 1.38 pae 0.20 i_pae 0.20 con 2.11 i_con 2.47 plddt 0.83 ptm 0.89 i_ptm 0.81 rg 1.61
22 models [4] recycles 1 hard 0 soft 0.40 temp 1 loss 4.16 helix 1.56 pae 0.17 i_pae 0.16 con 1.89 i_con 2.17 plddt 0.88 ptm 0.91 i_ptm 0.86 rg 1.58
23 models [4] recycles 1 hard 0 soft 0.41 temp 1 loss 3.99 helix 1.55 pae 0.16 i_pae 0.15 con 1.88 i_con 2.00 plddt 0.89 ptm 0.91 i_ptm 0.87 rg 1.61
24 models [4] recycles 1 hard 0 soft 0.43 temp 1 loss 4.28 helix 1.37 pae 0.19 i_pae 0.18 con 2.03 i_con 2.04 plddt 0.85 ptm 0.91 i_ptm 0.84 rg 1.67
25 models [3] recycles 1 hard 0 soft 0.45 temp 1 loss 4.33 helix 1.27 pae 0.19 i_pae 0.18 con 2.02 i_con 2.08 plddt 0.85 ptm 0.91 i_ptm 0.84 rg 1.65
26 models [4] recycles 1 hard 0 soft 0.47 temp 1 loss 4.16 helix 1.37 pae 0.18 i_pae 0.17 con 1.96 i_con 2.03 plddt 0.87 ptm 0.91 i_ptm 0.86 rg 1.60
27 models [0] recycles 1 hard 0 soft 0.49 temp 1 loss 4.17 helix 1.47 pae 0.17 i_pae 0.16 con 1.92 i_con 2.11 plddt 0.87 ptm 0.90 i_ptm 0.86 rg 1.56
28 models [0] recycles 1 hard 0 soft 0.50 temp 1 loss 5.01 helix 1.34 pae 0.25 i_pae 0.27 con 2.03 i_con 2.77 plddt 0.79 ptm 0.87 i_ptm 0.73 rg 1.54
29 models [1] recycles 1 hard 0 soft 0.52 temp 1 loss 4.20 helix 1.41 pae 0.18 i_pae 0.17 con 1.93 i_con 2.14 plddt 0.86 ptm 0.91 i_ptm 0.85 rg 1.50
30 models [0] recycles 1 hard 0 soft 0.54 temp 1 loss 4.28 helix 1.43 pae 0.19 i_pae 0.18 con 1.93 i_con 2.20 plddt 0.85 ptm 0.90 i_ptm 0.83 rg 1.54
31 models [3] recycles 1 hard 0 soft 0.56 temp 1 loss 3.87 helix 1.48 pae 0.17 i_pae 0.16 con 1.81 i_con 1.90 plddt 0.88 ptm 0.91 i_ptm 0.86 rg 1.64
32 models [4] recycles 1 hard 0 soft 0.58 temp 1 loss 4.17 helix 1.40 pae 0.19 i_pae 0.18 con 1.81 i_con 2.18 plddt 0.86 ptm 0.90 i_ptm 0.83 rg 1.60
33 models [0] recycles 1 hard 0 soft 0.59 temp 1 loss 4.13 helix 1.39 pae 0.19 i_pae 0.18 con 1.80 i_con 2.13 plddt 0.85 ptm 0.90 i_ptm 0.84 rg 1.67
34 models [1] recycles 1 hard 0 soft 0.61 temp 1 loss 3.91 helix 1.49 pae 0.17 i_pae 0.16 con 1.84 i_con 1.97 plddt 0.88 ptm 0.91 i_ptm 0.87 rg 1.48
35 models [3] recycles 1 hard 0 soft 0.63 temp 1 loss 3.99 helix 1.42 pae 0.18 i_pae 0.16 con 1.90 i_con 1.95 plddt 0.87 ptm 0.91 i_ptm 0.87 rg 1.52
36 models [3] recycles 1 hard 0 soft 0.65 temp 1 loss 3.71 helix 1.48 pae 0.17 i_pae 0.15 con 1.84 i_con 1.75 plddt 0.88 ptm 0.92 i_ptm 0.87 rg 1.56
37 models [2] recycles 1 hard 0 soft 0.67 temp 1 loss 4.01 helix 1.48 pae 0.18 i_pae 0.17 con 1.86 i_con 2.03 plddt 0.88 ptm 0.91 i_ptm 0.86 rg 1.53
38 models [3] recycles 1 hard 0 soft 0.68 temp 1 loss 3.69 helix 1.55 pae 0.16 i_pae 0.15 con 1.80 i_con 1.79 plddt 0.89 ptm 0.92 i_ptm 0.87 rg 1.57
39 models [3] recycles 1 hard 0 soft 0.70 temp 1 loss 3.49 helix 1.65 pae 0.15 i_pae 0.14 con 1.70 i_con 1.72 plddt 0.90 ptm 0.91 i_ptm 0.89 rg 1.58
40 models [2] recycles 1 hard 0 soft 0.72 temp 1 loss 4.38 helix 1.44 pae 0.20 i_pae 0.19 con 2.01 i_con 2.20 plddt 0.85 ptm 0.90 i_ptm 0.83 rg 1.59
41 models [1] recycles 1 hard 0 soft 0.74 temp 1 loss 8.33 helix 0.98 pae 0.66 i_pae 0.68 con 3.90 i_con 4.27 plddt 0.40 ptm 0.76 i_ptm 0.21 rg 0.07
42 models [4] recycles 1 hard 0 soft 0.76 temp 1 loss 3.70 helix 1.59 pae 0.17 i_pae 0.15 con 1.84 i_con 1.79 plddt 0.88 ptm 0.92 i_ptm 0.87 rg 1.47
43 models [4] recycles 1 hard 0 soft 0.77 temp 1 loss 3.66 helix 1.65 pae 0.16 i_pae 0.15 con 1.77 i_con 1.85 plddt 0.89 ptm 0.91 i_ptm 0.87 rg 1.49
44 models [3] recycles 1 hard 0 soft 0.79 temp 1 loss 3.49 helix 1.63 pae 0.16 i_pae 0.14 con 1.70 i_con 1.73 plddt 0.90 ptm 0.92 i_ptm 0.88 rg 1.51
45 models [0] recycles 1 hard 0 soft 0.81 temp 1 loss 3.54 helix 1.71 pae 0.17 i_pae 0.15 con 1.71 i_con 1.79 plddt 0.88 ptm 0.91 i_ptm 0.87 rg 1.53
46 models [1] recycles 1 hard 0 soft 0.83 temp 1 loss 3.84 helix 1.65 pae 0.17 i_pae 0.16 con 1.76 i_con 2.04 plddt 0.88 ptm 0.91 i_ptm 0.86 rg 1.43
47 models [2] recycles 1 hard 0 soft 0.85 temp 1 loss 3.66 helix 1.65 pae 0.16 i_pae 0.15 con 1.86 i_con 1.75 plddt 0.89 ptm 0.91 i_ptm 0.88 rg 1.49
48 models [0] recycles 1 hard 0 soft 0.86 temp 1 loss 3.91 helix 1.58 pae 0.18 i_pae 0.16 con 1.77 i_con 2.07 plddt 0.86 ptm 0.90 i_ptm 0.83 rg 1.45
49 models [3] recycles 1 hard 0 soft 0.88 temp 1 loss 3.78 helix 1.73 pae 0.17 i_pae 0.16 con 1.80 i_con 1.93 plddt 0.88 ptm 0.91 i_ptm 0.86 rg 1.54
50 models [4] recycles 1 hard 0 soft 0.90 temp 1 loss 3.44 helix 1.76 pae 0.15 i_pae 0.14 con 1.64 i_con 1.81 plddt 0.91 ptm 0.91 i_ptm 0.87 rg 1.43
Initial trajectory pLDDT good, continuing: 0.91
Stage 2: Softmax Optimisation
51 models [2] recycles 1 hard 0 soft 1 temp 0.92 loss 4.27 helix 1.27 pae 0.21 i_pae 0.20 con 1.96 i_con 2.16 plddt 0.84 ptm 0.89 i_ptm 0.79 rg 1.31
52 models [0] recycles 1 hard 0 soft 1 temp 0.85 loss 4.22 helix 1.27 pae 0.22 i_pae 0.21 con 2.02 i_con 2.08 plddt 0.82 ptm 0.89 i_ptm 0.79 rg 1.21
53 models [1] recycles 1 hard 0 soft 1 temp 0.78 loss 3.99 helix 1.26 pae 0.19 i_pae 0.17 con 1.91 i_con 1.95 plddt 0.85 ptm 0.91 i_ptm 0.84 rg 1.29
54 models [4] recycles 1 hard 0 soft 1 temp 0.71 loss 3.51 helix 1.74 pae 0.15 i_pae 0.14 con 1.69 i_con 1.83 plddt 0.91 ptm 0.92 i_ptm 0.89 rg 1.42
55 models [3] recycles 1 hard 0 soft 1 temp 0.64 loss 3.42 helix 1.71 pae 0.16 i_pae 0.14 con 1.66 i_con 1.76 plddt 0.90 ptm 0.92 i_ptm 0.88 rg 1.41
56 models [1] recycles 1 hard 0 soft 1 temp 0.58 loss 3.56 helix 1.48 pae 0.17 i_pae 0.15 con 1.79 i_con 1.71 plddt 0.88 ptm 0.92 i_ptm 0.88 rg 1.37
57 models [3] recycles 1 hard 0 soft 1 temp 0.52 loss 3.38 helix 1.79 pae 0.16 i_pae 0.14 con 1.65 i_con 1.78 plddt 0.90 ptm 0.92 i_ptm 0.88 rg 1.31
58 models [2] recycles 1 hard 0 soft 1 temp 0.47 loss 3.51 helix 1.88 pae 0.15 i_pae 0.14 con 1.69 i_con 1.89 plddt 0.91 ptm 0.91 i_ptm 0.88 rg 1.35
59 models [3] recycles 1 hard 0 soft 1 temp 0.42 loss 3.30 helix 1.82 pae 0.15 i_pae 0.14 con 1.62 i_con 1.75 plddt 0.91 ptm 0.92 i_ptm 0.89 rg 1.30
60 models [4] recycles 1 hard 0 soft 1 temp 0.37 loss 3.40 helix 1.75 pae 0.15 i_pae 0.14 con 1.62 i_con 1.82 plddt 0.91 ptm 0.92 i_ptm 0.89 rg 1.31
61 models [4] recycles 1 hard 0 soft 1 temp 0.32 loss 3.49 helix 1.82 pae 0.15 i_pae 0.14 con 1.63 i_con 1.93 plddt 0.91 ptm 0.92 i_ptm 0.88 rg 1.27
62 models [1] recycles 1 hard 0 soft 1 temp 0.28 loss 4.05 helix 1.53 pae 0.19 i_pae 0.17 con 2.09 i_con 1.91 plddt 0.85 ptm 0.91 i_ptm 0.85 rg 1.32
63 models [0] recycles 1 hard 0 soft 1 temp 0.24 loss 3.46 helix 1.73 pae 0.16 i_pae 0.14 con 1.72 i_con 1.77 plddt 0.90 ptm 0.91 i_ptm 0.87 rg 1.30
64 models [0] recycles 1 hard 0 soft 1 temp 0.20 loss 3.64 helix 1.50 pae 0.16 i_pae 0.15 con 1.74 i_con 1.87 plddt 0.88 ptm 0.91 i_ptm 0.86 rg 1.25
65 models [3] recycles 1 hard 0 soft 1 temp 0.17 loss 3.50 helix 1.79 pae 0.16 i_pae 0.15 con 1.72 i_con 1.85 plddt 0.89 ptm 0.91 i_ptm 0.88 rg 1.24
66 models [2] recycles 1 hard 0 soft 1 temp 0.14 loss 3.52 helix 1.88 pae 0.16 i_pae 0.15 con 1.70 i_con 1.87 plddt 0.89 ptm 0.91 i_ptm 0.87 rg 1.37
67 models [0] recycles 1 hard 0 soft 1 temp 0.11 loss 3.41 helix 1.97 pae 0.15 i_pae 0.14 con 1.70 i_con 1.78 plddt 0.90 ptm 0.91 i_ptm 0.88 rg 1.43
68 models [3] recycles 1 hard 0 soft 1 temp 0.09 loss 3.49 helix 1.99 pae 0.15 i_pae 0.14 con 1.71 i_con 1.91 plddt 0.90 ptm 0.92 i_ptm 0.89 rg 1.25
69 models [3] recycles 1 hard 0 soft 1 temp 0.07 loss 3.28 helix 2.00 pae 0.15 i_pae 0.13 con 1.61 i_con 1.80 plddt 0.91 ptm 0.92 i_ptm 0.89 rg 1.28
70 models [2] recycles 1 hard 0 soft 1 temp 0.05 loss 3.77 helix 1.80 pae 0.17 i_pae 0.16 con 1.74 i_con 2.07 plddt 0.89 ptm 0.90 i_ptm 0.85 rg 1.34
71 models [0] recycles 1 hard 0 soft 1 temp 0.04 loss 5.28 helix 1.47 pae 0.26 i_pae 0.26 con 2.53 i_con 2.68 plddt 0.74 ptm 0.87 i_ptm 0.71 rg 1.16
72 models [3] recycles 1 hard 0 soft 1 temp 0.02 loss 7.63 helix 1.22 pae 0.60 i_pae 0.63 con 3.51 i_con 4.20 plddt 0.42 ptm 0.77 i_ptm 0.24 rg -0.37
73 models [0] recycles 1 hard 0 soft 1 temp 0.02 loss 3.40 helix 1.84 pae 0.15 i_pae 0.14 con 1.66 i_con 1.81 plddt 0.90 ptm 0.91 i_ptm 0.88 rg 1.30
74 models [0] recycles 1 hard 0 soft 1 temp 0.01 loss 3.58 helix 1.92 pae 0.16 i_pae 0.15 con 1.74 i_con 1.91 plddt 0.89 ptm 0.91 i_ptm 0.87 rg 1.34
75 models [1] recycles 1 hard 0 soft 1 temp 0.01 loss 3.57 helix 1.83 pae 0.15 i_pae 0.13 con 1.79 i_con 1.77 plddt 0.90 ptm 0.92 i_ptm 0.88 rg 1.56
Softmax trajectory pLDDT good, continuing: 0.91
Stage 3: One-hot Optimisation
76 models [4] recycles 1 hard 1 soft 1 temp 0.01 loss 3.54 helix 2.00 pae 0.15 i_pae 0.14 con 1.62 i_con 2.02 plddt 0.89 ptm 0.91 i_ptm 0.88 rg 1.33
77 models [3] recycles 1 hard 1 soft 1 temp 0.01 loss 3.29 helix 1.87 pae 0.15 i_pae 0.14 con 1.64 i_con 1.71 plddt 0.90 ptm 0.92 i_ptm 0.89 rg 1.36
78 models [4] recycles 1 hard 1 soft 1 temp 0.01 loss 3.54 helix 2.00 pae 0.15 i_pae 0.14 con 1.62 i_con 2.02 plddt 0.89 ptm 0.91 i_ptm 0.88 rg 1.33
One-hot trajectory pLDDT good, continuing: 0.9
Stage 4: PSSM Semigreedy Optimisation
Running semigreedy optimization...
79 models [4] recycles 1 hard 1 soft 0 temp 1 loss 5.77 helix 1.64 pae 0.43 i_pae 0.51 con 1.91 i_con 3.75 plddt 0.62 ptm 0.80 i_ptm 0.35 rg 1.04
80 models [1] recycles 1 hard 1 soft 0 temp 1 loss 3.51 helix 1.70 pae 0.17 i_pae 0.15 con 1.73 i_con 1.82 plddt 0.87 ptm 0.92 i_ptm 0.88 rg 1.25
81 models [4] recycles 1 hard 1 soft 0 temp 1 loss 6.17 helix 1.36 pae 0.43 i_pae 0.50 con 2.36 i_con 3.73 plddt 0.55 ptm 0.80 i_ptm 0.38 rg 0.62
82 models [2] recycles 1 hard 1 soft 0 temp 1 loss 5.84 helix 1.40 pae 0.39 i_pae 0.45 con 2.25 i_con 3.49 plddt 0.65 ptm 0.81 i_ptm 0.44 rg 0.85
83 models [3] recycles 1 hard 1 soft 0 temp 1 loss 4.28 helix 1.43 pae 0.19 i_pae 0.18 con 2.08 i_con 2.12 plddt 0.82 ptm 0.91 i_ptm 0.85 rg 1.31
Trajectory successful, final pLDDT: 0.9
Starting trajectory took: 0 hours, 30 minutes, 0 seconds

Fixing interface residues: B1,B2,B3,B4,B6,B7,B8,B9,B10,B11,B14,B15,B18,B26,B28,B29,B32,B33,B35,B36,B39,B40,B43
Base AF2 filters not passed for EGFRd3_p2g0_l56_s755082_mpnn1, skipping interface scoring
Base AF2 filters not passed for EGFRd3_p2g0_l56_s755082_mpnn2, skipping interface scoring
Base AF2 filters not passed for EGFRd3_p2g0_l56_s755082_mpnn3, skipping interface scoring
Base AF2 filters not passed for EGFRd3_p2g0_l56_s755082_mpnn4, skipping interface scoring
Base AF2 filters not passed for EGFRd3_p2g0_l56_s755082_mpnn5, skipping interface scoring
Base AF2 filters not passed for EGFRd3_p2g0_l56_s755082_mpnn6, skipping interface scoring
Base AF2 filters not passed for EGFRd3_p2g0_l56_s755082_mpnn7, skipping interface scoring
Base AF2 filters not passed for EGFRd3_p2g0_l56_s755082_mpnn8, skipping interface scoring
No accepted MPNN designs found for this trajectory.

Design and validation of trajectory EGFRd3_p2g0_l56_s755082 took: 0 hours, 3 minutes, 24 seconds
Starting trajectory: EGFRd3_p2g0_l63_s983861
Stage 1: Test Logits
