Available GPUs:
Tesla T41: gpu
┌───────────────────────────────────────────────────────────────────────────────┐
│                                  PyRosetta-4                                  │
│               Created in JHU by Sergey Lyskov and PyRosetta Team              │
│               (C) Copyright Rosetta Commons Member Institutions               │
│                                                                               │
│ NOTE: USE OF PyRosetta FOR COMMERCIAL PURPOSES REQUIRES PURCHASE OF A LICENSE │
│          See LICENSE.PyRosetta.md or email license@uw.edu for details         │
└───────────────────────────────────────────────────────────────────────────────┘
PyRosetta-4 2026 [Rosetta PyRosetta4.Release.python310.ubuntu.cxx11thread.serialization 2026.29+releasequarterly.80a0635615099e1b918474a63acba7b1de6fd107 2026-07-14T16:24:11] retrieved from: http://www.pyrosetta.org
Running binder design for target patch2_gpu0
Design settings used: reduced_budget
Filtering designs based on default_filters
Starting trajectory: EGFRd3_p2g0_l74_s172654
Stage 1: Test Logits
1 models [0] recycles 1 hard 0 soft 0.02 temp 1 loss 10.71 helix 1.52 pae 0.79 i_pae 0.80 con 4.54 i_con 4.41 plddt 0.29 ptm 0.71 i_ptm 0.15 rg 5.68
2 models [4] recycles 1 hard 0 soft 0.04 temp 1 loss 10.70 helix 0.99 pae 0.76 i_pae 0.75 con 4.71 i_con 4.03 plddt 0.34 ptm 0.72 i_ptm 0.17 rg 5.88
3 models [2] recycles 1 hard 0 soft 0.05 temp 1 loss 9.75 helix 1.54 pae 0.75 i_pae 0.72 con 4.51 i_con 4.11 plddt 0.28 ptm 0.73 i_ptm 0.19 rg 3.69
4 models [2] recycles 1 hard 0 soft 0.07 temp 1 loss 9.87 helix 1.22 pae 0.75 i_pae 0.73 con 4.50 i_con 4.26 plddt 0.29 ptm 0.72 i_ptm 0.18 rg 3.32
5 models [2] recycles 1 hard 0 soft 0.09 temp 1 loss 8.99 helix 1.45 pae 0.74 i_pae 0.72 con 4.38 i_con 4.06 plddt 0.30 ptm 0.73 i_ptm 0.20 rg 1.73
6 models [0] recycles 1 hard 0 soft 0.11 temp 1 loss 9.41 helix 0.69 pae 0.66 i_pae 0.68 con 4.23 i_con 4.08 plddt 0.42 ptm 0.73 i_ptm 0.24 rg 2.96
7 models [1] recycles 1 hard 0 soft 0.13 temp 1 loss 9.12 helix 0.86 pae 0.68 i_pae 0.70 con 4.09 i_con 4.21 plddt 0.38 ptm 0.73 i_ptm 0.22 rg 2.09
8 models [0] recycles 1 hard 0 soft 0.14 temp 1 loss 8.70 helix 0.94 pae 0.69 i_pae 0.71 con 4.12 i_con 4.26 plddt 0.36 ptm 0.73 i_ptm 0.20 rg 0.52
9 models [4] recycles 1 hard 0 soft 0.16 temp 1 loss 8.12 helix 0.91 pae 0.64 i_pae 0.65 con 4.00 i_con 4.11 plddt 0.36 ptm 0.73 i_ptm 0.24 rg -0.47
10 models [1] recycles 1 hard 0 soft 0.18 temp 1 loss 8.04 helix 0.90 pae 0.62 i_pae 0.65 con 3.85 i_con 4.10 plddt 0.41 ptm 0.74 i_ptm 0.25 rg -0.16
11 models [2] recycles 1 hard 0 soft 0.20 temp 1 loss 7.58 helix 1.01 pae 0.60 i_pae 0.62 con 3.70 i_con 3.84 plddt 0.44 ptm 0.74 i_ptm 0.27 rg -0.20
12 models [0] recycles 1 hard 0 soft 0.22 temp 1 loss 7.42 helix 0.91 pae 0.56 i_pae 0.61 con 3.39 i_con 3.88 plddt 0.50 ptm 0.74 i_ptm 0.27 rg 0.18
13 models [2] recycles 1 hard 0 soft 0.23 temp 1 loss 7.12 helix 0.92 pae 0.51 i_pae 0.53 con 3.34 i_con 3.64 plddt 0.54 ptm 0.76 i_ptm 0.36 rg 0.28
14 models [3] recycles 1 hard 0 soft 0.25 temp 1 loss 6.63 helix 0.92 pae 0.42 i_pae 0.44 con 2.93 i_con 3.46 plddt 0.64 ptm 0.78 i_ptm 0.42 rg 0.83
15 models [3] recycles 1 hard 0 soft 0.27 temp 1 loss 7.02 helix 0.91 pae 0.50 i_pae 0.55 con 3.06 i_con 3.71 plddt 0.58 ptm 0.75 i_ptm 0.32 rg 0.61
16 models [1] recycles 1 hard 0 soft 0.29 temp 1 loss 6.89 helix 0.87 pae 0.44 i_pae 0.48 con 3.14 i_con 3.52 plddt 0.60 ptm 0.78 i_ptm 0.41 rg 0.68
17 models [2] recycles 1 hard 0 soft 0.31 temp 1 loss 6.72 helix 0.86 pae 0.46 i_pae 0.49 con 2.92 i_con 3.52 plddt 0.62 ptm 0.76 i_ptm 0.36 rg 0.79
18 models [0] recycles 1 hard 0 soft 0.32 temp 1 loss 5.59 helix 0.92 pae 0.29 i_pae 0.31 con 2.36 i_con 2.98 plddt 0.77 ptm 0.82 i_ptm 0.56 rg 1.10
19 models [1] recycles 1 hard 0 soft 0.34 temp 1 loss 5.60 helix 0.88 pae 0.29 i_pae 0.29 con 2.47 i_con 2.89 plddt 0.76 ptm 0.84 i_ptm 0.61 rg 1.05
20 models [0] recycles 1 hard 0 soft 0.36 temp 1 loss 5.40 helix 0.96 pae 0.27 i_pae 0.28 con 2.41 i_con 2.74 plddt 0.76 ptm 0.84 i_ptm 0.63 rg 1.17
21 models [4] recycles 1 hard 0 soft 0.38 temp 1 loss 5.05 helix 0.99 pae 0.25 i_pae 0.25 con 2.22 i_con 2.59 plddt 0.81 ptm 0.84 i_ptm 0.66 rg 1.26
22 models [0] recycles 1 hard 0 soft 0.40 temp 1 loss 5.31 helix 0.99 pae 0.26 i_pae 0.27 con 2.32 i_con 2.75 plddt 0.79 ptm 0.84 i_ptm 0.62 rg 1.22
23 models [1] recycles 1 hard 0 soft 0.41 temp 1 loss 5.09 helix 1.03 pae 0.27 i_pae 0.29 con 1.97 i_con 2.88 plddt 0.83 ptm 0.82 i_ptm 0.55 rg 1.24
24 models [1] recycles 1 hard 0 soft 0.43 temp 1 loss 4.84 helix 1.04 pae 0.25 i_pae 0.26 con 1.90 i_con 2.74 plddt 0.84 ptm 0.84 i_ptm 0.62 rg 1.19
25 models [0] recycles 1 hard 0 soft 0.45 temp 1 loss 4.39 helix 1.13 pae 0.20 i_pae 0.20 con 1.76 i_con 2.46 plddt 0.87 ptm 0.86 i_ptm 0.71 rg 1.26
26 models [4] recycles 1 hard 0 soft 0.47 temp 1 loss 5.08 helix 1.04 pae 0.27 i_pae 0.29 con 1.94 i_con 2.90 plddt 0.84 ptm 0.83 i_ptm 0.57 rg 1.26
27 models [2] recycles 1 hard 0 soft 0.49 temp 1 loss 4.85 helix 1.03 pae 0.25 i_pae 0.26 con 1.97 i_con 2.65 plddt 0.85 ptm 0.84 i_ptm 0.63 rg 1.31
28 models [1] recycles 1 hard 0 soft 0.50 temp 1 loss 5.00 helix 1.01 pae 0.28 i_pae 0.30 con 1.74 i_con 3.02 plddt 0.85 ptm 0.82 i_ptm 0.54 rg 1.21
29 models [1] recycles 1 hard 0 soft 0.52 temp 1 loss 4.45 helix 1.05 pae 0.18 i_pae 0.18 con 1.82 i_con 2.41 plddt 0.88 ptm 0.87 i_ptm 0.74 rg 1.38
30 models [0] recycles 1 hard 0 soft 0.54 temp 1 loss 4.32 helix 1.04 pae 0.18 i_pae 0.19 con 1.68 i_con 2.44 plddt 0.88 ptm 0.87 i_ptm 0.73 rg 1.31
31 models [1] recycles 1 hard 0 soft 0.56 temp 1 loss 4.13 helix 1.10 pae 0.17 i_pae 0.16 con 1.82 i_con 2.14 plddt 0.88 ptm 0.89 i_ptm 0.77 rg 1.31
32 models [3] recycles 1 hard 0 soft 0.58 temp 1 loss 3.70 helix 1.12 pae 0.15 i_pae 0.13 con 1.65 i_con 1.89 plddt 0.92 ptm 0.90 i_ptm 0.83 rg 1.36
33 models [4] recycles 1 hard 0 soft 0.59 temp 1 loss 4.10 helix 1.10 pae 0.16 i_pae 0.16 con 1.75 i_con 2.19 plddt 0.91 ptm 0.89 i_ptm 0.79 rg 1.33
34 models [4] recycles 1 hard 0 soft 0.61 temp 1 loss 3.59 helix 1.19 pae 0.14 i_pae 0.12 con 1.63 i_con 1.83 plddt 0.93 ptm 0.90 i_ptm 0.84 rg 1.35
35 models [4] recycles 1 hard 0 soft 0.63 temp 1 loss 3.73 helix 1.13 pae 0.14 i_pae 0.13 con 1.69 i_con 1.90 plddt 0.92 ptm 0.90 i_ptm 0.83 rg 1.30
36 models [4] recycles 1 hard 0 soft 0.65 temp 1 loss 3.69 helix 1.20 pae 0.14 i_pae 0.13 con 1.80 i_con 1.76 plddt 0.91 ptm 0.91 i_ptm 0.84 rg 1.35
37 models [4] recycles 1 hard 0 soft 0.67 temp 1 loss 3.60 helix 1.26 pae 0.15 i_pae 0.13 con 1.72 i_con 1.76 plddt 0.91 ptm 0.90 i_ptm 0.83 rg 1.36
38 models [2] recycles 1 hard 0 soft 0.68 temp 1 loss 3.56 helix 1.26 pae 0.14 i_pae 0.13 con 1.68 i_con 1.78 plddt 0.93 ptm 0.90 i_ptm 0.84 rg 1.32
39 models [2] recycles 1 hard 0 soft 0.70 temp 1 loss 3.72 helix 1.18 pae 0.15 i_pae 0.14 con 1.76 i_con 1.82 plddt 0.92 ptm 0.90 i_ptm 0.83 rg 1.34
40 models [0] recycles 1 hard 0 soft 0.72 temp 1 loss 4.39 helix 1.12 pae 0.19 i_pae 0.18 con 2.01 i_con 2.19 plddt 0.86 ptm 0.88 i_ptm 0.77 rg 1.36
41 models [3] recycles 1 hard 0 soft 0.74 temp 1 loss 3.41 helix 1.42 pae 0.15 i_pae 0.13 con 1.65 i_con 1.69 plddt 0.92 ptm 0.91 i_ptm 0.85 rg 1.38
42 models [4] recycles 1 hard 0 soft 0.76 temp 1 loss 3.51 helix 1.27 pae 0.13 i_pae 0.12 con 1.64 i_con 1.76 plddt 0.93 ptm 0.91 i_ptm 0.85 rg 1.36
43 models [3] recycles 1 hard 0 soft 0.77 temp 1 loss 3.38 helix 1.25 pae 0.13 i_pae 0.11 con 1.62 i_con 1.63 plddt 0.93 ptm 0.91 i_ptm 0.87 rg 1.40
44 models [0] recycles 1 hard 0 soft 0.79 temp 1 loss 4.86 helix 0.98 pae 0.21 i_pae 0.21 con 2.00 i_con 2.64 plddt 0.84 ptm 0.86 i_ptm 0.71 rg 1.25
45 models [1] recycles 1 hard 0 soft 0.81 temp 1 loss 4.51 helix 0.94 pae 0.18 i_pae 0.17 con 2.09 i_con 2.21 plddt 0.86 ptm 0.90 i_ptm 0.80 rg 1.27
46 models [3] recycles 1 hard 0 soft 0.83 temp 1 loss 3.41 helix 1.36 pae 0.13 i_pae 0.12 con 1.62 i_con 1.70 plddt 0.93 ptm 0.91 i_ptm 0.86 rg 1.38
47 models [4] recycles 1 hard 0 soft 0.85 temp 1 loss 4.14 helix 1.04 pae 0.18 i_pae 0.16 con 1.98 i_con 1.96 plddt 0.87 ptm 0.89 i_ptm 0.80 rg 1.36
48 models [0] recycles 1 hard 0 soft 0.86 temp 1 loss 3.66 helix 1.21 pae 0.15 i_pae 0.13 con 1.72 i_con 1.81 plddt 0.91 ptm 0.90 i_ptm 0.84 rg 1.35
49 models [1] recycles 1 hard 0 soft 0.88 temp 1 loss 3.58 helix 1.21 pae 0.14 i_pae 0.13 con 1.66 i_con 1.79 plddt 0.92 ptm 0.91 i_ptm 0.84 rg 1.37
50 models [4] recycles 1 hard 0 soft 0.90 temp 1 loss 3.50 helix 1.23 pae 0.14 i_pae 0.12 con 1.66 i_con 1.73 plddt 0.93 ptm 0.91 i_ptm 0.85 rg 1.33
Initial trajectory pLDDT good, continuing: 0.93
Stage 2: Softmax Optimisation
51 models [0] recycles 1 hard 0 soft 1 temp 0.92 loss 3.63 helix 1.16 pae 0.15 i_pae 0.13 con 1.69 i_con 1.82 plddt 0.91 ptm 0.90 i_ptm 0.83 rg 1.28
52 models [2] recycles 1 hard 0 soft 1 temp 0.85 loss 3.81 helix 1.23 pae 0.15 i_pae 0.13 con 1.77 i_con 1.92 plddt 0.91 ptm 0.90 i_ptm 0.84 rg 1.31
53 models [4] recycles 1 hard 0 soft 1 temp 0.78 loss 3.53 helix 1.20 pae 0.13 i_pae 0.12 con 1.66 i_con 1.76 plddt 0.93 ptm 0.91 i_ptm 0.86 rg 1.28
54 models [4] recycles 1 hard 0 soft 1 temp 0.71 loss 3.42 helix 1.27 pae 0.13 i_pae 0.11 con 1.54 i_con 1.77 plddt 0.94 ptm 0.91 i_ptm 0.85 rg 1.37
55 models [0] recycles 1 hard 0 soft 1 temp 0.64 loss 3.59 helix 1.25 pae 0.14 i_pae 0.13 con 1.63 i_con 1.86 plddt 0.92 ptm 0.90 i_ptm 0.84 rg 1.28
56 models [1] recycles 1 hard 0 soft 1 temp 0.58 loss 3.75 helix 1.22 pae 0.14 i_pae 0.13 con 1.75 i_con 1.89 plddt 0.91 ptm 0.91 i_ptm 0.84 rg 1.31
57 models [2] recycles 1 hard 0 soft 1 temp 0.52 loss 3.47 helix 1.32 pae 0.14 i_pae 0.12 con 1.63 i_con 1.75 plddt 0.93 ptm 0.91 i_ptm 0.85 rg 1.34
58 models [0] recycles 1 hard 0 soft 1 temp 0.47 loss 3.46 helix 1.32 pae 0.13 i_pae 0.12 con 1.66 i_con 1.72 plddt 0.92 ptm 0.90 i_ptm 0.85 rg 1.30
59 models [0] recycles 1 hard 0 soft 1 temp 0.42 loss 5.24 helix 0.96 pae 0.23 i_pae 0.22 con 2.35 i_con 2.67 plddt 0.78 ptm 0.87 i_ptm 0.72 rg 1.18
60 models [1] recycles 1 hard 0 soft 1 temp 0.37 loss 3.52 helix 1.27 pae 0.14 i_pae 0.12 con 1.58 i_con 1.84 plddt 0.92 ptm 0.91 i_ptm 0.84 rg 1.30
61 models [2] recycles 1 hard 0 soft 1 temp 0.32 loss 3.77 helix 1.20 pae 0.15 i_pae 0.14 con 1.67 i_con 1.98 plddt 0.92 ptm 0.90 i_ptm 0.83 rg 1.27
62 models [1] recycles 1 hard 0 soft 1 temp 0.28 loss 3.71 helix 1.22 pae 0.14 i_pae 0.14 con 1.61 i_con 1.99 plddt 0.91 ptm 0.90 i_ptm 0.82 rg 1.29
63 models [0] recycles 1 hard 0 soft 1 temp 0.24 loss 4.22 helix 1.22 pae 0.18 i_pae 0.17 con 1.80 i_con 2.31 plddt 0.87 ptm 0.88 i_ptm 0.76 rg 1.22
64 models [4] recycles 1 hard 0 soft 1 temp 0.20 loss 4.40 helix 1.17 pae 0.19 i_pae 0.19 con 1.82 i_con 2.43 plddt 0.87 ptm 0.87 i_ptm 0.74 rg 1.26
65 models [3] recycles 1 hard 0 soft 1 temp 0.17 loss 3.95 helix 1.20 pae 0.16 i_pae 0.15 con 1.66 i_con 2.17 plddt 0.90 ptm 0.89 i_ptm 0.80 rg 1.27
66 models [2] recycles 1 hard 0 soft 1 temp 0.14 loss 4.33 helix 1.18 pae 0.22 i_pae 0.22 con 1.75 i_con 2.45 plddt 0.88 ptm 0.85 i_ptm 0.68 rg 1.15
67 models [3] recycles 1 hard 0 soft 1 temp 0.11 loss 3.95 helix 1.13 pae 0.16 i_pae 0.16 con 1.71 i_con 2.12 plddt 0.90 ptm 0.89 i_ptm 0.80 rg 1.21
68 models [1] recycles 1 hard 0 soft 1 temp 0.09 loss 3.55 helix 1.33 pae 0.14 i_pae 0.13 con 1.60 i_con 1.89 plddt 0.92 ptm 0.90 i_ptm 0.84 rg 1.27
69 models [2] recycles 1 hard 0 soft 1 temp 0.07 loss 5.63 helix 0.98 pae 0.30 i_pae 0.32 con 2.22 i_con 3.17 plddt 0.78 ptm 0.83 i_ptm 0.56 rg 1.11
70 models [4] recycles 1 hard 0 soft 1 temp 0.05 loss 5.43 helix 0.98 pae 0.25 i_pae 0.24 con 2.27 i_con 2.90 plddt 0.80 ptm 0.86 i_ptm 0.67 rg 1.30
71 models [2] recycles 1 hard 0 soft 1 temp 0.04 loss 4.96 helix 1.05 pae 0.25 i_pae 0.27 con 2.02 i_con 2.72 plddt 0.84 ptm 0.85 i_ptm 0.65 rg 1.24
72 models [3] recycles 1 hard 0 soft 1 temp 0.02 loss 3.92 helix 1.23 pae 0.16 i_pae 0.15 con 1.72 i_con 2.09 plddt 0.90 ptm 0.89 i_ptm 0.80 rg 1.26
73 models [4] recycles 1 hard 0 soft 1 temp 0.02 loss 3.66 helix 1.29 pae 0.14 i_pae 0.13 con 1.61 i_con 1.96 plddt 0.92 ptm 0.90 i_ptm 0.84 rg 1.29
74 models [3] recycles 1 hard 0 soft 1 temp 0.01 loss 3.87 helix 1.19 pae 0.16 i_pae 0.15 con 1.69 i_con 2.05 plddt 0.91 ptm 0.90 i_ptm 0.81 rg 1.30
75 models [2] recycles 1 hard 0 soft 1 temp 0.01 loss 5.20 helix 0.99 pae 0.26 i_pae 0.28 con 2.17 i_con 2.79 plddt 0.81 ptm 0.84 i_ptm 0.64 rg 1.22
Softmax trajectory pLDDT good, continuing: 0.94
Stage 3: One-hot Optimisation
76 models [3] recycles 1 hard 1 soft 1 temp 0.01 loss 3.68 helix 1.22 pae 0.14 i_pae 0.13 con 1.62 i_con 1.93 plddt 0.91 ptm 0.91 i_ptm 0.84 rg 1.37
77 models [1] recycles 1 hard 1 soft 1 temp 0.01 loss 4.00 helix 1.07 pae 0.16 i_pae 0.15 con 1.70 i_con 2.12 plddt 0.88 ptm 0.90 i_ptm 0.81 rg 1.34
78 models [2] recycles 1 hard 1 soft 1 temp 0.01 loss 3.69 helix 1.27 pae 0.14 i_pae 0.13 con 1.66 i_con 1.92 plddt 0.91 ptm 0.90 i_ptm 0.83 rg 1.33
One-hot trajectory pLDDT good, continuing: 0.91
Stage 4: PSSM Semigreedy Optimisation
Running semigreedy optimization...
79 models [2] recycles 1 hard 1 soft 0 temp 1 loss 3.75 helix 1.25 pae 0.15 i_pae 0.14 con 1.67 i_con 1.97 plddt 0.91 ptm 0.90 i_ptm 0.83 rg 1.34
80 models [3] recycles 1 hard 1 soft 0 temp 1 loss 3.71 helix 1.24 pae 0.15 i_pae 0.14 con 1.60 i_con 2.00 plddt 0.91 ptm 0.90 i_ptm 0.83 rg 1.32
81 models [1] recycles 1 hard 1 soft 0 temp 1 loss 5.08 helix 0.88 pae 0.24 i_pae 0.24 con 2.15 i_con 2.66 plddt 0.78 ptm 0.87 i_ptm 0.70 rg 1.25
82 models [2] recycles 1 hard 1 soft 0 temp 1 loss 8.08 helix 0.81 pae 0.63 i_pae 0.70 con 3.32 i_con 4.44 plddt 0.46 ptm 0.73 i_ptm 0.21 rg 0.50
83 models [2] recycles 1 hard 1 soft 0 temp 1 loss 8.14 helix 0.80 pae 0.64 i_pae 0.70 con 3.36 i_con 4.39 plddt 0.47 ptm 0.73 i_ptm 0.20 rg 0.70
Trajectory successful, final pLDDT: 0.91
Starting trajectory took: 0 hours, 30 minutes, 45 seconds

Fixing interface residues: B2,B5,B6,B8,B9,B12,B13,B15,B16,B19,B20,B22,B23,B25,B26,B27,B29,B30,B34,B35,B38,B42,B45,B46,B49,B50,B52
Base AF2 filters not passed for EGFRd3_p2g0_l74_s172654_mpnn1, skipping interface scoring
Base AF2 filters not passed for EGFRd3_p2g0_l74_s172654_mpnn2, skipping interface scoring
Base AF2 filters not passed for EGFRd3_p2g0_l74_s172654_mpnn3, skipping interface scoring
Unmet filter conditions for EGFRd3_p2g0_l74_s172654_mpnn4
Unmet filter conditions for EGFRd3_p2g0_l74_s172654_mpnn5
Base AF2 filters not passed for EGFRd3_p2g0_l74_s172654_mpnn6, skipping interface scoring
Base AF2 filters not passed for EGFRd3_p2g0_l74_s172654_mpnn7, skipping interface scoring
Unmet filter conditions for EGFRd3_p2g0_l74_s172654_mpnn8
No accepted MPNN designs found for this trajectory.

Design and validation of trajectory EGFRd3_p2g0_l74_s172654 took: 0 hours, 12 minutes, 40 seconds
Starting trajectory: EGFRd3_p2g0_l59_s742605
Stage 1: Test Logits
1 models [3] recycles 1 hard 0 soft 0.02 temp 1 loss 11.19 helix 1.77 pae 0.79 i_pae 0.78 con 4.71 i_con 4.40 plddt 0.26 ptm 0.75 i_ptm 0.14 rg 7.01
2 models [4] recycles 1 hard 0 soft 0.04 temp 1 loss 8.64 helix 0.99 pae 0.68 i_pae 0.66 con 4.34 i_con 3.95 plddt 0.32 ptm 0.76 i_ptm 0.22 rg 0.65
3 models [1] recycles 1 hard 0 soft 0.05 temp 1 loss 9.27 helix 0.80 pae 0.67 i_pae 0.67 con 4.54 i_con 3.93 plddt 0.37 ptm 0.77 i_ptm 0.23 rg 2.00
4 models [3] recycles 1 hard 0 soft 0.07 temp 1 loss 8.99 helix 1.06 pae 0.69 i_pae 0.68 con 4.44 i_con 3.86 plddt 0.38 ptm 0.76 i_ptm 0.22 rg 1.87
5 models [2] recycles 1 hard 0 soft 0.09 temp 1 loss 9.24 helix 1.02 pae 0.65 i_pae 0.64 con 4.26 i_con 3.96 plddt 0.39 ptm 0.76 i_ptm 0.25 rg 3.01
6 models [1] recycles 1 hard 0 soft 0.11 temp 1 loss 8.76 helix 0.88 pae 0.63 i_pae 0.63 con 4.12 i_con 4.01 plddt 0.39 ptm 0.77 i_ptm 0.25 rg 1.61
7 models [3] recycles 1 hard 0 soft 0.13 temp 1 loss 8.15 helix 0.94 pae 0.63 i_pae 0.63 con 3.77 i_con 4.03 plddt 0.40 ptm 0.77 i_ptm 0.26 rg 0.74
8 models [3] recycles 1 hard 0 soft 0.14 temp 1 loss 7.92 helix 0.93 pae 0.61 i_pae 0.61 con 3.79 i_con 3.88 plddt 0.40 ptm 0.77 i_ptm 0.27 rg 0.44
9 models [0] recycles 1 hard 0 soft 0.16 temp 1 loss 7.81 helix 0.95 pae 0.60 i_pae 0.61 con 3.65 i_con 3.86 plddt 0.44 ptm 0.76 i_ptm 0.26 rg 0.67
10 models [1] recycles 1 hard 0 soft 0.18 temp 1 loss 7.94 helix 1.02 pae 0.62 i_pae 0.62 con 3.73 i_con 3.83 plddt 0.43 ptm 0.77 i_ptm 0.25 rg 0.92
11 models [2] recycles 1 hard 0 soft 0.20 temp 1 loss 7.87 helix 0.96 pae 0.65 i_pae 0.66 con 3.89 i_con 3.82 plddt 0.40 ptm 0.76 i_ptm 0.22 rg 0.08
12 models [1] recycles 1 hard 0 soft 0.22 temp 1 loss 8.16 helix 0.94 pae 0.64 i_pae 0.66 con 3.82 i_con 4.07 plddt 0.39 ptm 0.76 i_ptm 0.22 rg 0.45
13 models [1] recycles 1 hard 0 soft 0.23 temp 1 loss 7.72 helix 0.91 pae 0.61 i_pae 0.64 con 3.48 i_con 4.05 plddt 0.44 ptm 0.76 i_ptm 0.23 rg 0.19
14 models [4] recycles 1 hard 0 soft 0.25 temp 1 loss 7.84 helix 0.78 pae 0.61 i_pae 0.65 con 3.49 i_con 4.02 plddt 0.45 ptm 0.76 i_ptm 0.21 rg 0.51
15 models [0] recycles 1 hard 0 soft 0.27 temp 1 loss 7.48 helix 0.83 pae 0.55 i_pae 0.61 con 3.03 i_con 4.10 plddt 0.52 ptm 0.76 i_ptm 0.28 rg 0.77
16 models [0] recycles 1 hard 0 soft 0.29 temp 1 loss 6.72 helix 0.98 pae 0.56 i_pae 0.64 con 2.36 i_con 4.14 plddt 0.56 ptm 0.76 i_ptm 0.23 rg 0.49
17 models [4] recycles 1 hard 0 soft 0.31 temp 1 loss 6.84 helix 0.96 pae 0.59 i_pae 0.66 con 2.53 i_con 4.08 plddt 0.55 ptm 0.76 i_ptm 0.22 rg 0.48
18 models [4] recycles 1 hard 0 soft 0.32 temp 1 loss 6.75 helix 0.97 pae 0.59 i_pae 0.66 con 2.46 i_con 4.07 plddt 0.55 ptm 0.75 i_ptm 0.21 rg 0.43
19 models [1] recycles 1 hard 0 soft 0.34 temp 1 loss 6.95 helix 0.95 pae 0.57 i_pae 0.65 con 2.53 i_con 4.23 plddt 0.58 ptm 0.76 i_ptm 0.23 rg 0.35
20 models [2] recycles 1 hard 0 soft 0.36 temp 1 loss 6.71 helix 0.93 pae 0.59 i_pae 0.67 con 2.37 i_con 4.18 plddt 0.60 ptm 0.75 i_ptm 0.22 rg 0.20
21 models [4] recycles 1 hard 0 soft 0.38 temp 1 loss 6.67 helix 0.95 pae 0.54 i_pae 0.61 con 2.47 i_con 3.96 plddt 0.59 ptm 0.76 i_ptm 0.26 rg 0.57
22 models [1] recycles 1 hard 0 soft 0.40 temp 1 loss 6.45 helix 0.97 pae 0.51 i_pae 0.59 con 2.22 i_con 3.96 plddt 0.63 ptm 0.77 i_ptm 0.27 rg 0.73
23 models [2] recycles 1 hard 0 soft 0.41 temp 1 loss 6.40 helix 0.98 pae 0.53 i_pae 0.62 con 2.19 i_con 3.99 plddt 0.65 ptm 0.76 i_ptm 0.26 rg 0.58
24 models [3] recycles 1 hard 0 soft 0.43 temp 1 loss 6.19 helix 0.98 pae 0.48 i_pae 0.55 con 2.10 i_con 3.85 plddt 0.65 ptm 0.77 i_ptm 0.30 rg 0.74
25 models [3] recycles 1 hard 0 soft 0.45 temp 1 loss 6.02 helix 0.94 pae 0.39 i_pae 0.43 con 2.19 i_con 3.52 plddt 0.67 ptm 0.81 i_ptm 0.47 rg 1.09
26 models [2] recycles 1 hard 0 soft 0.47 temp 1 loss 6.43 helix 0.99 pae 0.53 i_pae 0.60 con 2.27 i_con 3.94 plddt 0.64 ptm 0.76 i_ptm 0.27 rg 0.60
27 models [4] recycles 1 hard 0 soft 0.49 temp 1 loss 6.26 helix 0.98 pae 0.46 i_pae 0.54 con 2.12 i_con 3.85 plddt 0.68 ptm 0.79 i_ptm 0.35 rg 0.94
28 models [0] recycles 1 hard 0 soft 0.50 temp 1 loss 5.91 helix 1.02 pae 0.38 i_pae 0.42 con 2.09 i_con 3.56 plddt 0.68 ptm 0.81 i_ptm 0.45 rg 1.07
29 models [3] recycles 1 hard 0 soft 0.52 temp 1 loss 5.77 helix 1.03 pae 0.35 i_pae 0.39 con 2.12 i_con 3.42 plddt 0.71 ptm 0.83 i_ptm 0.52 rg 1.01
30 models [1] recycles 1 hard 0 soft 0.54 temp 1 loss 5.57 helix 1.08 pae 0.29 i_pae 0.32 con 2.17 i_con 3.20 plddt 0.73 ptm 0.86 i_ptm 0.65 rg 1.11
31 models [1] recycles 1 hard 0 soft 0.56 temp 1 loss 5.75 helix 1.09 pae 0.32 i_pae 0.36 con 2.16 i_con 3.37 plddt 0.73 ptm 0.84 i_ptm 0.58 rg 1.12
32 models [3] recycles 1 hard 0 soft 0.58 temp 1 loss 5.32 helix 1.05 pae 0.26 i_pae 0.28 con 2.12 i_con 3.00 plddt 0.76 ptm 0.87 i_ptm 0.73 rg 1.14
33 models [4] recycles 1 hard 0 soft 0.59 temp 1 loss 4.90 helix 1.08 pae 0.22 i_pae 0.22 con 2.10 i_con 2.62 plddt 0.80 ptm 0.90 i_ptm 0.80 rg 1.20
34 models [2] recycles 1 hard 0 soft 0.61 temp 1 loss 4.73 helix 1.14 pae 0.24 i_pae 0.23 con 1.97 i_con 2.51 plddt 0.80 ptm 0.88 i_ptm 0.77 rg 1.44
35 models [3] recycles 1 hard 0 soft 0.63 temp 1 loss 5.08 helix 1.10 pae 0.24 i_pae 0.24 con 2.15 i_con 2.63 plddt 0.78 ptm 0.88 i_ptm 0.77 rg 1.58
36 models [0] recycles 1 hard 0 soft 0.65 temp 1 loss 4.70 helix 1.12 pae 0.22 i_pae 0.22 con 1.95 i_con 2.55 plddt 0.81 ptm 0.89 i_ptm 0.80 rg 1.35
37 models [3] recycles 1 hard 0 soft 0.67 temp 1 loss 4.80 helix 1.15 pae 0.23 i_pae 0.23 con 1.95 i_con 2.61 plddt 0.81 ptm 0.89 i_ptm 0.79 rg 1.50
38 models [1] recycles 1 hard 0 soft 0.68 temp 1 loss 4.54 helix 1.18 pae 0.22 i_pae 0.21 con 1.99 i_con 2.36 plddt 0.81 ptm 0.90 i_ptm 0.81 rg 1.37
39 models [4] recycles 1 hard 0 soft 0.70 temp 1 loss 4.45 helix 1.21 pae 0.19 i_pae 0.20 con 1.88 i_con 2.40 plddt 0.84 ptm 0.90 i_ptm 0.84 rg 1.35
40 models [0] recycles 1 hard 0 soft 0.72 temp 1 loss 4.34 helix 1.18 pae 0.21 i_pae 0.20 con 1.92 i_con 2.25 plddt 0.82 ptm 0.90 i_ptm 0.81 rg 1.33
41 models [0] recycles 1 hard 0 soft 0.74 temp 1 loss 4.46 helix 1.16 pae 0.21 i_pae 0.21 con 1.89 i_con 2.37 plddt 0.82 ptm 0.89 i_ptm 0.80 rg 1.40
42 models [2] recycles 1 hard 0 soft 0.76 temp 1 loss 4.42 helix 1.33 pae 0.18 i_pae 0.18 con 1.77 i_con 2.54 plddt 0.88 ptm 0.90 i_ptm 0.85 rg 1.32
43 models [4] recycles 1 hard 0 soft 0.77 temp 1 loss 4.74 helix 1.23 pae 0.19 i_pae 0.20 con 1.88 i_con 2.71 plddt 0.86 ptm 0.90 i_ptm 0.82 rg 1.36
44 models [1] recycles 1 hard 0 soft 0.79 temp 1 loss 5.87 helix 1.04 pae 0.34 i_pae 0.39 con 2.11 i_con 3.44 plddt 0.72 ptm 0.84 i_ptm 0.56 rg 1.33
45 models [0] recycles 1 hard 0 soft 0.81 temp 1 loss 4.50 helix 1.26 pae 0.19 i_pae 0.19 con 1.83 i_con 2.56 plddt 0.85 ptm 0.90 i_ptm 0.84 rg 1.23
46 models [3] recycles 1 hard 0 soft 0.83 temp 1 loss 3.99 helix 1.37 pae 0.15 i_pae 0.15 con 1.64 i_con 2.29 plddt 0.90 ptm 0.91 i_ptm 0.88 rg 1.26
47 models [2] recycles 1 hard 0 soft 0.85 temp 1 loss 4.28 helix 1.33 pae 0.18 i_pae 0.18 con 1.75 i_con 2.43 plddt 0.88 ptm 0.91 i_ptm 0.86 rg 1.31
48 models [3] recycles 1 hard 0 soft 0.86 temp 1 loss 3.84 helix 1.46 pae 0.14 i_pae 0.14 con 1.63 i_con 2.19 plddt 0.91 ptm 0.92 i_ptm 0.89 rg 1.23
49 models [3] recycles 1 hard 0 soft 0.88 temp 1 loss 4.28 helix 1.30 pae 0.17 i_pae 0.18 con 1.72 i_con 2.47 plddt 0.88 ptm 0.90 i_ptm 0.86 rg 1.26
50 models [4] recycles 1 hard 0 soft 0.90 temp 1 loss 3.98 helix 1.34 pae 0.16 i_pae 0.16 con 1.70 i_con 2.21 plddt 0.90 ptm 0.92 i_ptm 0.88 rg 1.27
Initial trajectory pLDDT good, continuing: 0.91
Stage 2: Softmax Optimisation
51 models [2] recycles 1 hard 0 soft 1 temp 0.92 loss 7.02 helix 0.91 pae 0.47 i_pae 0.52 con 2.94 i_con 3.80 plddt 0.58 ptm 0.80 i_ptm 0.43 rg 0.81
52 models [2] recycles 1 hard 0 soft 1 temp 0.85 loss 4.74 helix 1.14 pae 0.22 i_pae 0.22 con 2.08 i_con 2.48 plddt 0.82 ptm 0.90 i_ptm 0.81 rg 1.33
53 models [4] recycles 1 hard 0 soft 1 temp 0.78 loss 4.45 helix 1.30 pae 0.17 i_pae 0.17 con 1.97 i_con 2.37 plddt 0.87 ptm 0.91 i_ptm 0.86 rg 1.34
54 models [1] recycles 1 hard 0 soft 1 temp 0.71 loss 4.20 helix 1.33 pae 0.16 i_pae 0.16 con 1.80 i_con 2.29 plddt 0.87 ptm 0.92 i_ptm 0.87 rg 1.37
55 models [1] recycles 1 hard 0 soft 1 temp 0.64 loss 4.25 helix 1.35 pae 0.16 i_pae 0.16 con 1.74 i_con 2.42 plddt 0.89 ptm 0.92 i_ptm 0.89 rg 1.34
56 models [1] recycles 1 hard 0 soft 1 temp 0.58 loss 4.33 helix 1.38 pae 0.16 i_pae 0.16 con 1.74 i_con 2.49 plddt 0.89 ptm 0.92 i_ptm 0.88 rg 1.40
57 models [0] recycles 1 hard 0 soft 1 temp 0.52 loss 3.91 helix 1.43 pae 0.14 i_pae 0.14 con 1.66 i_con 2.17 plddt 0.91 ptm 0.92 i_ptm 0.89 rg 1.39
58 models [3] recycles 1 hard 0 soft 1 temp 0.47 loss 4.09 helix 1.34 pae 0.15 i_pae 0.15 con 1.68 i_con 2.31 plddt 0.90 ptm 0.92 i_ptm 0.89 rg 1.37
59 models [0] recycles 1 hard 0 soft 1 temp 0.42 loss 3.94 helix 1.35 pae 0.16 i_pae 0.15 con 1.69 i_con 2.15 plddt 0.89 ptm 0.92 i_ptm 0.88 rg 1.38
60 models [4] recycles 1 hard 0 soft 1 temp 0.37 loss 4.50 helix 1.44 pae 0.17 i_pae 0.17 con 1.99 i_con 2.49 plddt 0.85 ptm 0.91 i_ptm 0.85 rg 1.15
61 models [3] recycles 1 hard 0 soft 1 temp 0.32 loss 7.64 helix 1.06 pae 0.55 i_pae 0.58 con 3.41 i_con 4.05 plddt 0.49 ptm 0.78 i_ptm 0.32 rg 0.43
62 models [3] recycles 1 hard 0 soft 1 temp 0.28 loss 3.95 helix 1.49 pae 0.15 i_pae 0.14 con 1.77 i_con 2.14 plddt 0.90 ptm 0.92 i_ptm 0.89 rg 1.31
63 models [2] recycles 1 hard 0 soft 1 temp 0.24 loss 7.76 helix 1.20 pae 0.56 i_pae 0.58 con 3.55 i_con 4.07 plddt 0.48 ptm 0.78 i_ptm 0.33 rg 0.44
64 models [4] recycles 1 hard 0 soft 1 temp 0.20 loss 4.02 helix 1.42 pae 0.15 i_pae 0.15 con 1.71 i_con 2.24 plddt 0.91 ptm 0.92 i_ptm 0.88 rg 1.36
65 models [0] recycles 1 hard 0 soft 1 temp 0.17 loss 7.69 helix 1.12 pae 0.47 i_pae 0.47 con 3.51 i_con 3.92 plddt 0.51 ptm 0.81 i_ptm 0.43 rg 0.92
66 models [3] recycles 1 hard 0 soft 1 temp 0.14 loss 7.67 helix 1.06 pae 0.60 i_pae 0.64 con 3.49 i_con 4.08 plddt 0.45 ptm 0.77 i_ptm 0.26 rg 0.07
67 models [0] recycles 1 hard 0 soft 1 temp 0.11 loss 4.31 helix 1.42 pae 0.16 i_pae 0.16 con 1.83 i_con 2.42 plddt 0.88 ptm 0.91 i_ptm 0.86 rg 1.27
68 models [2] recycles 1 hard 0 soft 1 temp 0.09 loss 7.52 helix 1.05 pae 0.54 i_pae 0.57 con 3.41 i_con 4.00 plddt 0.50 ptm 0.79 i_ptm 0.34 rg 0.22
69 models [4] recycles 1 hard 0 soft 1 temp 0.07 loss 7.73 helix 1.10 pae 0.54 i_pae 0.55 con 3.58 i_con 3.90 plddt 0.45 ptm 0.79 i_ptm 0.36 rg 0.76
70 models [0] recycles 1 hard 0 soft 1 temp 0.05 loss 7.52 helix 1.14 pae 0.50 i_pae 0.50 con 3.46 i_con 3.86 plddt 0.47 ptm 0.80 i_ptm 0.40 rg 0.68
71 models [1] recycles 1 hard 0 soft 1 temp 0.04 loss 4.30 helix 1.32 pae 0.16 i_pae 0.16 con 1.81 i_con 2.38 plddt 0.88 ptm 0.92 i_ptm 0.87 rg 1.38
72 models [1] recycles 1 hard 0 soft 1 temp 0.02 loss 8.06 helix 1.07 pae 0.60 i_pae 0.63 con 3.63 i_con 4.18 plddt 0.44 ptm 0.77 i_ptm 0.27 rg 0.59
73 models [4] recycles 1 hard 0 soft 1 temp 0.02 loss 4.33 helix 1.37 pae 0.17 i_pae 0.17 con 1.97 i_con 2.28 plddt 0.86 ptm 0.91 i_ptm 0.86 rg 1.27
74 models [2] recycles 1 hard 0 soft 1 temp 0.01 loss 7.78 helix 1.13 pae 0.53 i_pae 0.55 con 3.54 i_con 4.06 plddt 0.49 ptm 0.79 i_ptm 0.37 rg 0.56
75 models [1] recycles 1 hard 0 soft 1 temp 0.01 loss 7.85 helix 1.18 pae 0.59 i_pae 0.61 con 3.60 i_con 4.07 plddt 0.44 ptm 0.77 i_ptm 0.28 rg 0.46
Softmax trajectory pLDDT good, continuing: 0.91
Stage 3: One-hot Optimisation
76 models [0] recycles 1 hard 1 soft 1 temp 0.01 loss 3.81 helix 1.44 pae 0.14 i_pae 0.14 con 1.65 i_con 2.09 plddt 0.90 ptm 0.92 i_ptm 0.89 rg 1.41
77 models [3] recycles 1 hard 1 soft 1 temp 0.01 loss 7.65 helix 1.10 pae 0.54 i_pae 0.56 con 3.35 i_con 3.96 plddt 0.45 ptm 0.79 i_ptm 0.33 rg 1.03
78 models [1] recycles 1 hard 1 soft 1 temp 0.01 loss 4.40 helix 1.46 pae 0.15 i_pae 0.15 con 1.89 i_con 2.46 plddt 0.86 ptm 0.92 i_ptm 0.87 rg 1.34
One-hot trajectory pLDDT good, continuing: 0.9
Stage 4: PSSM Semigreedy Optimisation
Running semigreedy optimization...
79 models [2] recycles 1 hard 1 soft 0 temp 1 loss 4.11 helix 1.19 pae 0.17 i_pae 0.17 con 1.90 i_con 2.04 plddt 0.85 ptm 0.92 i_ptm 0.87 rg 1.41
80 models [4] recycles 1 hard 1 soft 0 temp 1 loss 6.89 helix 0.98 pae 0.39 i_pae 0.40 con 3.17 i_con 3.47 plddt 0.55 ptm 0.83 i_ptm 0.52 rg 0.94
81 models [1] recycles 1 hard 1 soft 0 temp 1 loss 4.96 helix 1.06 pae 0.21 i_pae 0.21 con 2.49 i_con 2.22 plddt 0.76 ptm 0.91 i_ptm 0.82 rg 1.44
82 models [4] recycles 1 hard 1 soft 0 temp 1 loss 7.82 helix 1.12 pae 0.60 i_pae 0.63 con 3.59 i_con 4.14 plddt 0.39 ptm 0.77 i_ptm 0.25 rg 0.08
83 models [3] recycles 1 hard 1 soft 0 temp 1 loss 7.71 helix 1.04 pae 0.58 i_pae 0.61 con 3.48 i_con 4.00 plddt 0.41 ptm 0.78 i_ptm 0.28 rg 0.55
Trajectory successful, final pLDDT: 0.9
Starting trajectory took: 0 hours, 28 minutes, 7 seconds

Fixing interface residues: B10,B14,B17,B18,B20,B21,B22,B24,B25,B27,B28,B29,B31,B32,B33,B34,B35,B45,B46,B49,B50,B53,B54,B57,B58
Unmet filter conditions for EGFRd3_p2g0_l59_s742605_mpnn1
Unmet filter conditions for EGFRd3_p2g0_l59_s742605_mpnn2
Unmet filter conditions for EGFRd3_p2g0_l59_s742605_mpnn3
Unmet filter conditions for EGFRd3_p2g0_l59_s742605_mpnn4
Unmet filter conditions for EGFRd3_p2g0_l59_s742605_mpnn5
Unmet filter conditions for EGFRd3_p2g0_l59_s742605_mpnn6
Unmet filter conditions for EGFRd3_p2g0_l59_s742605_mpnn7
Unmet filter conditions for EGFRd3_p2g0_l59_s742605_mpnn8
No accepted MPNN designs found for this trajectory.

Design and validation of trajectory EGFRd3_p2g0_l59_s742605 took: 0 hours, 26 minutes, 10 seconds
Starting trajectory: EGFRd3_p2g0_l74_s258459
Stage 1: Test Logits
1 models [0] recycles 1 hard 0 soft 0.02 temp 1 loss 10.34 helix 1.37 pae 0.81 i_pae 0.81 con 4.53 i_con 4.59 plddt 0.28 ptm 0.71 i_ptm 0.13 rg 3.73
2 models [3] recycles 1 hard 0 soft 0.04 temp 1 loss 9.46 helix 0.79 pae 0.70 i_pae 0.70 con 4.31 i_con 4.15 plddt 0.39 ptm 0.73 i_ptm 0.21 rg 2.60
3 models [0] recycles 1 hard 0 soft 0.05 temp 1 loss 8.76 helix 0.78 pae 0.67 i_pae 0.70 con 3.92 i_con 4.23 plddt 0.42 ptm 0.73 i_ptm 0.21 rg 1.38
4 models [1] recycles 1 hard 0 soft 0.07 temp 1 loss 8.78 helix 0.95 pae 0.65 i_pae 0.65 con 4.15 i_con 4.01 plddt 0.43 ptm 0.74 i_ptm 0.25 rg 1.58
5 models [4] recycles 1 hard 0 soft 0.09 temp 1 loss 8.74 helix 1.07 pae 0.68 i_pae 0.67 con 4.32 i_con 3.95 plddt 0.38 ptm 0.73 i_ptm 0.23 rg 1.16
6 models [3] recycles 1 hard 0 soft 0.11 temp 1 loss 7.97 helix 1.28 pae 0.67 i_pae 0.66 con 4.10 i_con 3.94 plddt 0.34 ptm 0.74 i_ptm 0.24 rg -0.43
7 models [1] recycles 1 hard 0 soft 0.13 temp 1 loss 7.73 helix 0.92 pae 0.64 i_pae 0.66 con 3.80 i_con 3.95 plddt 0.41 ptm 0.74 i_ptm 0.25 rg -0.56
8 models [3] recycles 1 hard 0 soft 0.14 temp 1 loss 6.64 helix 0.94 pae 0.50 i_pae 0.49 con 3.51 i_con 3.21 plddt 0.53 ptm 0.79 i_ptm 0.43 rg -0.43
9 models [1] recycles 1 hard 0 soft 0.16 temp 1 loss 6.29 helix 0.98 pae 0.45 i_pae 0.43 con 3.45 i_con 2.94 plddt 0.58 ptm 0.81 i_ptm 0.49 rg -0.31
10 models [3] recycles 1 hard 0 soft 0.18 temp 1 loss 5.50 helix 1.07 pae 0.37 i_pae 0.34 con 3.13 i_con 2.49 plddt 0.66 ptm 0.84 i_ptm 0.67 rg -0.13
11 models [3] recycles 1 hard 0 soft 0.20 temp 1 loss 5.38 helix 1.05 pae 0.34 i_pae 0.31 con 3.10 i_con 2.36 plddt 0.68 ptm 0.85 i_ptm 0.69 rg 0.05
12 models [3] recycles 1 hard 0 soft 0.22 temp 1 loss 4.77 helix 1.10 pae 0.29 i_pae 0.26 con 2.81 i_con 2.11 plddt 0.73 ptm 0.87 i_ptm 0.79 rg 0.01
13 models [2] recycles 1 hard 0 soft 0.23 temp 1 loss 5.56 helix 0.88 pae 0.37 i_pae 0.34 con 3.15 i_con 2.52 plddt 0.66 ptm 0.84 i_ptm 0.65 rg -0.26
14 models [1] recycles 1 hard 0 soft 0.25 temp 1 loss 4.51 helix 1.03 pae 0.29 i_pae 0.26 con 2.68 i_con 2.02 plddt 0.74 ptm 0.88 i_ptm 0.79 rg -0.19
15 models [4] recycles 1 hard 0 soft 0.27 temp 1 loss 3.89 helix 1.28 pae 0.21 i_pae 0.20 con 2.09 i_con 2.06 plddt 0.84 ptm 0.89 i_ptm 0.83 rg -0.04
16 models [3] recycles 1 hard 0 soft 0.29 temp 1 loss 4.18 helix 1.14 pae 0.27 i_pae 0.24 con 2.54 i_con 1.80 plddt 0.77 ptm 0.88 i_ptm 0.85 rg 0.08
17 models [3] recycles 1 hard 0 soft 0.31 temp 1 loss 4.12 helix 1.16 pae 0.23 i_pae 0.20 con 2.31 i_con 2.05 plddt 0.80 ptm 0.89 i_ptm 0.79 rg -0.15
18 models [3] recycles 1 hard 0 soft 0.32 temp 1 loss 3.55 helix 1.38 pae 0.20 i_pae 0.18 con 1.98 i_con 1.87 plddt 0.86 ptm 0.90 i_ptm 0.86 rg -0.03
19 models [2] recycles 1 hard 0 soft 0.34 temp 1 loss 3.47 helix 1.54 pae 0.19 i_pae 0.17 con 1.90 i_con 1.92 plddt 0.88 ptm 0.90 i_ptm 0.85 rg 0.01
20 models [4] recycles 1 hard 0 soft 0.36 temp 1 loss 3.35 helix 1.57 pae 0.17 i_pae 0.16 con 1.78 i_con 1.94 plddt 0.90 ptm 0.91 i_ptm 0.85 rg -0.02
21 models [4] recycles 1 hard 0 soft 0.38 temp 1 loss 3.37 helix 1.61 pae 0.17 i_pae 0.16 con 1.82 i_con 1.91 plddt 0.89 ptm 0.91 i_ptm 0.84 rg 0.08
22 models [1] recycles 1 hard 0 soft 0.40 temp 1 loss 3.54 helix 1.39 pae 0.20 i_pae 0.18 con 1.87 i_con 1.99 plddt 0.86 ptm 0.90 i_ptm 0.82 rg -0.06
23 models [1] recycles 1 hard 0 soft 0.41 temp 1 loss 3.06 helix 1.70 pae 0.16 i_pae 0.14 con 1.64 i_con 1.82 plddt 0.91 ptm 0.91 i_ptm 0.86 rg 0.04
24 models [1] recycles 1 hard 0 soft 0.43 temp 1 loss 3.13 helix 1.43 pae 0.16 i_pae 0.15 con 1.70 i_con 1.80 plddt 0.89 ptm 0.91 i_ptm 0.85 rg -0.12
25 models [1] recycles 1 hard 0 soft 0.45 temp 1 loss 3.60 helix 1.33 pae 0.20 i_pae 0.18 con 2.01 i_con 1.86 plddt 0.84 ptm 0.90 i_ptm 0.81 rg 0.04
26 models [0] recycles 1 hard 0 soft 0.47 temp 1 loss 3.14 helix 1.50 pae 0.16 i_pae 0.15 con 1.68 i_con 1.83 plddt 0.91 ptm 0.91 i_ptm 0.85 rg -0.08
27 models [3] recycles 1 hard 0 soft 0.49 temp 1 loss 2.72 helix 1.81 pae 0.15 i_pae 0.13 con 1.60 i_con 1.60 plddt 0.92 ptm 0.92 i_ptm 0.88 rg -0.11
28 models [4] recycles 1 hard 0 soft 0.50 temp 1 loss 2.83 helix 1.77 pae 0.15 i_pae 0.13 con 1.59 i_con 1.74 plddt 0.92 ptm 0.91 i_ptm 0.87 rg -0.17
29 models [1] recycles 1 hard 0 soft 0.52 temp 1 loss 3.54 helix 1.39 pae 0.17 i_pae 0.16 con 1.97 i_con 1.91 plddt 0.87 ptm 0.91 i_ptm 0.84 rg -0.07
30 models [3] recycles 1 hard 0 soft 0.54 temp 1 loss 2.99 helix 1.74 pae 0.16 i_pae 0.14 con 1.63 i_con 1.79 plddt 0.91 ptm 0.91 i_ptm 0.86 rg -0.02
31 models [1] recycles 1 hard 0 soft 0.56 temp 1 loss 3.11 helix 1.50 pae 0.16 i_pae 0.14 con 1.69 i_con 1.83 plddt 0.90 ptm 0.91 i_ptm 0.86 rg -0.17
32 models [3] recycles 1 hard 0 soft 0.58 temp 1 loss 2.75 helix 1.76 pae 0.14 i_pae 0.13 con 1.53 i_con 1.69 plddt 0.92 ptm 0.92 i_ptm 0.88 rg -0.12
33 models [4] recycles 1 hard 0 soft 0.59 temp 1 loss 3.40 helix 1.56 pae 0.16 i_pae 0.15 con 1.67 i_con 2.13 plddt 0.91 ptm 0.90 i_ptm 0.85 rg -0.08
34 models [0] recycles 1 hard 0 soft 0.61 temp 1 loss 3.48 helix 1.44 pae 0.17 i_pae 0.16 con 1.77 i_con 2.09 plddt 0.90 ptm 0.90 i_ptm 0.84 rg -0.15
35 models [0] recycles 1 hard 0 soft 0.63 temp 1 loss 3.38 helix 1.40 pae 0.16 i_pae 0.15 con 1.81 i_con 1.92 plddt 0.89 ptm 0.91 i_ptm 0.85 rg -0.11
36 models [4] recycles 1 hard 0 soft 0.65 temp 1 loss 3.29 helix 1.57 pae 0.16 i_pae 0.15 con 1.65 i_con 2.05 plddt 0.91 ptm 0.91 i_ptm 0.85 rg -0.09
37 models [0] recycles 1 hard 0 soft 0.67 temp 1 loss 3.37 helix 1.47 pae 0.16 i_pae 0.15 con 1.72 i_con 2.02 plddt 0.90 ptm 0.90 i_ptm 0.83 rg -0.10
38 models [1] recycles 1 hard 0 soft 0.68 temp 1 loss 2.94 helix 1.63 pae 0.14 i_pae 0.13 con 1.57 i_con 1.80 plddt 0.93 ptm 0.92 i_ptm 0.87 rg -0.11
39 models [2] recycles 1 hard 0 soft 0.70 temp 1 loss 3.03 helix 1.66 pae 0.15 i_pae 0.13 con 1.61 i_con 1.86 plddt 0.92 ptm 0.91 i_ptm 0.87 rg -0.11
40 models [3] recycles 1 hard 0 soft 0.72 temp 1 loss 2.98 helix 1.64 pae 0.14 i_pae 0.13 con 1.60 i_con 1.82 plddt 0.93 ptm 0.92 i_ptm 0.88 rg -0.12
41 models [3] recycles 1 hard 0 soft 0.74 temp 1 loss 3.22 helix 1.54 pae 0.15 i_pae 0.13 con 1.73 i_con 1.89 plddt 0.91 ptm 0.92 i_ptm 0.87 rg -0.10
42 models [0] recycles 1 hard 0 soft 0.76 temp 1 loss 2.90 helix 1.55 pae 0.14 i_pae 0.12 con 1.57 i_con 1.74 plddt 0.92 ptm 0.91 i_ptm 0.87 rg -0.13
43 models [1] recycles 1 hard 0 soft 0.77 temp 1 loss 3.03 helix 1.72 pae 0.14 i_pae 0.13 con 1.53 i_con 1.97 plddt 0.93 ptm 0.91 i_ptm 0.86 rg -0.13
44 models [0] recycles 1 hard 0 soft 0.79 temp 1 loss 3.10 helix 1.54 pae 0.14 i_pae 0.14 con 1.54 i_con 1.98 plddt 0.92 ptm 0.91 i_ptm 0.86 rg -0.13
45 models [2] recycles 1 hard 0 soft 0.81 temp 1 loss 2.92 helix 1.69 pae 0.14 i_pae 0.13 con 1.56 i_con 1.82 plddt 0.93 ptm 0.91 i_ptm 0.87 rg -0.13
46 models [3] recycles 1 hard 0 soft 0.83 temp 1 loss 4.66 helix 1.06 pae 0.26 i_pae 0.25 con 2.29 i_con 2.60 plddt 0.78 ptm 0.86 i_ptm 0.69 rg -0.27
47 models [0] recycles 1 hard 0 soft 0.85 temp 1 loss 2.78 helix 1.63 pae 0.13 i_pae 0.11 con 1.52 i_con 1.71 plddt 0.93 ptm 0.92 i_ptm 0.88 rg -0.12
48 models [0] recycles 1 hard 0 soft 0.86 temp 1 loss 2.75 helix 1.60 pae 0.13 i_pae 0.11 con 1.52 i_con 1.68 plddt 0.94 ptm 0.92 i_ptm 0.89 rg -0.16
49 models [2] recycles 1 hard 0 soft 0.88 temp 1 loss 2.74 helix 1.73 pae 0.14 i_pae 0.12 con 1.47 i_con 1.76 plddt 0.94 ptm 0.92 i_ptm 0.88 rg -0.15
50 models [3] recycles 1 hard 0 soft 0.90 temp 1 loss 3.11 helix 1.56 pae 0.14 i_pae 0.13 con 1.59 i_con 1.93 plddt 0.92 ptm 0.91 i_ptm 0.87 rg -0.11
Initial trajectory pLDDT good, continuing: 0.92
Stage 2: Softmax Optimisation
51 models [4] recycles 1 hard 0 soft 1 temp 0.92 loss 7.40 helix 0.78 pae 0.48 i_pae 0.48 con 3.32 i_con 3.10 plddt 0.59 ptm 0.79 i_ptm 0.49 rg 3.03
52 models [2] recycles 1 hard 0 soft 1 temp 0.85 loss 3.85 helix 1.24 pae 0.22 i_pae 0.20 con 2.09 i_con 2.08 plddt 0.82 ptm 0.89 i_ptm 0.78 rg -0.25
53 models [4] recycles 1 hard 0 soft 1 temp 0.78 loss 2.93 helix 1.66 pae 0.14 i_pae 0.12 con 1.57 i_con 1.81 plddt 0.93 ptm 0.92 i_ptm 0.88 rg -0.11
54 models [4] recycles 1 hard 0 soft 1 temp 0.71 loss 5.59 helix 1.20 pae 0.49 i_pae 0.58 con 1.96 i_con 3.82 plddt 0.71 ptm 0.74 i_ptm 0.26 rg -0.51
55 models [1] recycles 1 hard 0 soft 1 temp 0.64 loss 7.51 helix 0.69 pae 0.49 i_pae 0.47 con 3.76 i_con 2.71 plddt 0.58 ptm 0.80 i_ptm 0.62 rg 3.14
56 models [2] recycles 1 hard 0 soft 1 temp 0.58 loss 2.92 helix 1.74 pae 0.14 i_pae 0.13 con 1.52 i_con 1.86 plddt 0.93 ptm 0.91 i_ptm 0.87 rg -0.11
57 models [3] recycles 1 hard 0 soft 1 temp 0.52 loss 2.79 helix 1.85 pae 0.14 i_pae 0.12 con 1.46 i_con 1.85 plddt 0.94 ptm 0.91 i_ptm 0.87 rg -0.16
58 models [2] recycles 1 hard 0 soft 1 temp 0.47 loss 2.84 helix 1.73 pae 0.14 i_pae 0.12 con 1.51 i_con 1.82 plddt 0.94 ptm 0.91 i_ptm 0.87 rg -0.17
59 models [2] recycles 1 hard 0 soft 1 temp 0.42 loss 3.11 helix 1.60 pae 0.16 i_pae 0.14 con 1.59 i_con 1.96 plddt 0.93 ptm 0.91 i_ptm 0.85 rg -0.17
60 models [3] recycles 1 hard 0 soft 1 temp 0.37 loss 2.65 helix 1.86 pae 0.13 i_pae 0.11 con 1.40 i_con 1.78 plddt 0.95 ptm 0.92 i_ptm 0.89 rg -0.16
61 models [0] recycles 1 hard 0 soft 1 temp 0.32 loss 2.64 helix 1.80 pae 0.13 i_pae 0.11 con 1.46 i_con 1.70 plddt 0.94 ptm 0.91 i_ptm 0.88 rg -0.17
62 models [3] recycles 1 hard 0 soft 1 temp 0.28 loss 3.10 helix 1.68 pae 0.14 i_pae 0.13 con 1.56 i_con 2.01 plddt 0.93 ptm 0.91 i_ptm 0.86 rg -0.19
63 models [3] recycles 1 hard 0 soft 1 temp 0.24 loss 2.55 helix 1.92 pae 0.12 i_pae 0.11 con 1.38 i_con 1.71 plddt 0.95 ptm 0.92 i_ptm 0.89 rg -0.13
64 models [3] recycles 1 hard 0 soft 1 temp 0.20 loss 2.53 helix 1.94 pae 0.12 i_pae 0.11 con 1.35 i_con 1.75 plddt 0.95 ptm 0.92 i_ptm 0.89 rg -0.18
65 models [1] recycles 1 hard 0 soft 1 temp 0.17 loss 2.77 helix 1.68 pae 0.13 i_pae 0.12 con 1.43 i_con 1.83 plddt 0.94 ptm 0.92 i_ptm 0.87 rg -0.20
66 models [3] recycles 1 hard 0 soft 1 temp 0.14 loss 2.48 helix 1.98 pae 0.12 i_pae 0.11 con 1.35 i_con 1.70 plddt 0.95 ptm 0.92 i_ptm 0.89 rg -0.15
67 models [4] recycles 1 hard 0 soft 1 temp 0.11 loss 3.07 helix 1.77 pae 0.14 i_pae 0.13 con 1.47 i_con 2.10 plddt 0.93 ptm 0.91 i_ptm 0.86 rg -0.17
68 models [3] recycles 1 hard 0 soft 1 temp 0.09 loss 2.59 helix 1.96 pae 0.13 i_pae 0.11 con 1.41 i_con 1.74 plddt 0.95 ptm 0.92 i_ptm 0.89 rg -0.13
69 models [2] recycles 1 hard 0 soft 1 temp 0.07 loss 2.69 helix 1.82 pae 0.13 i_pae 0.11 con 1.46 i_con 1.74 plddt 0.95 ptm 0.91 i_ptm 0.87 rg -0.13
70 models [3] recycles 1 hard 0 soft 1 temp 0.05 loss 3.33 helix 1.61 pae 0.15 i_pae 0.14 con 1.69 i_con 2.09 plddt 0.91 ptm 0.90 i_ptm 0.84 rg -0.20
71 models [2] recycles 1 hard 0 soft 1 temp 0.04 loss 5.85 helix 1.28 pae 0.49 i_pae 0.62 con 1.86 i_con 4.18 plddt 0.78 ptm 0.74 i_ptm 0.25 rg -0.41
72 models [4] recycles 1 hard 0 soft 1 temp 0.02 loss 7.18 helix 0.72 pae 0.56 i_pae 0.57 con 3.65 i_con 3.47 plddt 0.45 ptm 0.76 i_ptm 0.32 rg -0.35
73 models [4] recycles 1 hard 0 soft 1 temp 0.02 loss 5.60 helix 0.85 pae 0.36 i_pae 0.35 con 2.81 i_con 2.95 plddt 0.68 ptm 0.82 i_ptm 0.55 rg -0.47
74 models [0] recycles 1 hard 0 soft 1 temp 0.01 loss 7.74 helix 0.82 pae 0.62 i_pae 0.66 con 3.63 i_con 4.14 plddt 0.43 ptm 0.74 i_ptm 0.24 rg -0.61
75 models [4] recycles 1 hard 0 soft 1 temp 0.01 loss 3.82 helix 1.42 pae 0.19 i_pae 0.18 con 1.75 i_con 2.46 plddt 0.89 ptm 0.88 i_ptm 0.76 rg -0.27
Softmax trajectory pLDDT good, continuing: 0.95
Stage 3: One-hot Optimisation
76 models [0] recycles 1 hard 1 soft 1 temp 0.01 loss 2.56 helix 1.75 pae 0.12 i_pae 0.10 con 1.38 i_con 1.68 plddt 0.95 ptm 0.92 i_ptm 0.89 rg -0.17
77 models [0] recycles 1 hard 1 soft 1 temp 0.01 loss 2.56 helix 1.75 pae 0.12 i_pae 0.10 con 1.38 i_con 1.68 plddt 0.95 ptm 0.92 i_ptm 0.89 rg -0.17
78 models [4] recycles 1 hard 1 soft 1 temp 0.01 loss 6.06 helix 0.86 pae 0.41 i_pae 0.42 con 2.83 i_con 3.37 plddt 0.59 ptm 0.80 i_ptm 0.45 rg -0.52
One-hot trajectory pLDDT good, continuing: 0.95
Stage 4: PSSM Semigreedy Optimisation
Running semigreedy optimization...
79 models [2] recycles 1 hard 1 soft 0 temp 1 loss 7.46 helix 0.80 pae 0.58 i_pae 0.63 con 3.45 i_con 3.98 plddt 0.41 ptm 0.74 i_ptm 0.25 rg -0.41
80 models [1] recycles 1 hard 1 soft 0 temp 1 loss 7.17 helix 0.77 pae 0.55 i_pae 0.57 con 3.51 i_con 3.33 plddt 0.44 ptm 0.77 i_ptm 0.41 rg 0.65
81 models [4] recycles 1 hard 1 soft 0 temp 1 loss 8.15 helix 0.77 pae 0.63 i_pae 0.67 con 3.52 i_con 4.28 plddt 0.36 ptm 0.73 i_ptm 0.22 rg 0.52
82 models [2] recycles 1 hard 1 soft 0 temp 1 loss 7.05 helix 0.86 pae 0.59 i_pae 0.63 con 3.24 i_con 3.89 plddt 0.48 ptm 0.74 i_ptm 0.24 rg -0.68
83 models [0] recycles 1 hard 1 soft 0 temp 1 loss 6.34 helix 1.01 pae 0.46 i_pae 0.47 con 3.10 i_con 3.22 plddt 0.55 ptm 0.79 i_ptm 0.44 rg 0.05
Trajectory successful, final pLDDT: 0.95
Starting trajectory took: 0 hours, 30 minutes, 40 seconds

Fixing interface residues: B18,B22,B23,B24,B25,B29,B32,B42,B43,B45,B46,B49,B50,B52,B53,B54,B55,B56,B57
EGFRd3_p2g0_l74_s258459_mpnn1 passed all filters
Found 1 MPNN designs passing filters

Design and validation of trajectory EGFRd3_p2g0_l74_s258459 took: 0 hours, 4 minutes, 37 seconds
Starting trajectory: EGFRd3_p2g0_l60_s935074
Stage 1: Test Logits
1 models [3] recycles 1 hard 0 soft 0.02 temp 1 loss 13.33 helix 1.90 pae 0.82 i_pae 0.81 con 4.73 i_con 4.41 plddt 0.29 ptm 0.74 i_ptm 0.13 rg 14.09
2 models [0] recycles 1 hard 0 soft 0.04 temp 1 loss 10.05 helix 1.41 pae 0.75 i_pae 0.76 con 4.42 i_con 4.51 plddt 0.29 ptm 0.75 i_ptm 0.17 rg 3.51
3 models [1] recycles 1 hard 0 soft 0.05 temp 1 loss 10.58 helix 1.07 pae 0.71 i_pae 0.69 con 4.52 i_con 4.10 plddt 0.39 ptm 0.76 i_ptm 0.21 rg 6.07
4 models [4] recycles 1 hard 0 soft 0.07 temp 1 loss 9.68 helix 0.59 pae 0.66 i_pae 0.68 con 4.45 i_con 4.12 plddt 0.43 ptm 0.76 i_ptm 0.21 rg 2.85
5 models [4] recycles 1 hard 0 soft 0.09 temp 1 loss 8.60 helix 1.04 pae 0.70 i_pae 0.68 con 4.43 i_con 4.01 plddt 0.31 ptm 0.76 i_ptm 0.21 rg 0.08
6 models [3] recycles 1 hard 0 soft 0.11 temp 1 loss 8.43 helix 1.03 pae 0.65 i_pae 0.64 con 4.10 i_con 4.16 plddt 0.35 ptm 0.76 i_ptm 0.25 rg 0.17
7 models [2] recycles 1 hard 0 soft 0.13 temp 1 loss 7.95 helix 0.98 pae 0.65 i_pae 0.65 con 3.95 i_con 3.97 plddt 0.38 ptm 0.76 i_ptm 0.24 rg -0.36
8 models [3] recycles 1 hard 0 soft 0.14 temp 1 loss 7.72 helix 1.04 pae 0.63 i_pae 0.62 con 3.90 i_con 3.80 plddt 0.39 ptm 0.77 i_ptm 0.26 rg -0.27
9 models [4] recycles 1 hard 0 soft 0.16 temp 1 loss 7.52 helix 0.92 pae 0.61 i_pae 0.62 con 3.65 i_con 3.86 plddt 0.45 ptm 0.77 i_ptm 0.26 rg -0.37
10 models [4] recycles 1 hard 0 soft 0.18 temp 1 loss 7.04 helix 1.01 pae 0.57 i_pae 0.59 con 3.30 i_con 3.72 plddt 0.51 ptm 0.77 i_ptm 0.28 rg -0.12
11 models [4] recycles 1 hard 0 soft 0.20 temp 1 loss 6.39 helix 1.10 pae 0.55 i_pae 0.58 con 2.89 i_con 3.62 plddt 0.52 ptm 0.77 i_ptm 0.28 rg -0.49
12 models [4] recycles 1 hard 0 soft 0.22 temp 1 loss 6.55 helix 1.18 pae 0.54 i_pae 0.59 con 2.70 i_con 3.68 plddt 0.58 ptm 0.77 i_ptm 0.28 rg 0.56
13 models [0] recycles 1 hard 0 soft 0.23 temp 1 loss 7.37 helix 1.07 pae 0.58 i_pae 0.59 con 3.50 i_con 3.80 plddt 0.50 ptm 0.77 i_ptm 0.28 rg 0.04
14 models [1] recycles 1 hard 0 soft 0.25 temp 1 loss 6.86 helix 1.06 pae 0.51 i_pae 0.54 con 2.98 i_con 3.62 plddt 0.60 ptm 0.79 i_ptm 0.34 rg 0.80
15 models [2] recycles 1 hard 0 soft 0.27 temp 1 loss 5.84 helix 1.22 pae 0.37 i_pae 0.36 con 2.63 i_con 2.97 plddt 0.70 ptm 0.83 i_ptm 0.57 rg 1.24
16 models [1] recycles 1 hard 0 soft 0.29 temp 1 loss 5.95 helix 1.13 pae 0.37 i_pae 0.36 con 2.75 i_con 2.97 plddt 0.69 ptm 0.84 i_ptm 0.55 rg 1.10
17 models [1] recycles 1 hard 0 soft 0.31 temp 1 loss 7.41 helix 1.01 pae 0.61 i_pae 0.67 con 2.99 i_con 4.23 plddt 0.55 ptm 0.76 i_ptm 0.22 rg 0.36
18 models [2] recycles 1 hard 0 soft 0.32 temp 1 loss 6.59 helix 1.04 pae 0.53 i_pae 0.57 con 2.79 i_con 3.68 plddt 0.59 ptm 0.77 i_ptm 0.30 rg 0.26
19 models [3] recycles 1 hard 0 soft 0.34 temp 1 loss 6.57 helix 1.18 pae 0.50 i_pae 0.51 con 2.86 i_con 3.51 plddt 0.61 ptm 0.79 i_ptm 0.38 rg 0.76
20 models [2] recycles 1 hard 0 soft 0.36 temp 1 loss 5.39 helix 1.07 pae 0.32 i_pae 0.31 con 2.59 i_con 2.64 plddt 0.72 ptm 0.85 i_ptm 0.64 rg 0.91
21 models [0] recycles 1 hard 0 soft 0.38 temp 1 loss 6.61 helix 1.31 pae 0.54 i_pae 0.60 con 2.54 i_con 3.95 plddt 0.62 ptm 0.76 i_ptm 0.26 rg 0.52
22 models [4] recycles 1 hard 0 soft 0.40 temp 1 loss 5.99 helix 1.19 pae 0.43 i_pae 0.46 con 2.35 i_con 3.42 plddt 0.69 ptm 0.80 i_ptm 0.42 rg 0.96
23 models [1] recycles 1 hard 0 soft 0.41 temp 1 loss 5.22 helix 1.25 pae 0.26 i_pae 0.26 con 2.33 i_con 2.75 plddt 0.78 ptm 0.88 i_ptm 0.73 rg 1.20
24 models [3] recycles 1 hard 0 soft 0.43 temp 1 loss 5.57 helix 1.35 pae 0.32 i_pae 0.33 con 2.36 i_con 3.09 plddt 0.75 ptm 0.84 i_ptm 0.59 rg 1.09
25 models [1] recycles 1 hard 0 soft 0.45 temp 1 loss 4.72 helix 1.48 pae 0.22 i_pae 0.22 con 2.19 i_con 2.49 plddt 0.81 ptm 0.89 i_ptm 0.80 rg 1.15
26 models [2] recycles 1 hard 0 soft 0.47 temp 1 loss 5.96 helix 1.30 pae 0.41 i_pae 0.46 con 2.35 i_con 3.47 plddt 0.71 ptm 0.80 i_ptm 0.42 rg 0.87
27 models [3] recycles 1 hard 0 soft 0.49 temp 1 loss 4.91 helix 1.42 pae 0.23 i_pae 0.23 con 2.10 i_con 2.75 plddt 0.82 ptm 0.88 i_ptm 0.75 rg 1.10
28 models [3] recycles 1 hard 0 soft 0.50 temp 1 loss 5.01 helix 1.39 pae 0.23 i_pae 0.24 con 2.11 i_con 2.80 plddt 0.83 ptm 0.88 i_ptm 0.74 rg 1.21
29 models [1] recycles 1 hard 0 soft 0.52 temp 1 loss 5.02 helix 1.32 pae 0.24 i_pae 0.24 con 2.15 i_con 2.81 plddt 0.81 ptm 0.88 i_ptm 0.73 rg 1.00
30 models [1] recycles 1 hard 0 soft 0.54 temp 1 loss 4.79 helix 1.41 pae 0.22 i_pae 0.23 con 2.08 i_con 2.69 plddt 0.83 ptm 0.89 i_ptm 0.78 rg 1.02
31 models [0] recycles 1 hard 0 soft 0.56 temp 1 loss 5.01 helix 1.30 pae 0.22 i_pae 0.21 con 2.30 i_con 2.65 plddt 0.81 ptm 0.89 i_ptm 0.79 rg 1.04
32 models [3] recycles 1 hard 0 soft 0.58 temp 1 loss 4.74 helix 1.44 pae 0.23 i_pae 0.22 con 2.14 i_con 2.53 plddt 0.81 ptm 0.88 i_ptm 0.77 rg 1.16
33 models [3] recycles 1 hard 0 soft 0.59 temp 1 loss 5.89 helix 1.23 pae 0.34 i_pae 0.36 con 2.51 i_con 3.26 plddt 0.72 ptm 0.83 i_ptm 0.57 rg 0.86
34 models [2] recycles 1 hard 0 soft 0.61 temp 1 loss 4.79 helix 1.40 pae 0.23 i_pae 0.23 con 2.06 i_con 2.67 plddt 0.83 ptm 0.88 i_ptm 0.75 rg 1.11
35 models [4] recycles 1 hard 0 soft 0.63 temp 1 loss 5.72 helix 1.32 pae 0.42 i_pae 0.48 con 2.01 i_con 3.59 plddt 0.73 ptm 0.79 i_ptm 0.38 rg 0.80
36 models [2] recycles 1 hard 0 soft 0.65 temp 1 loss 5.40 helix 1.39 pae 0.43 i_pae 0.48 con 2.07 i_con 3.51 plddt 0.64 ptm 0.79 i_ptm 0.39 rg -0.18
37 models [0] recycles 1 hard 0 soft 0.67 temp 1 loss 5.03 helix 1.39 pae 0.25 i_pae 0.26 con 2.11 i_con 2.90 plddt 0.80 ptm 0.87 i_ptm 0.70 rg 0.91
38 models [2] recycles 1 hard 0 soft 0.68 temp 1 loss 4.94 helix 1.37 pae 0.25 i_pae 0.25 con 2.16 i_con 2.69 plddt 0.81 ptm 0.87 i_ptm 0.72 rg 1.10
39 models [0] recycles 1 hard 0 soft 0.70 temp 1 loss 9.76 helix 0.89 pae 0.72 i_pae 0.79 con 4.17 i_con 4.47 plddt 0.47 ptm 0.74 i_ptm 0.14 rg 3.07
40 models [0] recycles 1 hard 0 soft 0.72 temp 1 loss 7.02 helix 0.93 pae 0.51 i_pae 0.52 con 3.46 i_con 3.45 plddt 0.54 ptm 0.79 i_ptm 0.40 rg 0.19
41 models [2] recycles 1 hard 0 soft 0.74 temp 1 loss 5.07 helix 1.26 pae 0.28 i_pae 0.29 con 2.05 i_con 2.92 plddt 0.80 ptm 0.86 i_ptm 0.64 rg 1.04
42 models [3] recycles 1 hard 0 soft 0.76 temp 1 loss 4.55 helix 1.27 pae 0.20 i_pae 0.20 con 1.96 i_con 2.53 plddt 0.85 ptm 0.90 i_ptm 0.81 rg 1.07
43 models [0] recycles 1 hard 0 soft 0.77 temp 1 loss 5.14 helix 1.34 pae 0.26 i_pae 0.27 con 2.06 i_con 3.00 plddt 0.80 ptm 0.86 i_ptm 0.67 rg 1.05
44 models [3] recycles 1 hard 0 soft 0.79 temp 1 loss 4.51 helix 1.44 pae 0.21 i_pae 0.20 con 2.03 i_con 2.44 plddt 0.84 ptm 0.89 i_ptm 0.80 rg 1.12
45 models [0] recycles 1 hard 0 soft 0.81 temp 1 loss 6.14 helix 1.41 pae 0.54 i_pae 0.63 con 1.99 i_con 4.03 plddt 0.68 ptm 0.75 i_ptm 0.23 rg 0.62
46 models [4] recycles 1 hard 0 soft 0.83 temp 1 loss 5.35 helix 1.28 pae 0.32 i_pae 0.36 con 2.06 i_con 3.18 plddt 0.78 ptm 0.84 i_ptm 0.56 rg 0.94
47 models [4] recycles 1 hard 0 soft 0.85 temp 1 loss 4.34 helix 1.40 pae 0.18 i_pae 0.18 con 1.85 i_con 2.48 plddt 0.87 ptm 0.90 i_ptm 0.82 rg 1.04
48 models [0] recycles 1 hard 0 soft 0.86 temp 1 loss 8.26 helix 1.01 pae 0.67 i_pae 0.69 con 3.90 i_con 4.16 plddt 0.41 ptm 0.75 i_ptm 0.20 rg 0.18
49 models [1] recycles 1 hard 0 soft 0.88 temp 1 loss 4.57 helix 1.36 pae 0.20 i_pae 0.19 con 2.01 i_con 2.53 plddt 0.84 ptm 0.90 i_ptm 0.80 rg 1.06
50 models [0] recycles 1 hard 0 soft 0.90 temp 1 loss 4.64 helix 1.36 pae 0.22 i_pae 0.22 con 1.99 i_con 2.60 plddt 0.83 ptm 0.89 i_ptm 0.77 rg 1.09
Initial trajectory pLDDT good, continuing: 0.87
Stage 2: Softmax Optimisation
51 models [4] recycles 1 hard 0 soft 1 temp 0.92 loss 7.66 helix 0.95 pae 0.62 i_pae 0.64 con 3.74 i_con 3.91 plddt 0.45 ptm 0.76 i_ptm 0.27 rg -0.37
52 models [3] recycles 1 hard 0 soft 1 temp 0.85 loss 4.70 helix 1.26 pae 0.22 i_pae 0.21 con 2.03 i_con 2.57 plddt 0.84 ptm 0.89 i_ptm 0.77 rg 1.15
53 models [3] recycles 1 hard 0 soft 1 temp 0.78 loss 4.60 helix 1.37 pae 0.23 i_pae 0.21 con 2.07 i_con 2.46 plddt 0.83 ptm 0.89 i_ptm 0.77 rg 1.13
54 models [2] recycles 1 hard 0 soft 1 temp 0.71 loss 4.80 helix 1.33 pae 0.23 i_pae 0.22 con 2.11 i_con 2.60 plddt 0.83 ptm 0.89 i_ptm 0.77 rg 1.13
55 models [0] recycles 1 hard 0 soft 1 temp 0.64 loss 4.63 helix 1.50 pae 0.21 i_pae 0.21 con 1.96 i_con 2.65 plddt 0.83 ptm 0.88 i_ptm 0.77 rg 1.13
56 models [3] recycles 1 hard 0 soft 1 temp 0.58 loss 4.46 helix 1.42 pae 0.21 i_pae 0.20 con 1.96 i_con 2.47 plddt 0.84 ptm 0.90 i_ptm 0.80 rg 1.08
57 models [3] recycles 1 hard 0 soft 1 temp 0.52 loss 5.69 helix 1.35 pae 0.46 i_pae 0.52 con 2.14 i_con 3.59 plddt 0.66 ptm 0.78 i_ptm 0.34 rg 0.19
58 models [2] recycles 1 hard 0 soft 1 temp 0.47 loss 4.52 helix 1.49 pae 0.21 i_pae 0.21 con 1.97 i_con 2.58 plddt 0.84 ptm 0.88 i_ptm 0.77 rg 0.95
59 models [0] recycles 1 hard 0 soft 1 temp 0.42 loss 5.90 helix 1.12 pae 0.40 i_pae 0.39 con 3.03 i_con 2.88 plddt 0.59 ptm 0.83 i_ptm 0.59 rg 0.21
60 models [1] recycles 1 hard 0 soft 1 temp 0.37 loss 4.50 helix 1.38 pae 0.19 i_pae 0.19 con 1.96 i_con 2.51 plddt 0.85 ptm 0.90 i_ptm 0.81 rg 1.05
61 models [2] recycles 1 hard 0 soft 1 temp 0.32 loss 4.65 helix 1.47 pae 0.21 i_pae 0.21 con 2.06 i_con 2.60 plddt 0.84 ptm 0.88 i_ptm 0.77 rg 1.02
62 models [2] recycles 1 hard 0 soft 1 temp 0.28 loss 4.68 helix 1.52 pae 0.24 i_pae 0.23 con 2.01 i_con 2.67 plddt 0.83 ptm 0.87 i_ptm 0.73 rg 1.02
63 models [3] recycles 1 hard 0 soft 1 temp 0.24 loss 4.93 helix 1.49 pae 0.27 i_pae 0.28 con 2.01 i_con 2.91 plddt 0.81 ptm 0.86 i_ptm 0.65 rg 0.95
64 models [1] recycles 1 hard 0 soft 1 temp 0.20 loss 4.53 helix 1.53 pae 0.20 i_pae 0.20 con 2.02 i_con 2.54 plddt 0.84 ptm 0.89 i_ptm 0.78 rg 0.98
65 models [2] recycles 1 hard 0 soft 1 temp 0.17 loss 4.76 helix 1.36 pae 0.23 i_pae 0.23 con 2.08 i_con 2.68 plddt 0.83 ptm 0.88 i_ptm 0.75 rg 0.91
66 models [4] recycles 1 hard 0 soft 1 temp 0.14 loss 4.90 helix 1.39 pae 0.24 i_pae 0.24 con 2.11 i_con 2.80 plddt 0.83 ptm 0.88 i_ptm 0.72 rg 0.87
67 models [1] recycles 1 hard 0 soft 1 temp 0.11 loss 4.53 helix 1.49 pae 0.21 i_pae 0.20 con 2.09 i_con 2.46 plddt 0.84 ptm 0.90 i_ptm 0.79 rg 0.98
68 models [0] recycles 1 hard 0 soft 1 temp 0.09 loss 4.59 helix 1.57 pae 0.21 i_pae 0.21 con 1.98 i_con 2.67 plddt 0.84 ptm 0.88 i_ptm 0.76 rg 0.94
69 models [4] recycles 1 hard 0 soft 1 temp 0.07 loss 4.93 helix 1.41 pae 0.24 i_pae 0.24 con 2.16 i_con 2.77 plddt 0.82 ptm 0.88 i_ptm 0.73 rg 0.90
70 models [2] recycles 1 hard 0 soft 1 temp 0.05 loss 4.66 helix 1.48 pae 0.22 i_pae 0.21 con 2.14 i_con 2.55 plddt 0.83 ptm 0.88 i_ptm 0.77 rg 0.92
71 models [1] recycles 1 hard 0 soft 1 temp 0.04 loss 4.55 helix 1.48 pae 0.20 i_pae 0.19 con 2.01 i_con 2.57 plddt 0.85 ptm 0.90 i_ptm 0.80 rg 0.99
72 models [0] recycles 1 hard 0 soft 1 temp 0.02 loss 8.13 helix 1.14 pae 0.64 i_pae 0.69 con 3.56 i_con 4.40 plddt 0.47 ptm 0.75 i_ptm 0.20 rg 0.30
73 models [1] recycles 1 hard 0 soft 1 temp 0.02 loss 5.14 helix 1.30 pae 0.24 i_pae 0.24 con 2.44 i_con 2.66 plddt 0.79 ptm 0.88 i_ptm 0.73 rg 0.94
74 models [3] recycles 1 hard 0 soft 1 temp 0.01 loss 4.28 helix 1.59 pae 0.19 i_pae 0.18 con 1.90 i_con 2.44 plddt 0.87 ptm 0.90 i_ptm 0.80 rg 0.98
75 models [4] recycles 1 hard 0 soft 1 temp 0.01 loss 5.53 helix 1.23 pae 0.30 i_pae 0.31 con 2.53 i_con 2.96 plddt 0.74 ptm 0.85 i_ptm 0.62 rg 0.73
Softmax trajectory pLDDT good, continuing: 0.87
Stage 3: One-hot Optimisation
76 models [1] recycles 1 hard 1 soft 1 temp 0.01 loss 4.19 helix 1.59 pae 0.17 i_pae 0.17 con 1.83 i_con 2.43 plddt 0.86 ptm 0.91 i_ptm 0.84 rg 1.02
77 models [3] recycles 1 hard 1 soft 1 temp 0.01 loss 4.24 helix 1.58 pae 0.18 i_pae 0.18 con 1.87 i_con 2.43 plddt 0.85 ptm 0.90 i_ptm 0.82 rg 1.00
78 models [1] recycles 1 hard 1 soft 1 temp 0.01 loss 4.18 helix 1.60 pae 0.17 i_pae 0.16 con 1.81 i_con 2.44 plddt 0.87 ptm 0.91 i_ptm 0.84 rg 1.01
One-hot trajectory pLDDT good, continuing: 0.87
Stage 4: PSSM Semigreedy Optimisation
Running semigreedy optimization...
79 models [0] recycles 1 hard 1 soft 0 temp 1 loss 4.39 helix 1.55 pae 0.19 i_pae 0.18 con 1.98 i_con 2.45 plddt 0.84 ptm 0.90 i_ptm 0.82 rg 1.02
80 models [4] recycles 1 hard 1 soft 0 temp 1 loss 6.17 helix 1.13 pae 0.38 i_pae 0.37 con 3.15 i_con 2.88 plddt 0.59 ptm 0.84 i_ptm 0.59 rg 0.75
81 models [4] recycles 1 hard 1 soft 0 temp 1 loss 7.02 helix 1.60 pae 0.52 i_pae 0.52 con 3.76 i_con 2.77 plddt 0.44 ptm 0.81 i_ptm 0.63 rg 2.10
82 models [2] recycles 1 hard 1 soft 0 temp 1 loss 6.13 helix 1.17 pae 0.42 i_pae 0.41 con 3.30 i_con 2.67 plddt 0.56 ptm 0.83 i_ptm 0.67 rg 0.82
83 models [2] recycles 1 hard 1 soft 0 temp 1 loss 5.79 helix 1.15 pae 0.36 i_pae 0.35 con 3.11 i_con 2.55 plddt 0.62 ptm 0.85 i_ptm 0.72 rg 0.80
Trajectory successful, final pLDDT: 0.87
Starting trajectory took: 0 hours, 26 minutes, 51 seconds

Fixing interface residues: B22,B23,B24,B25,B28,B39,B40,B42,B43,B46,B47,B49,B50,B51,B53,B54,B57,B58
Base AF2 filters not passed for EGFRd3_p2g0_l60_s935074_mpnn1, skipping interface scoring
Base AF2 filters not passed for EGFRd3_p2g0_l60_s935074_mpnn2, skipping interface scoring
Base AF2 filters not passed for EGFRd3_p2g0_l60_s935074_mpnn3, skipping interface scoring
Base AF2 filters not passed for EGFRd3_p2g0_l60_s935074_mpnn4, skipping interface scoring
Base AF2 filters not passed for EGFRd3_p2g0_l60_s935074_mpnn5, skipping interface scoring
Base AF2 filters not passed for EGFRd3_p2g0_l60_s935074_mpnn6, skipping interface scoring
Base AF2 filters not passed for EGFRd3_p2g0_l60_s935074_mpnn7, skipping interface scoring
Base AF2 filters not passed for EGFRd3_p2g0_l60_s935074_mpnn8, skipping interface scoring
No accepted MPNN designs found for this trajectory.

Design and validation of trajectory EGFRd3_p2g0_l60_s935074 took: 0 hours, 3 minutes, 26 seconds
Starting trajectory: EGFRd3_p2g0_l62_s912729
Stage 1: Test Logits
1 models [1] recycles 1 hard 0 soft 0.02 temp 1 loss 9.79 helix 1.38 pae 0.74 i_pae 0.72 con 4.46 i_con 4.08 plddt 0.30 ptm 0.75 i_ptm 0.19 rg 3.98
2 models [3] recycles 1 hard 0 soft 0.04 temp 1 loss 9.48 helix 1.30 pae 0.73 i_pae 0.72 con 4.52 i_con 3.90 plddt 0.34 ptm 0.75 i_ptm 0.19 rg 3.28
3 models [2] recycles 1 hard 0 soft 0.05 temp 1 loss 9.07 helix 0.93 pae 0.66 i_pae 0.65 con 4.31 i_con 3.98 plddt 0.39 ptm 0.76 i_ptm 0.25 rg 2.15
4 models [2] recycles 1 hard 0 soft 0.07 temp 1 loss 9.04 helix 1.05 pae 0.68 i_pae 0.68 con 4.34 i_con 3.96 plddt 0.37 ptm 0.75 i_ptm 0.23 rg 2.04
5 models [3] recycles 1 hard 0 soft 0.09 temp 1 loss 8.45 helix 0.78 pae 0.62 i_pae 0.65 con 3.80 i_con 3.97 plddt 0.46 ptm 0.76 i_ptm 0.24 rg 1.68
6 models [2] recycles 1 hard 0 soft 0.11 temp 1 loss 8.22 helix 0.84 pae 0.60 i_pae 0.60 con 3.97 i_con 3.54 plddt 0.48 ptm 0.77 i_ptm 0.29 rg 1.91
7 models [2] recycles 1 hard 0 soft 0.13 temp 1 loss 8.43 helix 1.10 pae 0.65 i_pae 0.66 con 3.98 i_con 4.01 plddt 0.38 ptm 0.75 i_ptm 0.24 rg 1.14
8 models [2] recycles 1 hard 0 soft 0.14 temp 1 loss 7.30 helix 1.13 pae 0.55 i_pae 0.55 con 3.79 i_con 3.21 plddt 0.46 ptm 0.79 i_ptm 0.44 rg 0.96
9 models [4] recycles 1 hard 0 soft 0.16 temp 1 loss 7.63 helix 1.07 pae 0.62 i_pae 0.65 con 3.75 i_con 3.86 plddt 0.41 ptm 0.76 i_ptm 0.25 rg -0.23
10 models [4] recycles 1 hard 0 soft 0.18 temp 1 loss 6.92 helix 1.11 pae 0.50 i_pae 0.49 con 3.62 i_con 3.13 plddt 0.49 ptm 0.80 i_ptm 0.47 rg 0.58
11 models [3] recycles 1 hard 0 soft 0.20 temp 1 loss 7.46 helix 1.20 pae 0.57 i_pae 0.57 con 3.71 i_con 3.56 plddt 0.45 ptm 0.78 i_ptm 0.32 rg 0.59
12 models [4] recycles 1 hard 0 soft 0.22 temp 1 loss 6.73 helix 1.20 pae 0.49 i_pae 0.47 con 3.59 i_con 2.90 plddt 0.52 ptm 0.81 i_ptm 0.51 rg 0.94
13 models [2] recycles 1 hard 0 soft 0.23 temp 1 loss 7.24 helix 1.22 pae 0.56 i_pae 0.56 con 3.56 i_con 3.60 plddt 0.48 ptm 0.78 i_ptm 0.33 rg 0.27
14 models [1] recycles 1 hard 0 soft 0.25 temp 1 loss 6.15 helix 1.24 pae 0.42 i_pae 0.41 con 3.33 i_con 2.69 plddt 0.57 ptm 0.83 i_ptm 0.59 rg 0.74
15 models [0] recycles 1 hard 0 soft 0.27 temp 1 loss 5.98 helix 1.31 pae 0.40 i_pae 0.38 con 3.16 i_con 2.72 plddt 0.59 ptm 0.83 i_ptm 0.60 rg 0.76
16 models [0] recycles 1 hard 0 soft 0.29 temp 1 loss 8.28 helix 1.38 pae 0.68 i_pae 0.71 con 3.79 i_con 4.47 plddt 0.39 ptm 0.74 i_ptm 0.19 rg -0.02
17 models [0] recycles 1 hard 0 soft 0.31 temp 1 loss 7.40 helix 1.30 pae 0.60 i_pae 0.63 con 3.34 i_con 4.20 plddt 0.44 ptm 0.76 i_ptm 0.25 rg -0.46
18 models [2] recycles 1 hard 0 soft 0.32 temp 1 loss 7.27 helix 1.31 pae 0.58 i_pae 0.62 con 3.31 i_con 4.01 plddt 0.49 ptm 0.76 i_ptm 0.28 rg -0.12
19 models [4] recycles 1 hard 0 soft 0.34 temp 1 loss 7.40 helix 1.37 pae 0.61 i_pae 0.67 con 3.06 i_con 4.33 plddt 0.50 ptm 0.75 i_ptm 0.21 rg 0.04
20 models [1] recycles 1 hard 0 soft 0.36 temp 1 loss 7.42 helix 1.29 pae 0.59 i_pae 0.65 con 3.02 i_con 4.31 plddt 0.50 ptm 0.76 i_ptm 0.23 rg 0.27
21 models [1] recycles 1 hard 0 soft 0.38 temp 1 loss 5.90 helix 1.31 pae 0.38 i_pae 0.38 con 2.87 i_con 2.78 plddt 0.64 ptm 0.83 i_ptm 0.59 rg 1.32
22 models [3] recycles 1 hard 0 soft 0.40 temp 1 loss 5.54 helix 1.40 pae 0.35 i_pae 0.32 con 2.93 i_con 2.44 plddt 0.65 ptm 0.85 i_ptm 0.67 rg 1.19
23 models [4] recycles 1 hard 0 soft 0.41 temp 1 loss 7.14 helix 1.32 pae 0.57 i_pae 0.61 con 3.07 i_con 3.99 plddt 0.50 ptm 0.76 i_ptm 0.25 rg 0.35
24 models [0] recycles 1 hard 0 soft 0.43 temp 1 loss 6.51 helix 1.37 pae 0.50 i_pae 0.52 con 2.92 i_con 3.41 plddt 0.55 ptm 0.78 i_ptm 0.36 rg 0.85
25 models [4] recycles 1 hard 0 soft 0.45 temp 1 loss 7.88 helix 1.03 pae 0.61 i_pae 0.64 con 3.44 i_con 4.00 plddt 0.44 ptm 0.75 i_ptm 0.23 rg 1.17
26 models [0] recycles 1 hard 0 soft 0.47 temp 1 loss 8.06 helix 1.08 pae 0.62 i_pae 0.66 con 3.37 i_con 4.35 plddt 0.47 ptm 0.75 i_ptm 0.22 rg 0.84
27 models [2] recycles 1 hard 0 soft 0.49 temp 1 loss 7.55 helix 1.05 pae 0.60 i_pae 0.64 con 3.26 i_con 4.01 plddt 0.47 ptm 0.76 i_ptm 0.23 rg 0.63
28 models [2] recycles 1 hard 0 soft 0.50 temp 1 loss 7.36 helix 1.15 pae 0.54 i_pae 0.59 con 2.88 i_con 3.92 plddt 0.56 ptm 0.76 i_ptm 0.26 rg 1.82
29 models [2] recycles 1 hard 0 soft 0.52 temp 1 loss 7.38 helix 1.10 pae 0.55 i_pae 0.60 con 3.02 i_con 3.95 plddt 0.54 ptm 0.76 i_ptm 0.26 rg 1.25
30 models [4] recycles 1 hard 0 soft 0.54 temp 1 loss 7.11 helix 1.22 pae 0.53 i_pae 0.60 con 2.44 i_con 3.89 plddt 0.61 ptm 0.76 i_ptm 0.25 rg 2.66
31 models [3] recycles 1 hard 0 soft 0.56 temp 1 loss 7.14 helix 1.27 pae 0.54 i_pae 0.60 con 2.60 i_con 3.91 plddt 0.57 ptm 0.76 i_ptm 0.25 rg 2.16
32 models [2] recycles 1 hard 0 soft 0.58 temp 1 loss 7.81 helix 1.19 pae 0.63 i_pae 0.64 con 4.06 i_con 3.67 plddt 0.37 ptm 0.76 i_ptm 0.26 rg 0.09
33 models [4] recycles 1 hard 0 soft 0.59 temp 1 loss 7.02 helix 1.21 pae 0.51 i_pae 0.57 con 2.55 i_con 3.78 plddt 0.59 ptm 0.77 i_ptm 0.27 rg 2.37
34 models [3] recycles 1 hard 0 soft 0.61 temp 1 loss 7.33 helix 1.22 pae 0.54 i_pae 0.58 con 2.96 i_con 3.89 plddt 0.53 ptm 0.77 i_ptm 0.27 rg 1.62
35 models [4] recycles 1 hard 0 soft 0.63 temp 1 loss 7.26 helix 1.27 pae 0.54 i_pae 0.60 con 2.61 i_con 3.90 plddt 0.59 ptm 0.76 i_ptm 0.25 rg 2.56
36 models [0] recycles 1 hard 0 soft 0.65 temp 1 loss 7.13 helix 1.35 pae 0.53 i_pae 0.59 con 2.63 i_con 3.89 plddt 0.56 ptm 0.76 i_ptm 0.25 rg 2.21
37 models [2] recycles 1 hard 0 soft 0.67 temp 1 loss 6.87 helix 1.12 pae 0.49 i_pae 0.54 con 2.58 i_con 3.64 plddt 0.61 ptm 0.78 i_ptm 0.32 rg 2.21
38 models [1] recycles 1 hard 0 soft 0.68 temp 1 loss 6.98 helix 1.37 pae 0.50 i_pae 0.55 con 2.47 i_con 3.81 plddt 0.62 ptm 0.77 i_ptm 0.29 rg 2.61
39 models [2] recycles 1 hard 0 soft 0.70 temp 1 loss 6.92 helix 1.29 pae 0.51 i_pae 0.57 con 2.46 i_con 3.84 plddt 0.62 ptm 0.76 i_ptm 0.29 rg 2.26
40 models [0] recycles 1 hard 0 soft 0.72 temp 1 loss 7.10 helix 1.36 pae 0.52 i_pae 0.59 con 2.46 i_con 3.99 plddt 0.59 ptm 0.76 i_ptm 0.26 rg 2.38
41 models [3] recycles 1 hard 0 soft 0.74 temp 1 loss 7.02 helix 1.28 pae 0.54 i_pae 0.61 con 2.46 i_con 3.94 plddt 0.60 ptm 0.76 i_ptm 0.25 rg 2.17
42 models [2] recycles 1 hard 0 soft 0.76 temp 1 loss 6.95 helix 1.15 pae 0.51 i_pae 0.55 con 2.51 i_con 3.76 plddt 0.61 ptm 0.76 i_ptm 0.28 rg 2.27
43 models [1] recycles 1 hard 0 soft 0.77 temp 1 loss 6.88 helix 1.33 pae 0.50 i_pae 0.56 con 2.60 i_con 3.70 plddt 0.60 ptm 0.78 i_ptm 0.31 rg 2.12
44 models [2] recycles 1 hard 0 soft 0.79 temp 1 loss 6.84 helix 1.24 pae 0.50 i_pae 0.54 con 2.79 i_con 3.63 plddt 0.58 ptm 0.78 i_ptm 0.32 rg 1.54
45 models [3] recycles 1 hard 0 soft 0.81 temp 1 loss 6.95 helix 1.30 pae 0.52 i_pae 0.56 con 2.67 i_con 3.82 plddt 0.57 ptm 0.77 i_ptm 0.29 rg 1.67
46 models [1] recycles 1 hard 0 soft 0.83 temp 1 loss 6.68 helix 1.19 pae 0.44 i_pae 0.42 con 3.47 i_con 2.75 plddt 0.59 ptm 0.82 i_ptm 0.58 rg 1.78
47 models [1] recycles 1 hard 0 soft 0.85 temp 1 loss 6.97 helix 1.37 pae 0.49 i_pae 0.55 con 2.43 i_con 3.86 plddt 0.63 ptm 0.77 i_ptm 0.29 rg 2.57
48 models [4] recycles 1 hard 0 soft 0.86 temp 1 loss 6.85 helix 1.38 pae 0.54 i_pae 0.61 con 2.39 i_con 3.89 plddt 0.62 ptm 0.75 i_ptm 0.23 rg 2.09
49 models [4] recycles 1 hard 0 soft 0.88 temp 1 loss 6.95 helix 1.30 pae 0.50 i_pae 0.56 con 2.45 i_con 3.77 plddt 0.61 ptm 0.77 i_ptm 0.28 rg 2.62
50 models [3] recycles 1 hard 0 soft 0.90 temp 1 loss 6.68 helix 1.46 pae 0.48 i_pae 0.53 con 2.35 i_con 3.73 plddt 0.65 ptm 0.78 i_ptm 0.33 rg 2.42
Initial trajectory pLDDT too low to continue: 0.65
Trajectory starting confidence low, skipping analysis and MPNN optimisation

Starting trajectory took: 0 hours, 18 minutes, 29 seconds

Starting trajectory: EGFRd3_p2g0_l58_s335167
Stage 1: Test Logits
1 models [3] recycles 1 hard 0 soft 0.02 temp 1 loss 11.13 helix 1.64 pae 0.77 i_pae 0.76 con 4.44 i_con 4.32 plddt 0.28 ptm 0.75 i_ptm 0.16 rg 7.88
2 models [2] recycles 1 hard 0 soft 0.04 temp 1 loss 10.54 helix 1.12 pae 0.72 i_pae 0.71 con 4.61 i_con 3.89 plddt 0.38 ptm 0.76 i_ptm 0.21 rg 6.40
3 models [2] recycles 1 hard 0 soft 0.05 temp 1 loss 8.87 helix 1.01 pae 0.67 i_pae 0.67 con 4.17 i_con 4.01 plddt 0.37 ptm 0.76 i_ptm 0.23 rg 1.87
4 models [4] recycles 1 hard 0 soft 0.07 temp 1 loss 8.34 helix 0.68 pae 0.59 i_pae 0.60 con 3.70 i_con 3.75 plddt 0.48 ptm 0.77 i_ptm 0.28 rg 2.39
5 models [1] recycles 1 hard 0 soft 0.09 temp 1 loss 8.22 helix 0.85 pae 0.56 i_pae 0.58 con 3.68 i_con 3.76 plddt 0.49 ptm 0.79 i_ptm 0.31 rg 2.22
6 models [1] recycles 1 hard 0 soft 0.11 temp 1 loss 7.43 helix 0.58 pae 0.41 i_pae 0.43 con 3.22 i_con 3.25 plddt 0.63 ptm 0.82 i_ptm 0.46 rg 2.84
7 models [1] recycles 1 hard 0 soft 0.13 temp 1 loss 7.33 helix 0.66 pae 0.38 i_pae 0.38 con 3.36 i_con 3.04 plddt 0.64 ptm 0.83 i_ptm 0.52 rg 2.94
8 models [3] recycles 1 hard 0 soft 0.14 temp 1 loss 6.88 helix 0.61 pae 0.36 i_pae 0.37 con 2.90 i_con 3.09 plddt 0.72 ptm 0.84 i_ptm 0.53 rg 2.80
9 models [4] recycles 1 hard 0 soft 0.16 temp 1 loss 6.40 helix 0.60 pae 0.31 i_pae 0.29 con 3.02 i_con 2.45 plddt 0.75 ptm 0.86 i_ptm 0.67 rg 3.05
10 models [3] recycles 1 hard 0 soft 0.18 temp 1 loss 6.32 helix 0.74 pae 0.32 i_pae 0.31 con 2.98 i_con 2.42 plddt 0.73 ptm 0.86 i_ptm 0.66 rg 3.12
11 models [4] recycles 1 hard 0 soft 0.20 temp 1 loss 5.16 helix 0.91 pae 0.21 i_pae 0.19 con 2.33 i_con 1.97 plddt 0.86 ptm 0.89 i_ptm 0.81 rg 3.36
12 models [1] recycles 1 hard 0 soft 0.22 temp 1 loss 6.10 helix 0.90 pae 0.29 i_pae 0.28 con 2.80 i_con 2.42 plddt 0.74 ptm 0.87 i_ptm 0.68 rg 3.18
13 models [4] recycles 1 hard 0 soft 0.23 temp 1 loss 6.18 helix 0.90 pae 0.33 i_pae 0.31 con 3.18 i_con 2.18 plddt 0.69 ptm 0.86 i_ptm 0.74 rg 2.98
14 models [2] recycles 1 hard 0 soft 0.25 temp 1 loss 5.99 helix 1.03 pae 0.29 i_pae 0.29 con 2.72 i_con 2.44 plddt 0.77 ptm 0.86 i_ptm 0.67 rg 3.18
15 models [1] recycles 1 hard 0 soft 0.27 temp 1 loss 6.87 helix 1.14 pae 0.47 i_pae 0.53 con 2.38 i_con 3.61 plddt 0.71 ptm 0.79 i_ptm 0.34 rg 3.05
16 models [0] recycles 1 hard 0 soft 0.29 temp 1 loss 5.40 helix 1.12 pae 0.24 i_pae 0.22 con 2.26 i_con 2.31 plddt 0.82 ptm 0.88 i_ptm 0.74 rg 3.39
17 models [3] recycles 1 hard 0 soft 0.31 temp 1 loss 6.48 helix 0.88 pae 0.33 i_pae 0.31 con 3.18 i_con 2.41 plddt 0.71 ptm 0.86 i_ptm 0.68 rg 3.18
18 models [0] recycles 1 hard 0 soft 0.32 temp 1 loss 5.49 helix 1.17 pae 0.27 i_pae 0.26 con 2.27 i_con 2.40 plddt 0.80 ptm 0.87 i_ptm 0.70 rg 3.31
19 models [3] recycles 1 hard 0 soft 0.34 temp 1 loss 6.02 helix 1.07 pae 0.34 i_pae 0.35 con 2.25 i_con 2.95 plddt 0.77 ptm 0.83 i_ptm 0.55 rg 3.09
20 models [2] recycles 1 hard 0 soft 0.36 temp 1 loss 6.50 helix 0.97 pae 0.37 i_pae 0.34 con 3.48 i_con 2.13 plddt 0.69 ptm 0.85 i_ptm 0.77 rg 3.19
21 models [2] recycles 1 hard 0 soft 0.38 temp 1 loss 5.48 helix 1.07 pae 0.25 i_pae 0.23 con 2.37 i_con 2.29 plddt 0.82 ptm 0.87 i_ptm 0.73 rg 3.28
22 models [2] recycles 1 hard 0 soft 0.40 temp 1 loss 5.38 helix 1.00 pae 0.25 i_pae 0.23 con 2.39 i_con 2.14 plddt 0.82 ptm 0.88 i_ptm 0.76 rg 3.33
23 models [4] recycles 1 hard 0 soft 0.41 temp 1 loss 5.47 helix 0.96 pae 0.25 i_pae 0.23 con 2.32 i_con 2.27 plddt 0.82 ptm 0.88 i_ptm 0.74 rg 3.38
24 models [4] recycles 1 hard 0 soft 0.43 temp 1 loss 5.24 helix 1.11 pae 0.24 i_pae 0.23 con 2.20 i_con 2.22 plddt 0.82 ptm 0.88 i_ptm 0.74 rg 3.34
25 models [4] recycles 1 hard 0 soft 0.45 temp 1 loss 5.46 helix 0.93 pae 0.28 i_pae 0.27 con 2.10 i_con 2.50 plddt 0.81 ptm 0.86 i_ptm 0.66 rg 3.21
26 models [4] recycles 1 hard 0 soft 0.47 temp 1 loss 5.35 helix 1.04 pae 0.28 i_pae 0.27 con 2.06 i_con 2.47 plddt 0.81 ptm 0.86 i_ptm 0.66 rg 3.20
27 models [4] recycles 1 hard 0 soft 0.49 temp 1 loss 4.81 helix 0.94 pae 0.21 i_pae 0.19 con 1.94 i_con 2.03 plddt 0.86 ptm 0.89 i_ptm 0.80 rg 3.34
28 models [0] recycles 1 hard 0 soft 0.50 temp 1 loss 6.16 helix 1.01 pae 0.41 i_pae 0.47 con 1.80 i_con 3.50 plddt 0.76 ptm 0.80 i_ptm 0.38 rg 3.01
29 models [0] recycles 1 hard 0 soft 0.52 temp 1 loss 6.15 helix 0.96 pae 0.39 i_pae 0.43 con 2.04 i_con 3.23 plddt 0.74 ptm 0.81 i_ptm 0.45 rg 3.08
30 models [0] recycles 1 hard 0 soft 0.54 temp 1 loss 5.26 helix 0.91 pae 0.23 i_pae 0.21 con 2.07 i_con 2.32 plddt 0.83 ptm 0.88 i_ptm 0.74 rg 3.32
31 models [1] recycles 1 hard 0 soft 0.56 temp 1 loss 4.69 helix 1.09 pae 0.20 i_pae 0.18 con 1.81 i_con 2.12 plddt 0.87 ptm 0.89 i_ptm 0.78 rg 3.19
32 models [0] recycles 1 hard 0 soft 0.58 temp 1 loss 5.84 helix 1.05 pae 0.40 i_pae 0.45 con 1.67 i_con 3.34 plddt 0.79 ptm 0.80 i_ptm 0.41 rg 2.95
33 models [3] recycles 1 hard 0 soft 0.59 temp 1 loss 4.58 helix 0.87 pae 0.19 i_pae 0.17 con 1.79 i_con 1.94 plddt 0.88 ptm 0.90 i_ptm 0.81 rg 3.29
34 models [1] recycles 1 hard 0 soft 0.61 temp 1 loss 4.52 helix 1.02 pae 0.19 i_pae 0.18 con 1.68 i_con 2.10 plddt 0.87 ptm 0.89 i_ptm 0.79 rg 3.08
35 models [0] recycles 1 hard 0 soft 0.63 temp 1 loss 4.75 helix 0.93 pae 0.20 i_pae 0.18 con 1.79 i_con 2.12 plddt 0.87 ptm 0.89 i_ptm 0.79 rg 3.32
36 models [2] recycles 1 hard 0 soft 0.65 temp 1 loss 5.40 helix 1.01 pae 0.36 i_pae 0.38 con 1.72 i_con 2.91 plddt 0.81 ptm 0.82 i_ptm 0.51 rg 2.84
37 models [4] recycles 1 hard 0 soft 0.67 temp 1 loss 4.76 helix 1.09 pae 0.21 i_pae 0.21 con 1.63 i_con 2.39 plddt 0.88 ptm 0.88 i_ptm 0.73 rg 3.13
38 models [0] recycles 1 hard 0 soft 0.68 temp 1 loss 4.73 helix 1.01 pae 0.21 i_pae 0.20 con 1.72 i_con 2.23 plddt 0.86 ptm 0.87 i_ptm 0.74 rg 3.15
39 models [4] recycles 1 hard 0 soft 0.70 temp 1 loss 4.38 helix 1.08 pae 0.18 i_pae 0.16 con 1.63 i_con 2.00 plddt 0.90 ptm 0.90 i_ptm 0.81 rg 3.21
40 models [1] recycles 1 hard 0 soft 0.72 temp 1 loss 4.94 helix 1.13 pae 0.24 i_pae 0.23 con 1.63 i_con 2.53 plddt 0.86 ptm 0.87 i_ptm 0.68 rg 3.23
41 models [4] recycles 1 hard 0 soft 0.74 temp 1 loss 5.19 helix 0.99 pae 0.27 i_pae 0.27 con 1.75 i_con 2.60 plddt 0.84 ptm 0.86 i_ptm 0.65 rg 3.25
42 models [1] recycles 1 hard 0 soft 0.76 temp 1 loss 4.72 helix 0.96 pae 0.22 i_pae 0.20 con 1.73 i_con 2.24 plddt 0.85 ptm 0.89 i_ptm 0.76 rg 3.01
43 models [3] recycles 1 hard 0 soft 0.77 temp 1 loss 6.40 helix 1.12 pae 0.54 i_pae 0.62 con 1.75 i_con 3.89 plddt 0.72 ptm 0.76 i_ptm 0.22 rg 2.50
44 models [3] recycles 1 hard 0 soft 0.79 temp 1 loss 4.86 helix 1.07 pae 0.23 i_pae 0.21 con 1.72 i_con 2.40 plddt 0.86 ptm 0.88 i_ptm 0.73 rg 3.08
45 models [0] recycles 1 hard 0 soft 0.81 temp 1 loss 4.64 helix 1.07 pae 0.21 i_pae 0.20 con 1.64 i_con 2.22 plddt 0.86 ptm 0.88 i_ptm 0.76 rg 3.22
46 models [0] recycles 1 hard 0 soft 0.83 temp 1 loss 5.11 helix 0.98 pae 0.25 i_pae 0.26 con 1.77 i_con 2.58 plddt 0.83 ptm 0.86 i_ptm 0.67 rg 2.97
47 models [0] recycles 1 hard 0 soft 0.85 temp 1 loss 4.80 helix 1.05 pae 0.22 i_pae 0.21 con 1.74 i_con 2.29 plddt 0.86 ptm 0.88 i_ptm 0.75 rg 3.16
48 models [3] recycles 1 hard 0 soft 0.86 temp 1 loss 6.00 helix 0.88 pae 0.30 i_pae 0.29 con 2.68 i_con 2.50 plddt 0.75 ptm 0.86 i_ptm 0.65 rg 2.99
49 models [3] recycles 1 hard 0 soft 0.88 temp 1 loss 6.76 helix 0.96 pae 0.53 i_pae 0.62 con 1.91 i_con 4.00 plddt 0.71 ptm 0.76 i_ptm 0.25 rg 2.65
50 models [3] recycles 1 hard 0 soft 0.90 temp 1 loss 5.11 helix 1.04 pae 0.24 i_pae 0.23 con 1.82 i_con 2.50 plddt 0.85 ptm 0.87 i_ptm 0.69 rg 3.18
Initial trajectory pLDDT good, continuing: 0.9
Stage 2: Softmax Optimisation
51 models [0] recycles 1 hard 0 soft 1 temp 0.92 loss 5.57 helix 1.02 pae 0.30 i_pae 0.31 con 1.88 i_con 2.87 plddt 0.80 ptm 0.85 i_ptm 0.60 rg 3.09
52 models [1] recycles 1 hard 0 soft 1 temp 0.85 loss 4.89 helix 1.07 pae 0.23 i_pae 0.23 con 1.76 i_con 2.38 plddt 0.86 ptm 0.88 i_ptm 0.72 rg 3.08
53 models [0] recycles 1 hard 0 soft 1 temp 0.78 loss 5.38 helix 1.03 pae 0.29 i_pae 0.31 con 1.68 i_con 2.91 plddt 0.81 ptm 0.85 i_ptm 0.60 rg 3.04
54 models [3] recycles 1 hard 0 soft 1 temp 0.71 loss 6.51 helix 0.81 pae 0.35 i_pae 0.34 con 3.09 i_con 2.55 plddt 0.68 ptm 0.85 i_ptm 0.63 rg 2.99
55 models [2] recycles 1 hard 0 soft 1 temp 0.64 loss 6.95 helix 0.86 pae 0.43 i_pae 0.45 con 2.92 i_con 3.23 plddt 0.66 ptm 0.81 i_ptm 0.45 rg 2.63
56 models [1] recycles 1 hard 0 soft 1 temp 0.58 loss 5.03 helix 1.00 pae 0.25 i_pae 0.25 con 1.71 i_con 2.52 plddt 0.84 ptm 0.87 i_ptm 0.68 rg 3.11
57 models [0] recycles 1 hard 0 soft 1 temp 0.52 loss 4.91 helix 1.05 pae 0.25 i_pae 0.25 con 1.67 i_con 2.48 plddt 0.84 ptm 0.86 i_ptm 0.68 rg 3.07
58 models [1] recycles 1 hard 0 soft 1 temp 0.47 loss 4.45 helix 1.13 pae 0.20 i_pae 0.18 con 1.59 i_con 2.14 plddt 0.88 ptm 0.89 i_ptm 0.78 rg 3.11
59 models [1] recycles 1 hard 0 soft 1 temp 0.42 loss 5.12 helix 1.02 pae 0.27 i_pae 0.29 con 1.69 i_con 2.67 plddt 0.84 ptm 0.86 i_ptm 0.64 rg 3.02
60 models [3] recycles 1 hard 0 soft 1 temp 0.37 loss 6.52 helix 0.84 pae 0.41 i_pae 0.43 con 2.53 i_con 3.16 plddt 0.71 ptm 0.81 i_ptm 0.47 rg 2.74
61 models [2] recycles 1 hard 0 soft 1 temp 0.32 loss 7.06 helix 0.91 pae 0.50 i_pae 0.54 con 2.65 i_con 3.62 plddt 0.66 ptm 0.78 i_ptm 0.32 rg 2.45
62 models [4] recycles 1 hard 0 soft 1 temp 0.28 loss 6.96 helix 0.92 pae 0.57 i_pae 0.65 con 2.29 i_con 3.92 plddt 0.66 ptm 0.76 i_ptm 0.21 rg 2.20
63 models [2] recycles 1 hard 0 soft 1 temp 0.24 loss 7.15 helix 0.95 pae 0.58 i_pae 0.66 con 2.34 i_con 4.10 plddt 0.68 ptm 0.75 i_ptm 0.20 rg 2.09
64 models [2] recycles 1 hard 0 soft 1 temp 0.20 loss 7.47 helix 0.92 pae 0.56 i_pae 0.63 con 2.75 i_con 3.97 plddt 0.62 ptm 0.76 i_ptm 0.24 rg 2.23
65 models [3] recycles 1 hard 0 soft 1 temp 0.17 loss 6.34 helix 0.97 pae 0.45 i_pae 0.48 con 2.04 i_con 3.49 plddt 0.75 ptm 0.79 i_ptm 0.36 rg 2.71
66 models [4] recycles 1 hard 0 soft 1 temp 0.14 loss 6.70 helix 0.90 pae 0.37 i_pae 0.37 con 2.96 i_con 2.90 plddt 0.69 ptm 0.83 i_ptm 0.53 rg 2.89
67 models [0] recycles 1 hard 0 soft 1 temp 0.11 loss 4.73 helix 1.09 pae 0.23 i_pae 0.22 con 1.61 i_con 2.42 plddt 0.86 ptm 0.87 i_ptm 0.71 rg 2.96
68 models [0] recycles 1 hard 0 soft 1 temp 0.09 loss 4.92 helix 1.03 pae 0.24 i_pae 0.24 con 1.66 i_con 2.53 plddt 0.85 ptm 0.86 i_ptm 0.68 rg 2.97
69 models [3] recycles 1 hard 0 soft 1 temp 0.07 loss 6.48 helix 0.94 pae 0.55 i_pae 0.65 con 1.74 i_con 3.98 plddt 0.74 ptm 0.76 i_ptm 0.21 rg 2.30
70 models [2] recycles 1 hard 0 soft 1 temp 0.05 loss 5.18 helix 1.00 pae 0.29 i_pae 0.29 con 1.74 i_con 2.68 plddt 0.85 ptm 0.85 i_ptm 0.62 rg 2.96
71 models [3] recycles 1 hard 0 soft 1 temp 0.04 loss 6.29 helix 0.96 pae 0.55 i_pae 0.63 con 1.71 i_con 3.90 plddt 0.70 ptm 0.76 i_ptm 0.22 rg 2.06
72 models [0] recycles 1 hard 0 soft 1 temp 0.02 loss 6.37 helix 1.04 pae 0.53 i_pae 0.62 con 1.69 i_con 3.88 plddt 0.72 ptm 0.76 i_ptm 0.24 rg 2.56
73 models [2] recycles 1 hard 0 soft 1 temp 0.02 loss 6.62 helix 0.96 pae 0.60 i_pae 0.69 con 1.75 i_con 4.10 plddt 0.73 ptm 0.75 i_ptm 0.17 rg 2.27
74 models [1] recycles 1 hard 0 soft 1 temp 0.01 loss 6.91 helix 0.90 pae 0.49 i_pae 0.55 con 2.42 i_con 3.75 plddt 0.69 ptm 0.78 i_ptm 0.31 rg 2.31
75 models [0] recycles 1 hard 0 soft 1 temp 0.01 loss 6.39 helix 1.10 pae 0.52 i_pae 0.61 con 1.65 i_con 3.98 plddt 0.73 ptm 0.76 i_ptm 0.24 rg 2.52
Softmax trajectory pLDDT good, continuing: 0.88
Stage 3: One-hot Optimisation
76 models [3] recycles 1 hard 1 soft 1 temp 0.01 loss 5.76 helix 0.99 pae 0.45 i_pae 0.52 con 1.63 i_con 3.53 plddt 0.64 ptm 0.79 i_ptm 0.35 rg 1.96
77 models [2] recycles 1 hard 1 soft 1 temp 0.01 loss 6.48 helix 1.06 pae 0.55 i_pae 0.65 con 1.66 i_con 4.04 plddt 0.68 ptm 0.76 i_ptm 0.20 rg 2.49
78 models [2] recycles 1 hard 1 soft 1 temp 0.01 loss 5.71 helix 1.06 pae 0.42 i_pae 0.47 con 1.66 i_con 3.23 plddt 0.77 ptm 0.80 i_ptm 0.39 rg 2.91
One-hot trajectory pLDDT good, continuing: 0.77
Stage 4: PSSM Semigreedy Optimisation
Running semigreedy optimization...
79 models [0] recycles 1 hard 1 soft 0 temp 1 loss 5.82 helix 1.17 pae 0.46 i_pae 0.53 con 1.57 i_con 3.51 plddt 0.71 ptm 0.78 i_ptm 0.31 rg 2.64
80 models [3] recycles 1 hard 1 soft 0 temp 1 loss 5.73 helix 0.98 pae 0.29 i_pae 0.32 con 1.77 i_con 3.22 plddt 0.82 ptm 0.85 i_ptm 0.58 rg 2.82
81 models [3] recycles 1 hard 1 soft 0 temp 1 loss 5.71 helix 0.94 pae 0.29 i_pae 0.31 con 1.84 i_con 3.14 plddt 0.81 ptm 0.85 i_ptm 0.61 rg 2.78
82 models [3] recycles 1 hard 1 soft 0 temp 1 loss 5.49 helix 0.99 pae 0.26 i_pae 0.27 con 1.79 i_con 3.00 plddt 0.84 ptm 0.87 i_ptm 0.66 rg 2.80
83 models [1] recycles 1 hard 1 soft 0 temp 1 loss 6.50 helix 1.03 pae 0.49 i_pae 0.55 con 2.05 i_con 3.70 plddt 0.68 ptm 0.78 i_ptm 0.31 rg 2.47
Trajectory successful, final pLDDT: 0.84
Starting trajectory took: 0 hours, 27 minutes, 30 seconds

Fixing interface residues: B4,B8,B11,B12,B14,B15,B16,B19,B22,B23,B24,B26,B27,B30,B32,B33
Base AF2 filters not passed for EGFRd3_p2g0_l58_s335167_mpnn1, skipping interface scoring
Base AF2 filters not passed for EGFRd3_p2g0_l58_s335167_mpnn2, skipping interface scoring
Base AF2 filters not passed for EGFRd3_p2g0_l58_s335167_mpnn3, skipping interface scoring
Base AF2 filters not passed for EGFRd3_p2g0_l58_s335167_mpnn4, skipping interface scoring
Base AF2 filters not passed for EGFRd3_p2g0_l58_s335167_mpnn5, skipping interface scoring
Base AF2 filters not passed for EGFRd3_p2g0_l58_s335167_mpnn6, skipping interface scoring
Base AF2 filters not passed for EGFRd3_p2g0_l58_s335167_mpnn7, skipping interface scoring
Base AF2 filters not passed for EGFRd3_p2g0_l58_s335167_mpnn8, skipping interface scoring
No accepted MPNN designs found for this trajectory.

Design and validation of trajectory EGFRd3_p2g0_l58_s335167 took: 0 hours, 3 minutes, 28 seconds
Starting trajectory: EGFRd3_p2g0_l63_s816452
Stage 1: Test Logits
1 models [3] recycles 1 hard 0 soft 0.02 temp 1 loss 12.30 helix 1.93 pae 0.83 i_pae 0.83 con 4.69 i_con 4.31 plddt 0.26 ptm 0.74 i_ptm 0.12 rg 11.12
2 models [0] recycles 1 hard 0 soft 0.04 temp 1 loss 11.38 helix 2.00 pae 0.83 i_pae 0.85 con 4.78 i_con 4.64 plddt 0.29 ptm 0.73 i_ptm 0.11 rg 6.73
3 models [4] recycles 1 hard 0 soft 0.05 temp 1 loss 9.85 helix 1.71 pae 0.74 i_pae 0.71 con 4.65 i_con 3.87 plddt 0.31 ptm 0.75 i_ptm 0.19 rg 4.55
4 models [0] recycles 1 hard 0 soft 0.07 temp 1 loss 9.38 helix 1.57 pae 0.75 i_pae 0.75 con 4.54 i_con 4.31 plddt 0.31 ptm 0.74 i_ptm 0.17 rg 1.73
5 models [3] recycles 1 hard 0 soft 0.09 temp 1 loss 10.14 helix 1.47 pae 0.73 i_pae 0.73 con 4.48 i_con 3.99 plddt 0.34 ptm 0.75 i_ptm 0.19 rg 5.45
6 models [3] recycles 1 hard 0 soft 0.11 temp 1 loss 8.72 helix 1.26 pae 0.66 i_pae 0.64 con 4.11 i_con 3.85 plddt 0.37 ptm 0.76 i_ptm 0.25 rg 2.35
7 models [1] recycles 1 hard 0 soft 0.13 temp 1 loss 8.82 helix 1.15 pae 0.68 i_pae 0.68 con 4.14 i_con 4.16 plddt 0.37 ptm 0.76 i_ptm 0.22 rg 1.43
8 models [4] recycles 1 hard 0 soft 0.14 temp 1 loss 8.51 helix 1.22 pae 0.68 i_pae 0.66 con 4.15 i_con 4.02 plddt 0.34 ptm 0.75 i_ptm 0.22 rg 0.89
9 models [2] recycles 1 hard 0 soft 0.16 temp 1 loss 8.58 helix 1.34 pae 0.69 i_pae 0.68 con 4.20 i_con 3.97 plddt 0.34 ptm 0.75 i_ptm 0.22 rg 1.21
10 models [0] recycles 1 hard 0 soft 0.18 temp 1 loss 8.24 helix 1.17 pae 0.66 i_pae 0.67 con 3.99 i_con 4.11 plddt 0.35 ptm 0.75 i_ptm 0.22 rg 0.17
11 models [0] recycles 1 hard 0 soft 0.20 temp 1 loss 8.17 helix 1.12 pae 0.68 i_pae 0.70 con 3.85 i_con 4.27 plddt 0.38 ptm 0.74 i_ptm 0.20 rg -0.18
12 models [2] recycles 1 hard 0 soft 0.22 temp 1 loss 8.18 helix 1.21 pae 0.68 i_pae 0.68 con 4.13 i_con 4.16 plddt 0.33 ptm 0.75 i_ptm 0.22 rg -0.63
13 models [4] recycles 1 hard 0 soft 0.23 temp 1 loss 8.22 helix 1.05 pae 0.66 i_pae 0.67 con 3.90 i_con 4.19 plddt 0.36 ptm 0.75 i_ptm 0.22 rg 0.08
14 models [1] recycles 1 hard 0 soft 0.25 temp 1 loss 8.28 helix 0.98 pae 0.65 i_pae 0.69 con 3.73 i_con 4.19 plddt 0.41 ptm 0.75 i_ptm 0.22 rg 0.77
15 models [4] recycles 1 hard 0 soft 0.27 temp 1 loss 8.26 helix 1.03 pae 0.69 i_pae 0.70 con 4.00 i_con 4.23 plddt 0.35 ptm 0.75 i_ptm 0.20 rg -0.35
16 models [4] recycles 1 hard 0 soft 0.29 temp 1 loss 8.22 helix 0.81 pae 0.65 i_pae 0.66 con 3.84 i_con 4.13 plddt 0.39 ptm 0.75 i_ptm 0.23 rg 0.25
17 models [2] recycles 1 hard 0 soft 0.31 temp 1 loss 8.28 helix 1.06 pae 0.66 i_pae 0.65 con 4.01 i_con 3.96 plddt 0.38 ptm 0.75 i_ptm 0.24 rg 0.67
18 models [2] recycles 1 hard 0 soft 0.32 temp 1 loss 7.89 helix 0.82 pae 0.63 i_pae 0.66 con 3.59 i_con 4.10 plddt 0.45 ptm 0.75 i_ptm 0.22 rg 0.14
19 models [2] recycles 1 hard 0 soft 0.34 temp 1 loss 7.81 helix 1.02 pae 0.64 i_pae 0.64 con 3.79 i_con 3.94 plddt 0.40 ptm 0.76 i_ptm 0.25 rg -0.11
20 models [0] recycles 1 hard 0 soft 0.36 temp 1 loss 7.93 helix 0.79 pae 0.62 i_pae 0.67 con 3.46 i_con 4.25 plddt 0.44 ptm 0.75 i_ptm 0.23 rg 0.15
21 models [1] recycles 1 hard 0 soft 0.38 temp 1 loss 7.89 helix 0.86 pae 0.61 i_pae 0.63 con 3.49 i_con 4.08 plddt 0.45 ptm 0.76 i_ptm 0.25 rg 0.60
22 models [4] recycles 1 hard 0 soft 0.40 temp 1 loss 7.64 helix 0.88 pae 0.62 i_pae 0.64 con 3.55 i_con 3.99 plddt 0.41 ptm 0.75 i_ptm 0.23 rg -0.14
23 models [2] recycles 1 hard 0 soft 0.41 temp 1 loss 7.82 helix 1.10 pae 0.66 i_pae 0.66 con 3.83 i_con 3.94 plddt 0.37 ptm 0.75 i_ptm 0.23 rg -0.16
24 models [2] recycles 1 hard 0 soft 0.43 temp 1 loss 7.66 helix 0.90 pae 0.62 i_pae 0.64 con 3.51 i_con 4.00 plddt 0.44 ptm 0.75 i_ptm 0.24 rg 0.03
25 models [0] recycles 1 hard 0 soft 0.45 temp 1 loss 7.76 helix 0.96 pae 0.60 i_pae 0.63 con 3.36 i_con 4.11 plddt 0.48 ptm 0.75 i_ptm 0.25 rg 0.64
26 models [3] recycles 1 hard 0 soft 0.47 temp 1 loss 7.72 helix 0.96 pae 0.59 i_pae 0.62 con 3.53 i_con 3.91 plddt 0.46 ptm 0.76 i_ptm 0.27 rg 0.60
27 models [0] recycles 1 hard 0 soft 0.49 temp 1 loss 7.33 helix 0.95 pae 0.55 i_pae 0.61 con 2.80 i_con 4.06 plddt 0.55 ptm 0.75 i_ptm 0.27 rg 1.31
28 models [3] recycles 1 hard 0 soft 0.50 temp 1 loss 7.17 helix 0.89 pae 0.51 i_pae 0.55 con 2.86 i_con 3.77 plddt 0.58 ptm 0.77 i_ptm 0.32 rg 1.56
29 models [2] recycles 1 hard 0 soft 0.52 temp 1 loss 7.16 helix 0.93 pae 0.55 i_pae 0.60 con 2.80 i_con 3.89 plddt 0.57 ptm 0.76 i_ptm 0.27 rg 1.33
30 models [1] recycles 1 hard 0 soft 0.54 temp 1 loss 7.08 helix 0.86 pae 0.43 i_pae 0.44 con 3.02 i_con 3.41 plddt 0.60 ptm 0.81 i_ptm 0.45 rg 2.06
31 models [1] recycles 1 hard 0 soft 0.56 temp 1 loss 5.91 helix 0.95 pae 0.28 i_pae 0.27 con 2.46 i_con 2.74 plddt 0.73 ptm 0.86 i_ptm 0.68 rg 2.70
32 models [1] recycles 1 hard 0 soft 0.58 temp 1 loss 6.29 helix 0.89 pae 0.34 i_pae 0.34 con 2.67 i_con 2.98 plddt 0.69 ptm 0.83 i_ptm 0.56 rg 2.31
33 models [0] recycles 1 hard 0 soft 0.59 temp 1 loss 5.83 helix 1.04 pae 0.27 i_pae 0.26 con 2.43 i_con 2.77 plddt 0.74 ptm 0.86 i_ptm 0.67 rg 2.55
34 models [0] recycles 1 hard 0 soft 0.61 temp 1 loss 5.53 helix 1.01 pae 0.25 i_pae 0.23 con 2.44 i_con 2.46 plddt 0.76 ptm 0.87 i_ptm 0.73 rg 2.58
35 models [1] recycles 1 hard 0 soft 0.63 temp 1 loss 5.82 helix 0.98 pae 0.27 i_pae 0.26 con 2.41 i_con 2.76 plddt 0.76 ptm 0.87 i_ptm 0.69 rg 2.55
36 models [0] recycles 1 hard 0 soft 0.65 temp 1 loss 6.01 helix 1.04 pae 0.30 i_pae 0.30 con 2.38 i_con 2.93 plddt 0.72 ptm 0.84 i_ptm 0.59 rg 2.68
37 models [1] recycles 1 hard 0 soft 0.67 temp 1 loss 5.59 helix 1.10 pae 0.25 i_pae 0.24 con 2.27 i_con 2.62 plddt 0.77 ptm 0.87 i_ptm 0.71 rg 2.89
38 models [0] recycles 1 hard 0 soft 0.68 temp 1 loss 5.79 helix 1.07 pae 0.26 i_pae 0.25 con 2.33 i_con 2.67 plddt 0.76 ptm 0.86 i_ptm 0.69 rg 3.18
39 models [3] recycles 1 hard 0 soft 0.70 temp 1 loss 6.49 helix 1.10 pae 0.40 i_pae 0.41 con 2.44 i_con 3.37 plddt 0.66 ptm 0.80 i_ptm 0.43 rg 2.49
40 models [4] recycles 1 hard 0 soft 0.72 temp 1 loss 5.29 helix 1.16 pae 0.23 i_pae 0.21 con 2.17 i_con 2.45 plddt 0.80 ptm 0.88 i_ptm 0.76 rg 2.91
41 models [2] recycles 1 hard 0 soft 0.74 temp 1 loss 6.17 helix 1.08 pae 0.33 i_pae 0.33 con 2.44 i_con 3.09 plddt 0.71 ptm 0.83 i_ptm 0.57 rg 2.49
42 models [2] recycles 1 hard 0 soft 0.76 temp 1 loss 5.81 helix 1.10 pae 0.28 i_pae 0.26 con 2.46 i_con 2.78 plddt 0.74 ptm 0.86 i_ptm 0.67 rg 2.41
43 models [3] recycles 1 hard 0 soft 0.77 temp 1 loss 5.64 helix 1.09 pae 0.26 i_pae 0.23 con 2.37 i_con 2.60 plddt 0.76 ptm 0.87 i_ptm 0.70 rg 2.80
44 models [4] recycles 1 hard 0 soft 0.79 temp 1 loss 5.62 helix 1.07 pae 0.27 i_pae 0.26 con 2.40 i_con 2.66 plddt 0.74 ptm 0.86 i_ptm 0.68 rg 2.34
45 models [4] recycles 1 hard 0 soft 0.81 temp 1 loss 5.19 helix 1.09 pae 0.22 i_pae 0.20 con 2.21 i_con 2.42 plddt 0.80 ptm 0.88 i_ptm 0.76 rg 2.52
46 models [2] recycles 1 hard 0 soft 0.83 temp 1 loss 6.20 helix 1.00 pae 0.33 i_pae 0.33 con 2.55 i_con 3.01 plddt 0.71 ptm 0.84 i_ptm 0.60 rg 2.41
47 models [3] recycles 1 hard 0 soft 0.85 temp 1 loss 5.47 helix 1.32 pae 0.25 i_pae 0.23 con 2.33 i_con 2.62 plddt 0.78 ptm 0.87 i_ptm 0.71 rg 2.50
48 models [4] recycles 1 hard 0 soft 0.86 temp 1 loss 5.28 helix 1.13 pae 0.24 i_pae 0.22 con 2.22 i_con 2.50 plddt 0.79 ptm 0.87 i_ptm 0.72 rg 2.51
49 models [3] recycles 1 hard 0 soft 0.88 temp 1 loss 5.06 helix 1.39 pae 0.22 i_pae 0.18 con 2.22 i_con 2.30 plddt 0.81 ptm 0.89 i_ptm 0.77 rg 2.75
50 models [1] recycles 1 hard 0 soft 0.90 temp 1 loss 5.30 helix 1.28 pae 0.24 i_pae 0.22 con 2.24 i_con 2.47 plddt 0.79 ptm 0.87 i_ptm 0.74 rg 2.76
Initial trajectory pLDDT good, continuing: 0.81
Stage 2: Softmax Optimisation
51 models [1] recycles 1 hard 0 soft 1 temp 0.92 loss 7.74 helix 0.95 pae 0.58 i_pae 0.66 con 2.71 i_con 4.24 plddt 0.58 ptm 0.75 i_ptm 0.22 rg 2.32
52 models [4] recycles 1 hard 0 soft 1 temp 0.85 loss 7.64 helix 0.96 pae 0.53 i_pae 0.56 con 3.15 i_con 3.85 plddt 0.54 ptm 0.77 i_ptm 0.33 rg 1.97
53 models [4] recycles 1 hard 0 soft 1 temp 0.78 loss 5.46 helix 1.01 pae 0.25 i_pae 0.23 con 2.30 i_con 2.52 plddt 0.78 ptm 0.87 i_ptm 0.71 rg 2.63
54 models [0] recycles 1 hard 0 soft 1 temp 0.71 loss 5.28 helix 1.27 pae 0.23 i_pae 0.22 con 2.32 i_con 2.45 plddt 0.78 ptm 0.88 i_ptm 0.75 rg 2.48
55 models [3] recycles 1 hard 0 soft 1 temp 0.64 loss 5.45 helix 1.25 pae 0.24 i_pae 0.21 con 2.57 i_con 2.37 plddt 0.77 ptm 0.88 i_ptm 0.76 rg 2.45
56 models [1] recycles 1 hard 0 soft 1 temp 0.58 loss 5.67 helix 1.17 pae 0.24 i_pae 0.22 con 2.46 i_con 2.59 plddt 0.77 ptm 0.88 i_ptm 0.76 rg 2.73
57 models [4] recycles 1 hard 0 soft 1 temp 0.52 loss 5.00 helix 1.36 pae 0.23 i_pae 0.20 con 2.20 i_con 2.29 plddt 0.80 ptm 0.89 i_ptm 0.76 rg 2.60
58 models [2] recycles 1 hard 0 soft 1 temp 0.47 loss 4.91 helix 1.38 pae 0.21 i_pae 0.17 con 2.22 i_con 2.13 plddt 0.83 ptm 0.90 i_ptm 0.81 rg 2.82
59 models [1] recycles 1 hard 0 soft 1 temp 0.42 loss 5.06 helix 1.44 pae 0.21 i_pae 0.18 con 2.26 i_con 2.37 plddt 0.82 ptm 0.90 i_ptm 0.81 rg 2.47
60 models [0] recycles 1 hard 0 soft 1 temp 0.37 loss 5.57 helix 1.29 pae 0.26 i_pae 0.24 con 2.53 i_con 2.55 plddt 0.75 ptm 0.87 i_ptm 0.71 rg 2.36
61 models [4] recycles 1 hard 0 soft 1 temp 0.32 loss 4.75 helix 1.30 pae 0.21 i_pae 0.18 con 2.29 i_con 2.01 plddt 0.81 ptm 0.90 i_ptm 0.82 rg 2.38
62 models [4] recycles 1 hard 0 soft 1 temp 0.28 loss 4.92 helix 1.33 pae 0.21 i_pae 0.19 con 2.39 i_con 2.14 plddt 0.80 ptm 0.90 i_ptm 0.80 rg 2.22
63 models [1] recycles 1 hard 0 soft 1 temp 0.24 loss 4.94 helix 1.33 pae 0.21 i_pae 0.18 con 2.30 i_con 2.17 plddt 0.80 ptm 0.90 i_ptm 0.80 rg 2.44
64 models [2] recycles 1 hard 0 soft 1 temp 0.20 loss 4.93 helix 1.36 pae 0.21 i_pae 0.19 con 2.24 i_con 2.25 plddt 0.82 ptm 0.90 i_ptm 0.81 rg 2.39
65 models [0] recycles 1 hard 0 soft 1 temp 0.17 loss 5.04 helix 1.41 pae 0.21 i_pae 0.19 con 2.22 i_con 2.40 plddt 0.81 ptm 0.89 i_ptm 0.79 rg 2.34
66 models [0] recycles 1 hard 0 soft 1 temp 0.14 loss 4.66 helix 1.46 pae 0.20 i_pae 0.18 con 2.15 i_con 2.16 plddt 0.82 ptm 0.90 i_ptm 0.81 rg 2.22
67 models [4] recycles 1 hard 0 soft 1 temp 0.11 loss 5.19 helix 1.34 pae 0.23 i_pae 0.21 con 2.40 i_con 2.36 plddt 0.78 ptm 0.88 i_ptm 0.76 rg 2.29
68 models [2] recycles 1 hard 0 soft 1 temp 0.09 loss 5.40 helix 1.29 pae 0.24 i_pae 0.22 con 2.43 i_con 2.49 plddt 0.78 ptm 0.88 i_ptm 0.76 rg 2.41
69 models [4] recycles 1 hard 0 soft 1 temp 0.07 loss 4.77 helix 1.33 pae 0.21 i_pae 0.18 con 2.26 i_con 2.10 plddt 0.81 ptm 0.90 i_ptm 0.82 rg 2.27
70 models [1] recycles 1 hard 0 soft 1 temp 0.05 loss 5.47 helix 1.39 pae 0.25 i_pae 0.23 con 2.70 i_con 2.31 plddt 0.74 ptm 0.88 i_ptm 0.74 rg 2.38
71 models [0] recycles 1 hard 0 soft 1 temp 0.04 loss 5.58 helix 1.25 pae 0.27 i_pae 0.26 con 2.55 i_con 2.59 plddt 0.74 ptm 0.86 i_ptm 0.68 rg 2.12
72 models [0] recycles 1 hard 0 soft 1 temp 0.02 loss 5.62 helix 1.33 pae 0.26 i_pae 0.25 con 2.58 i_con 2.61 plddt 0.74 ptm 0.87 i_ptm 0.69 rg 2.23
73 models [2] recycles 1 hard 0 soft 1 temp 0.02 loss 5.12 helix 1.34 pae 0.23 i_pae 0.21 con 2.44 i_con 2.23 plddt 0.78 ptm 0.88 i_ptm 0.77 rg 2.33
74 models [4] recycles 1 hard 0 soft 1 temp 0.01 loss 6.06 helix 1.18 pae 0.33 i_pae 0.33 con 2.83 i_con 2.81 plddt 0.68 ptm 0.84 i_ptm 0.60 rg 1.84
75 models [3] recycles 1 hard 0 soft 1 temp 0.01 loss 4.74 helix 1.41 pae 0.20 i_pae 0.17 con 2.30 i_con 2.05 plddt 0.82 ptm 0.90 i_ptm 0.82 rg 2.32
Softmax trajectory pLDDT good, continuing: 0.82
Stage 3: One-hot Optimisation
76 models [2] recycles 1 hard 1 soft 1 temp 0.01 loss 5.16 helix 1.34 pae 0.22 i_pae 0.19 con 2.42 i_con 2.26 plddt 0.78 ptm 0.90 i_ptm 0.80 rg 2.49
77 models [4] recycles 1 hard 1 soft 1 temp 0.01 loss 5.66 helix 1.25 pae 0.26 i_pae 0.24 con 2.77 i_con 2.44 plddt 0.69 ptm 0.88 i_ptm 0.72 rg 2.17
78 models [3] recycles 1 hard 1 soft 1 temp 0.01 loss 4.61 helix 1.47 pae 0.19 i_pae 0.16 con 2.19 i_con 2.05 plddt 0.82 ptm 0.91 i_ptm 0.83 rg 2.34
One-hot trajectory pLDDT good, continuing: 0.82
Stage 4: PSSM Semigreedy Optimisation
Running semigreedy optimization...
79 models [3] recycles 1 hard 1 soft 0 temp 1 loss 4.97 helix 1.32 pae 0.21 i_pae 0.18 con 2.35 i_con 2.17 plddt 0.78 ptm 0.90 i_ptm 0.80 rg 2.38
80 models [1] recycles 1 hard 1 soft 0 temp 1 loss 5.05 helix 1.24 pae 0.22 i_pae 0.19 con 2.40 i_con 2.17 plddt 0.76 ptm 0.89 i_ptm 0.79 rg 2.37
81 models [0] recycles 1 hard 1 soft 0 temp 1 loss 5.04 helix 1.33 pae 0.21 i_pae 0.19 con 2.39 i_con 2.21 plddt 0.76 ptm 0.90 i_ptm 0.80 rg 2.37
82 models [2] recycles 1 hard 1 soft 0 temp 1 loss 6.54 helix 1.12 pae 0.37 i_pae 0.38 con 2.91 i_con 3.10 plddt 0.63 ptm 0.83 i_ptm 0.53 rg 2.09
83 models [0] recycles 1 hard 1 soft 0 temp 1 loss 8.07 helix 1.19 pae 0.57 i_pae 0.62 con 3.25 i_con 4.29 plddt 0.45 ptm 0.76 i_ptm 0.26 rg 1.68
Trajectory successful, final pLDDT: 0.82
Starting trajectory took: 0 hours, 29 minutes, 16 seconds

Fixing interface residues: B1,B2,B3,B5,B6,B9,B10,B13,B14,B17,B20,B21,B22,B24,B25,B27,B28,B29,B32,B33,B34,B37,B38,B41,B42,B45,B46,B48,B49,B52,B53,B55,B56,B57,B58,B59,B60
Unmet filter conditions for EGFRd3_p2g0_l63_s816452_mpnn1
Unmet filter conditions for EGFRd3_p2g0_l63_s816452_mpnn2
Unmet filter conditions for EGFRd3_p2g0_l63_s816452_mpnn3
Unmet filter conditions for EGFRd3_p2g0_l63_s816452_mpnn4
Unmet filter conditions for EGFRd3_p2g0_l63_s816452_mpnn5
Base AF2 filters not passed for EGFRd3_p2g0_l63_s816452_mpnn6, skipping interface scoring
Unmet filter conditions for EGFRd3_p2g0_l63_s816452_mpnn7
Unmet filter conditions for EGFRd3_p2g0_l63_s816452_mpnn8
No accepted MPNN designs found for this trajectory.

Design and validation of trajectory EGFRd3_p2g0_l63_s816452 took: 0 hours, 27 minutes, 46 seconds
Starting trajectory: EGFRd3_p2g0_l61_s594500
Stage 1: Test Logits
1 models [0] recycles 1 hard 0 soft 0.02 temp 1 loss 10.88 helix 1.57 pae 0.79 i_pae 0.80 con 4.52 i_con 4.38 plddt 0.30 ptm 0.74 i_ptm 0.15 rg 6.48
2 models [1] recycles 1 hard 0 soft 0.04 temp 1 loss 9.57 helix 1.26 pae 0.71 i_pae 0.71 con 4.35 i_con 4.25 plddt 0.33 ptm 0.76 i_ptm 0.20 rg 2.95
3 models [4] recycles 1 hard 0 soft 0.05 temp 1 loss 9.17 helix 1.15 pae 0.72 i_pae 0.71 con 4.50 i_con 4.15 plddt 0.29 ptm 0.75 i_ptm 0.19 rg 1.32
4 models [2] recycles 1 hard 0 soft 0.07 temp 1 loss 9.35 helix 1.16 pae 0.71 i_pae 0.69 con 4.41 i_con 4.17 plddt 0.34 ptm 0.76 i_ptm 0.20 rg 2.16
5 models [4] recycles 1 hard 0 soft 0.09 temp 1 loss 9.10 helix 0.85 pae 0.69 i_pae 0.69 con 4.32 i_con 4.17 plddt 0.35 ptm 0.75 i_ptm 0.19 rg 1.39
6 models [3] recycles 1 hard 0 soft 0.11 temp 1 loss 8.44 helix 0.85 pae 0.62 i_pae 0.64 con 3.86 i_con 4.02 plddt 0.42 ptm 0.76 i_ptm 0.25 rg 1.37
7 models [4] recycles 1 hard 0 soft 0.13 temp 1 loss 8.47 helix 0.60 pae 0.60 i_pae 0.63 con 3.74 i_con 3.94 plddt 0.46 ptm 0.76 i_ptm 0.24 rg 1.92
8 models [3] recycles 1 hard 0 soft 0.14 temp 1 loss 8.39 helix 0.89 pae 0.64 i_pae 0.63 con 4.04 i_con 3.86 plddt 0.41 ptm 0.76 i_ptm 0.25 rg 1.14
9 models [0] recycles 1 hard 0 soft 0.16 temp 1 loss 8.17 helix 0.79 pae 0.57 i_pae 0.60 con 3.54 i_con 3.93 plddt 0.50 ptm 0.76 i_ptm 0.27 rg 1.88
10 models [1] recycles 1 hard 0 soft 0.18 temp 1 loss 7.83 helix 0.86 pae 0.47 i_pae 0.50 con 3.25 i_con 3.75 plddt 0.57 ptm 0.80 i_ptm 0.40 rg 2.63
11 models [4] recycles 1 hard 0 soft 0.20 temp 1 loss 7.34 helix 0.73 pae 0.36 i_pae 0.37 con 3.13 i_con 3.24 plddt 0.67 ptm 0.84 i_ptm 0.58 rg 3.16
12 models [0] recycles 1 hard 0 soft 0.22 temp 1 loss 8.17 helix 1.00 pae 0.63 i_pae 0.65 con 3.89 i_con 4.21 plddt 0.39 ptm 0.75 i_ptm 0.23 rg -0.16
13 models [3] recycles 1 hard 0 soft 0.23 temp 1 loss 7.06 helix 0.79 pae 0.31 i_pae 0.30 con 3.02 i_con 3.06 plddt 0.70 ptm 0.86 i_ptm 0.66 rg 3.40
14 models [0] recycles 1 hard 0 soft 0.25 temp 1 loss 6.86 helix 0.83 pae 0.31 i_pae 0.32 con 2.90 i_con 3.03 plddt 0.70 ptm 0.86 i_ptm 0.64 rg 3.28
15 models [1] recycles 1 hard 0 soft 0.27 temp 1 loss 6.73 helix 0.81 pae 0.29 i_pae 0.30 con 2.70 i_con 3.08 plddt 0.74 ptm 0.87 i_ptm 0.67 rg 3.35
16 models [3] recycles 1 hard 0 soft 0.29 temp 1 loss 6.22 helix 0.91 pae 0.24 i_pae 0.24 con 2.49 i_con 2.76 plddt 0.79 ptm 0.88 i_ptm 0.75 rg 3.63
17 models [3] recycles 1 hard 0 soft 0.31 temp 1 loss 6.59 helix 0.93 pae 0.27 i_pae 0.26 con 2.79 i_con 2.86 plddt 0.74 ptm 0.87 i_ptm 0.71 rg 3.48
18 models [0] recycles 1 hard 0 soft 0.32 temp 1 loss 5.88 helix 1.04 pae 0.21 i_pae 0.20 con 2.30 i_con 2.65 plddt 0.82 ptm 0.89 i_ptm 0.79 rg 3.69
19 models [2] recycles 1 hard 0 soft 0.34 temp 1 loss 5.70 helix 1.01 pae 0.23 i_pae 0.21 con 2.35 i_con 2.54 plddt 0.81 ptm 0.89 i_ptm 0.78 rg 3.26
20 models [2] recycles 1 hard 0 soft 0.36 temp 1 loss 4.87 helix 1.31 pae 0.16 i_pae 0.15 con 1.86 i_con 2.29 plddt 0.89 ptm 0.91 i_ptm 0.87 rg 3.38
21 models [0] recycles 1 hard 0 soft 0.38 temp 1 loss 5.16 helix 1.32 pae 0.18 i_pae 0.17 con 2.19 i_con 2.20 plddt 0.85 ptm 0.91 i_ptm 0.85 rg 3.52
22 models [3] recycles 1 hard 0 soft 0.40 temp 1 loss 4.90 helix 1.35 pae 0.16 i_pae 0.15 con 2.01 i_con 2.21 plddt 0.88 ptm 0.92 i_ptm 0.88 rg 3.29
23 models [4] recycles 1 hard 0 soft 0.41 temp 1 loss 5.12 helix 1.33 pae 0.18 i_pae 0.16 con 2.15 i_con 2.30 plddt 0.85 ptm 0.91 i_ptm 0.84 rg 3.20
24 models [2] recycles 1 hard 0 soft 0.43 temp 1 loss 5.02 helix 1.39 pae 0.17 i_pae 0.16 con 2.05 i_con 2.30 plddt 0.87 ptm 0.91 i_ptm 0.85 rg 3.29
25 models [3] recycles 1 hard 0 soft 0.45 temp 1 loss 4.78 helix 1.53 pae 0.15 i_pae 0.14 con 1.89 i_con 2.25 plddt 0.89 ptm 0.92 i_ptm 0.88 rg 3.31
26 models [1] recycles 1 hard 0 soft 0.47 temp 1 loss 4.36 helix 1.73 pae 0.13 i_pae 0.12 con 1.65 i_con 2.23 plddt 0.92 ptm 0.92 i_ptm 0.89 rg 3.09
27 models [0] recycles 1 hard 0 soft 0.49 temp 1 loss 4.35 helix 1.68 pae 0.13 i_pae 0.12 con 1.70 i_con 2.14 plddt 0.92 ptm 0.92 i_ptm 0.89 rg 3.13
28 models [3] recycles 1 hard 0 soft 0.50 temp 1 loss 4.37 helix 1.80 pae 0.13 i_pae 0.12 con 1.69 i_con 2.18 plddt 0.92 ptm 0.92 i_ptm 0.89 rg 3.19
29 models [2] recycles 1 hard 0 soft 0.52 temp 1 loss 5.61 helix 1.31 pae 0.25 i_pae 0.24 con 2.55 i_con 2.42 plddt 0.75 ptm 0.88 i_ptm 0.74 rg 2.90
30 models [4] recycles 1 hard 0 soft 0.54 temp 1 loss 4.25 helix 1.68 pae 0.12 i_pae 0.11 con 1.63 i_con 2.09 plddt 0.94 ptm 0.93 i_ptm 0.91 rg 3.17
31 models [1] recycles 1 hard 0 soft 0.56 temp 1 loss 4.21 helix 1.69 pae 0.13 i_pae 0.12 con 1.64 i_con 2.05 plddt 0.93 ptm 0.92 i_ptm 0.90 rg 3.15
32 models [4] recycles 1 hard 0 soft 0.58 temp 1 loss 4.35 helix 1.62 pae 0.13 i_pae 0.12 con 1.66 i_con 2.14 plddt 0.94 ptm 0.92 i_ptm 0.91 rg 3.21
33 models [4] recycles 1 hard 0 soft 0.59 temp 1 loss 4.30 helix 1.61 pae 0.12 i_pae 0.12 con 1.62 i_con 2.14 plddt 0.94 ptm 0.92 i_ptm 0.90 rg 3.18
34 models [1] recycles 1 hard 0 soft 0.61 temp 1 loss 4.44 helix 1.58 pae 0.14 i_pae 0.13 con 1.69 i_con 2.21 plddt 0.92 ptm 0.92 i_ptm 0.88 rg 3.14
35 models [1] recycles 1 hard 0 soft 0.63 temp 1 loss 4.41 helix 1.70 pae 0.13 i_pae 0.12 con 1.74 i_con 2.15 plddt 0.93 ptm 0.92 i_ptm 0.90 rg 3.17
36 models [3] recycles 1 hard 0 soft 0.65 temp 1 loss 4.15 helix 1.60 pae 0.13 i_pae 0.12 con 1.60 i_con 2.00 plddt 0.93 ptm 0.93 i_ptm 0.91 rg 3.18
37 models [4] recycles 1 hard 0 soft 0.67 temp 1 loss 4.28 helix 1.79 pae 0.13 i_pae 0.12 con 1.63 i_con 2.15 plddt 0.94 ptm 0.92 i_ptm 0.90 rg 3.19
38 models [1] recycles 1 hard 0 soft 0.68 temp 1 loss 3.96 helix 1.82 pae 0.12 i_pae 0.11 con 1.51 i_con 1.99 plddt 0.95 ptm 0.93 i_ptm 0.91 rg 3.11
39 models [1] recycles 1 hard 0 soft 0.70 temp 1 loss 3.94 helix 1.77 pae 0.12 i_pae 0.11 con 1.58 i_con 1.88 plddt 0.94 ptm 0.93 i_ptm 0.91 rg 3.11
40 models [3] recycles 1 hard 0 soft 0.72 temp 1 loss 4.22 helix 1.68 pae 0.13 i_pae 0.12 con 1.64 i_con 2.07 plddt 0.93 ptm 0.93 i_ptm 0.91 rg 3.14
41 models [0] recycles 1 hard 0 soft 0.74 temp 1 loss 4.43 helix 1.47 pae 0.14 i_pae 0.13 con 1.78 i_con 2.06 plddt 0.91 ptm 0.92 i_ptm 0.89 rg 3.12
42 models [2] recycles 1 hard 0 soft 0.76 temp 1 loss 4.29 helix 1.63 pae 0.13 i_pae 0.12 con 1.66 i_con 2.11 plddt 0.93 ptm 0.92 i_ptm 0.89 rg 3.10
43 models [2] recycles 1 hard 0 soft 0.77 temp 1 loss 3.91 helix 1.78 pae 0.12 i_pae 0.11 con 1.53 i_con 1.93 plddt 0.95 ptm 0.92 i_ptm 0.91 rg 3.07
44 models [2] recycles 1 hard 0 soft 0.79 temp 1 loss 7.50 helix 1.22 pae 0.62 i_pae 0.63 con 3.50 i_con 4.14 plddt 0.41 ptm 0.76 i_ptm 0.24 rg -0.61
45 models [3] recycles 1 hard 0 soft 0.81 temp 1 loss 3.97 helix 1.73 pae 0.12 i_pae 0.10 con 1.54 i_con 1.96 plddt 0.95 ptm 0.93 i_ptm 0.92 rg 3.06
46 models [1] recycles 1 hard 0 soft 0.83 temp 1 loss 4.17 helix 1.63 pae 0.12 i_pae 0.11 con 1.56 i_con 2.08 plddt 0.93 ptm 0.93 i_ptm 0.90 rg 3.13
47 models [3] recycles 1 hard 0 soft 0.85 temp 1 loss 4.76 helix 1.47 pae 0.15 i_pae 0.14 con 1.91 i_con 2.26 plddt 0.89 ptm 0.91 i_ptm 0.86 rg 3.11
48 models [4] recycles 1 hard 0 soft 0.86 temp 1 loss 6.54 helix 1.12 pae 0.30 i_pae 0.29 con 2.74 i_con 2.99 plddt 0.72 ptm 0.87 i_ptm 0.68 rg 3.20
49 models [0] recycles 1 hard 0 soft 0.88 temp 1 loss 6.07 helix 1.11 pae 0.23 i_pae 0.23 con 2.41 i_con 2.85 plddt 0.78 ptm 0.88 i_ptm 0.75 rg 3.30
50 models [2] recycles 1 hard 0 soft 0.90 temp 1 loss 5.58 helix 1.14 pae 0.20 i_pae 0.20 con 2.33 i_con 2.50 plddt 0.83 ptm 0.90 i_ptm 0.81 rg 3.22
Initial trajectory pLDDT good, continuing: 0.95
Stage 2: Softmax Optimisation
51 models [1] recycles 1 hard 0 soft 1 temp 0.92 loss 6.06 helix 1.04 pae 0.25 i_pae 0.24 con 2.47 i_con 2.76 plddt 0.78 ptm 0.88 i_ptm 0.74 rg 3.28
52 models [1] recycles 1 hard 0 soft 1 temp 0.85 loss 5.80 helix 1.08 pae 0.21 i_pae 0.21 con 2.32 i_con 2.74 plddt 0.82 ptm 0.89 i_ptm 0.79 rg 3.11
53 models [1] recycles 1 hard 0 soft 1 temp 0.78 loss 5.76 helix 1.20 pae 0.21 i_pae 0.21 con 2.27 i_con 2.77 plddt 0.83 ptm 0.89 i_ptm 0.79 rg 3.16
54 models [2] recycles 1 hard 0 soft 1 temp 0.71 loss 4.92 helix 1.31 pae 0.17 i_pae 0.15 con 1.93 i_con 2.31 plddt 0.88 ptm 0.91 i_ptm 0.85 rg 3.22
55 models [2] recycles 1 hard 0 soft 1 temp 0.64 loss 4.80 helix 1.44 pae 0.16 i_pae 0.15 con 1.99 i_con 2.17 plddt 0.88 ptm 0.91 i_ptm 0.87 rg 3.24
56 models [1] recycles 1 hard 0 soft 1 temp 0.58 loss 4.16 helix 1.76 pae 0.13 i_pae 0.12 con 1.72 i_con 1.96 plddt 0.92 ptm 0.92 i_ptm 0.90 rg 3.12
57 models [3] recycles 1 hard 0 soft 1 temp 0.52 loss 4.24 helix 1.84 pae 0.13 i_pae 0.12 con 1.65 i_con 2.12 plddt 0.93 ptm 0.92 i_ptm 0.90 rg 3.16
58 models [4] recycles 1 hard 0 soft 1 temp 0.47 loss 4.47 helix 1.84 pae 0.13 i_pae 0.13 con 1.68 i_con 2.30 plddt 0.93 ptm 0.92 i_ptm 0.89 rg 3.20
59 models [1] recycles 1 hard 0 soft 1 temp 0.42 loss 4.75 helix 1.58 pae 0.15 i_pae 0.14 con 1.92 i_con 2.24 plddt 0.89 ptm 0.92 i_ptm 0.88 rg 3.26
60 models [4] recycles 1 hard 0 soft 1 temp 0.37 loss 7.78 helix 1.26 pae 0.60 i_pae 0.65 con 3.10 i_con 4.29 plddt 0.50 ptm 0.76 i_ptm 0.24 rg 1.23
61 models [4] recycles 1 hard 0 soft 1 temp 0.32 loss 7.50 helix 1.34 pae 0.61 i_pae 0.66 con 2.90 i_con 4.27 plddt 0.53 ptm 0.75 i_ptm 0.21 rg 1.12
62 models [1] recycles 1 hard 0 soft 1 temp 0.28 loss 7.49 helix 1.33 pae 0.52 i_pae 0.59 con 2.79 i_con 4.02 plddt 0.60 ptm 0.77 i_ptm 0.29 rg 2.47
63 models [3] recycles 1 hard 0 soft 1 temp 0.24 loss 7.72 helix 1.25 pae 0.65 i_pae 0.70 con 3.20 i_con 4.41 plddt 0.45 ptm 0.75 i_ptm 0.20 rg 0.21
64 models [0] recycles 1 hard 0 soft 1 temp 0.20 loss 4.62 helix 1.79 pae 0.14 i_pae 0.13 con 1.85 i_con 2.29 plddt 0.91 ptm 0.92 i_ptm 0.88 rg 3.09
65 models [3] recycles 1 hard 0 soft 1 temp 0.17 loss 4.34 helix 1.87 pae 0.13 i_pae 0.12 con 1.72 i_con 2.17 plddt 0.93 ptm 0.92 i_ptm 0.90 rg 3.13
66 models [0] recycles 1 hard 0 soft 1 temp 0.14 loss 4.90 helix 1.53 pae 0.17 i_pae 0.16 con 2.10 i_con 2.20 plddt 0.86 ptm 0.91 i_ptm 0.85 rg 3.18
67 models [2] recycles 1 hard 0 soft 1 temp 0.11 loss 7.73 helix 1.12 pae 0.55 i_pae 0.60 con 3.10 i_con 3.99 plddt 0.56 ptm 0.77 i_ptm 0.30 rg 2.08
68 models [4] recycles 1 hard 0 soft 1 temp 0.09 loss 4.64 helix 1.74 pae 0.15 i_pae 0.14 con 1.86 i_con 2.23 plddt 0.90 ptm 0.91 i_ptm 0.87 rg 3.26
69 models [1] recycles 1 hard 0 soft 1 temp 0.07 loss 4.47 helix 1.75 pae 0.14 i_pae 0.13 con 1.85 i_con 2.12 plddt 0.91 ptm 0.92 i_ptm 0.89 rg 3.15
70 models [3] recycles 1 hard 0 soft 1 temp 0.05 loss 8.33 helix 1.20 pae 0.66 i_pae 0.70 con 3.62 i_con 4.53 plddt 0.43 ptm 0.76 i_ptm 0.20 rg 0.39
71 models [4] recycles 1 hard 0 soft 1 temp 0.04 loss 7.31 helix 1.29 pae 0.64 i_pae 0.67 con 3.27 i_con 4.25 plddt 0.42 ptm 0.76 i_ptm 0.21 rg -0.79
72 models [0] recycles 1 hard 0 soft 1 temp 0.02 loss 7.99 helix 1.41 pae 0.69 i_pae 0.75 con 3.35 i_con 4.79 plddt 0.45 ptm 0.74 i_ptm 0.17 rg -0.57
73 models [3] recycles 1 hard 0 soft 1 temp 0.02 loss 7.87 helix 1.38 pae 0.65 i_pae 0.68 con 3.65 i_con 4.32 plddt 0.40 ptm 0.76 i_ptm 0.23 rg -0.36
74 models [4] recycles 1 hard 0 soft 1 temp 0.01 loss 7.89 helix 1.59 pae 0.65 i_pae 0.66 con 3.80 i_con 4.24 plddt 0.35 ptm 0.76 i_ptm 0.23 rg -0.34
75 models [3] recycles 1 hard 0 soft 1 temp 0.01 loss 7.88 helix 1.38 pae 0.65 i_pae 0.68 con 3.65 i_con 4.33 plddt 0.41 ptm 0.76 i_ptm 0.21 rg -0.37
Softmax trajectory pLDDT good, continuing: 0.92
Stage 3: One-hot Optimisation
76 models [1] recycles 1 hard 1 soft 1 temp 0.01 loss 7.71 helix 1.34 pae 0.64 i_pae 0.66 con 3.52 i_con 4.24 plddt 0.39 ptm 0.76 i_ptm 0.22 rg -0.22
77 models [2] recycles 1 hard 1 soft 1 temp 0.01 loss 8.25 helix 1.94 pae 0.66 i_pae 0.68 con 3.74 i_con 4.32 plddt 0.33 ptm 0.76 i_ptm 0.22 rg 1.12
78 models [3] recycles 1 hard 1 soft 1 temp 0.01 loss 7.55 helix 1.40 pae 0.62 i_pae 0.67 con 3.38 i_con 4.30 plddt 0.41 ptm 0.76 i_ptm 0.22 rg -0.39
One-hot trajectory pLDDT too low to continue: 0.41
Trajectory starting confidence low, skipping analysis and MPNN optimisation

Starting trajectory took: 0 hours, 28 minutes, 9 seconds

Starting trajectory: EGFRd3_p2g0_l61_s3368
Stage 1: Test Logits
1 models [3] recycles 1 hard 0 soft 0.02 temp 1 loss 13.77 helix 1.98 pae 0.82 i_pae 0.83 con 4.71 i_con 4.37 plddt 0.28 ptm 0.74 i_ptm 0.13 rg 15.81
2 models [3] recycles 1 hard 0 soft 0.04 temp 1 loss 10.39 helix 1.40 pae 0.75 i_pae 0.74 con 4.39 i_con 4.14 plddt 0.29 ptm 0.75 i_ptm 0.18 rg 5.97
3 models [4] recycles 1 hard 0 soft 0.05 temp 1 loss 9.50 helix 1.38 pae 0.72 i_pae 0.71 con 4.60 i_con 4.12 plddt 0.31 ptm 0.75 i_ptm 0.19 rg 2.43
4 models [1] recycles 1 hard 0 soft 0.07 temp 1 loss 8.86 helix 1.19 pae 0.66 i_pae 0.65 con 4.36 i_con 3.97 plddt 0.37 ptm 0.77 i_ptm 0.25 rg 1.53
5 models [4] recycles 1 hard 0 soft 0.09 temp 1 loss 8.47 helix 0.98 pae 0.68 i_pae 0.68 con 4.11 i_con 4.03 plddt 0.35 ptm 0.75 i_ptm 0.21 rg 0.58
6 models [0] recycles 1 hard 0 soft 0.11 temp 1 loss 9.43 helix 0.78 pae 0.69 i_pae 0.72 con 4.19 i_con 4.45 plddt 0.39 ptm 0.75 i_ptm 0.19 rg 1.95
7 models [0] recycles 1 hard 0 soft 0.13 temp 1 loss 9.23 helix 1.17 pae 0.72 i_pae 0.73 con 4.19 i_con 4.28 plddt 0.32 ptm 0.75 i_ptm 0.18 rg 2.15
8 models [2] recycles 1 hard 0 soft 0.14 temp 1 loss 9.99 helix 1.02 pae 0.74 i_pae 0.75 con 4.30 i_con 4.50 plddt 0.37 ptm 0.74 i_ptm 0.16 rg 3.41
9 models [0] recycles 1 hard 0 soft 0.16 temp 1 loss 8.62 helix 1.33 pae 0.72 i_pae 0.73 con 4.21 i_con 4.43 plddt 0.30 ptm 0.75 i_ptm 0.18 rg -0.30
10 models [3] recycles 1 hard 0 soft 0.18 temp 1 loss 9.18 helix 1.30 pae 0.68 i_pae 0.67 con 4.14 i_con 4.13 plddt 0.34 ptm 0.76 i_ptm 0.22 rg 2.87
11 models [3] recycles 1 hard 0 soft 0.20 temp 1 loss 9.70 helix 1.22 pae 0.69 i_pae 0.70 con 4.32 i_con 4.16 plddt 0.35 ptm 0.76 i_ptm 0.21 rg 3.76
12 models [0] recycles 1 hard 0 soft 0.22 temp 1 loss 8.64 helix 1.21 pae 0.65 i_pae 0.65 con 4.07 i_con 3.91 plddt 0.35 ptm 0.76 i_ptm 0.25 rg 1.97
13 models [3] recycles 1 hard 0 soft 0.23 temp 1 loss 8.84 helix 1.45 pae 0.68 i_pae 0.66 con 4.13 i_con 3.82 plddt 0.34 ptm 0.77 i_ptm 0.25 rg 2.91
14 models [4] recycles 1 hard 0 soft 0.25 temp 1 loss 7.97 helix 1.06 pae 0.66 i_pae 0.67 con 3.81 i_con 4.14 plddt 0.38 ptm 0.75 i_ptm 0.22 rg -0.32
15 models [0] recycles 1 hard 0 soft 0.27 temp 1 loss 7.77 helix 1.17 pae 0.63 i_pae 0.65 con 3.66 i_con 4.09 plddt 0.42 ptm 0.76 i_ptm 0.23 rg -0.13
16 models [1] recycles 1 hard 0 soft 0.29 temp 1 loss 7.69 helix 1.17 pae 0.61 i_pae 0.62 con 3.71 i_con 3.90 plddt 0.42 ptm 0.77 i_ptm 0.27 rg 0.08
17 models [1] recycles 1 hard 0 soft 0.31 temp 1 loss 7.35 helix 1.08 pae 0.57 i_pae 0.59 con 3.49 i_con 3.81 plddt 0.48 ptm 0.78 i_ptm 0.30 rg 0.00
18 models [0] recycles 1 hard 0 soft 0.32 temp 1 loss 7.25 helix 1.22 pae 0.58 i_pae 0.59 con 3.53 i_con 3.78 plddt 0.46 ptm 0.77 i_ptm 0.30 rg -0.26
19 models [2] recycles 1 hard 0 soft 0.34 temp 1 loss 7.18 helix 1.11 pae 0.54 i_pae 0.56 con 3.47 i_con 3.72 plddt 0.50 ptm 0.78 i_ptm 0.34 rg -0.11
20 models [1] recycles 1 hard 0 soft 0.36 temp 1 loss 6.62 helix 1.27 pae 0.48 i_pae 0.51 con 3.14 i_con 3.54 plddt 0.54 ptm 0.79 i_ptm 0.38 rg 0.02
21 models [0] recycles 1 hard 0 soft 0.38 temp 1 loss 6.52 helix 1.42 pae 0.48 i_pae 0.49 con 3.10 i_con 3.57 plddt 0.54 ptm 0.80 i_ptm 0.39 rg -0.12
22 models [3] recycles 1 hard 0 soft 0.40 temp 1 loss 6.31 helix 1.42 pae 0.42 i_pae 0.42 con 3.05 i_con 3.37 plddt 0.59 ptm 0.82 i_ptm 0.48 rg 0.13
23 models [1] recycles 1 hard 0 soft 0.41 temp 1 loss 6.59 helix 1.48 pae 0.47 i_pae 0.50 con 2.99 i_con 3.74 plddt 0.57 ptm 0.80 i_ptm 0.41 rg -0.01
24 models [2] recycles 1 hard 0 soft 0.43 temp 1 loss 6.20 helix 1.43 pae 0.42 i_pae 0.43 con 2.92 i_con 3.45 plddt 0.62 ptm 0.81 i_ptm 0.44 rg -0.07
25 models [0] recycles 1 hard 0 soft 0.45 temp 1 loss 7.38 helix 1.31 pae 0.60 i_pae 0.65 con 3.35 i_con 4.16 plddt 0.46 ptm 0.76 i_ptm 0.23 rg -0.46
26 models [2] recycles 1 hard 0 soft 0.47 temp 1 loss 6.20 helix 1.51 pae 0.44 i_pae 0.46 con 2.86 i_con 3.53 plddt 0.62 ptm 0.80 i_ptm 0.40 rg -0.07
27 models [4] recycles 1 hard 0 soft 0.49 temp 1 loss 5.65 helix 1.79 pae 0.39 i_pae 0.42 con 2.44 i_con 3.52 plddt 0.70 ptm 0.81 i_ptm 0.44 rg -0.08
28 models [0] recycles 1 hard 0 soft 0.50 temp 1 loss 6.02 helix 1.57 pae 0.40 i_pae 0.41 con 2.81 i_con 3.44 plddt 0.61 ptm 0.81 i_ptm 0.48 rg -0.07
29 models [3] recycles 1 hard 0 soft 0.52 temp 1 loss 5.45 helix 1.89 pae 0.37 i_pae 0.39 con 2.39 i_con 3.39 plddt 0.72 ptm 0.82 i_ptm 0.49 rg -0.00
30 models [2] recycles 1 hard 0 soft 0.54 temp 1 loss 5.52 helix 1.76 pae 0.34 i_pae 0.36 con 2.55 i_con 3.28 plddt 0.71 ptm 0.83 i_ptm 0.54 rg -0.02
31 models [2] recycles 1 hard 0 soft 0.56 temp 1 loss 4.88 helix 1.88 pae 0.26 i_pae 0.27 con 2.26 i_con 2.99 plddt 0.78 ptm 0.85 i_ptm 0.65 rg 0.10
32 models [3] recycles 1 hard 0 soft 0.58 temp 1 loss 4.79 helix 1.88 pae 0.25 i_pae 0.25 con 2.29 i_con 2.84 plddt 0.77 ptm 0.87 i_ptm 0.70 rg 0.20
33 models [2] recycles 1 hard 0 soft 0.59 temp 1 loss 5.48 helix 1.78 pae 0.34 i_pae 0.36 con 2.52 i_con 3.30 plddt 0.70 ptm 0.83 i_ptm 0.54 rg -0.13
34 models [4] recycles 1 hard 0 soft 0.61 temp 1 loss 5.12 helix 1.85 pae 0.29 i_pae 0.32 con 2.31 i_con 3.16 plddt 0.75 ptm 0.85 i_ptm 0.59 rg 0.00
35 models [2] recycles 1 hard 0 soft 0.63 temp 1 loss 4.46 helix 1.98 pae 0.22 i_pae 0.23 con 2.15 i_con 2.74 plddt 0.82 ptm 0.87 i_ptm 0.74 rg 0.09
36 models [3] recycles 1 hard 0 soft 0.65 temp 1 loss 5.23 helix 1.83 pae 0.27 i_pae 0.27 con 2.65 i_con 2.91 plddt 0.73 ptm 0.87 i_ptm 0.69 rg 0.14
37 models [0] recycles 1 hard 0 soft 0.67 temp 1 loss 4.56 helix 2.01 pae 0.22 i_pae 0.23 con 2.19 i_con 2.81 plddt 0.80 ptm 0.87 i_ptm 0.71 rg 0.03
38 models [1] recycles 1 hard 0 soft 0.68 temp 1 loss 4.06 helix 2.10 pae 0.19 i_pae 0.19 con 2.07 i_con 2.48 plddt 0.84 ptm 0.90 i_ptm 0.81 rg 0.07
39 models [0] recycles 1 hard 0 soft 0.70 temp 1 loss 6.23 helix 1.68 pae 0.43 i_pae 0.45 con 3.07 i_con 3.40 plddt 0.57 ptm 0.80 i_ptm 0.44 rg -0.07
40 models [0] recycles 1 hard 0 soft 0.72 temp 1 loss 4.89 helix 1.86 pae 0.26 i_pae 0.26 con 2.50 i_con 2.74 plddt 0.74 ptm 0.87 i_ptm 0.71 rg 0.12
41 models [3] recycles 1 hard 0 soft 0.74 temp 1 loss 4.63 helix 1.90 pae 0.22 i_pae 0.22 con 2.30 i_con 2.70 plddt 0.79 ptm 0.88 i_ptm 0.76 rg 0.19
42 models [4] recycles 1 hard 0 soft 0.76 temp 1 loss 4.30 helix 2.23 pae 0.21 i_pae 0.22 con 2.07 i_con 2.75 plddt 0.83 ptm 0.88 i_ptm 0.76 rg 0.02
43 models [3] recycles 1 hard 0 soft 0.77 temp 1 loss 4.55 helix 2.11 pae 0.23 i_pae 0.24 con 2.21 i_con 2.80 plddt 0.81 ptm 0.87 i_ptm 0.71 rg 0.08
44 models [1] recycles 1 hard 0 soft 0.79 temp 1 loss 4.11 helix 2.17 pae 0.19 i_pae 0.19 con 2.08 i_con 2.53 plddt 0.83 ptm 0.90 i_ptm 0.80 rg 0.06
45 models [4] recycles 1 hard 0 soft 0.81 temp 1 loss 3.82 helix 2.31 pae 0.18 i_pae 0.17 con 1.94 i_con 2.44 plddt 0.86 ptm 0.90 i_ptm 0.83 rg 0.06
46 models [1] recycles 1 hard 0 soft 0.83 temp 1 loss 4.02 helix 2.14 pae 0.19 i_pae 0.19 con 2.08 i_con 2.42 plddt 0.82 ptm 0.90 i_ptm 0.82 rg 0.12
47 models [3] recycles 1 hard 0 soft 0.85 temp 1 loss 4.59 helix 2.07 pae 0.23 i_pae 0.23 con 2.27 i_con 2.77 plddt 0.80 ptm 0.88 i_ptm 0.73 rg 0.07
48 models [2] recycles 1 hard 0 soft 0.86 temp 1 loss 4.40 helix 1.99 pae 0.22 i_pae 0.22 con 2.14 i_con 2.71 plddt 0.83 ptm 0.87 i_ptm 0.75 rg 0.00
49 models [2] recycles 1 hard 0 soft 0.88 temp 1 loss 4.09 helix 2.14 pae 0.20 i_pae 0.20 con 2.03 i_con 2.57 plddt 0.85 ptm 0.88 i_ptm 0.79 rg 0.04
50 models [0] recycles 1 hard 0 soft 0.90 temp 1 loss 4.18 helix 2.08 pae 0.21 i_pae 0.20 con 2.11 i_con 2.55 plddt 0.83 ptm 0.88 i_ptm 0.77 rg 0.04
Initial trajectory pLDDT good, continuing: 0.86
Stage 2: Softmax Optimisation
51 models [2] recycles 1 hard 0 soft 1 temp 0.92 loss 4.96 helix 1.85 pae 0.26 i_pae 0.26 con 2.51 i_con 2.86 plddt 0.76 ptm 0.87 i_ptm 0.71 rg -0.07
52 models [1] recycles 1 hard 0 soft 1 temp 0.85 loss 4.72 helix 1.94 pae 0.24 i_pae 0.24 con 2.43 i_con 2.72 plddt 0.75 ptm 0.88 i_ptm 0.74 rg -0.02
53 models [2] recycles 1 hard 0 soft 1 temp 0.78 loss 4.23 helix 2.07 pae 0.21 i_pae 0.21 con 2.09 i_con 2.61 plddt 0.83 ptm 0.88 i_ptm 0.76 rg 0.06
54 models [1] recycles 1 hard 0 soft 1 temp 0.71 loss 3.93 helix 2.23 pae 0.18 i_pae 0.18 con 1.98 i_con 2.50 plddt 0.85 ptm 0.90 i_ptm 0.80 rg 0.03
55 models [3] recycles 1 hard 0 soft 1 temp 0.64 loss 5.00 helix 1.71 pae 0.28 i_pae 0.27 con 2.67 i_con 2.62 plddt 0.72 ptm 0.88 i_ptm 0.71 rg 0.13
56 models [0] recycles 1 hard 0 soft 1 temp 0.58 loss 4.02 helix 2.10 pae 0.18 i_pae 0.18 con 2.01 i_con 2.50 plddt 0.85 ptm 0.89 i_ptm 0.80 rg 0.06
57 models [3] recycles 1 hard 0 soft 1 temp 0.52 loss 4.00 helix 2.21 pae 0.18 i_pae 0.18 con 1.98 i_con 2.56 plddt 0.86 ptm 0.89 i_ptm 0.79 rg 0.03
58 models [4] recycles 1 hard 0 soft 1 temp 0.47 loss 3.92 helix 2.24 pae 0.18 i_pae 0.18 con 1.91 i_con 2.55 plddt 0.86 ptm 0.89 i_ptm 0.81 rg 0.05
59 models [4] recycles 1 hard 0 soft 1 temp 0.42 loss 4.72 helix 2.25 pae 0.31 i_pae 0.32 con 2.06 i_con 3.19 plddt 0.76 ptm 0.83 i_ptm 0.53 rg -0.17
60 models [3] recycles 1 hard 0 soft 1 temp 0.37 loss 4.18 helix 2.16 pae 0.19 i_pae 0.19 con 2.14 i_con 2.53 plddt 0.84 ptm 0.89 i_ptm 0.79 rg 0.14
61 models [4] recycles 1 hard 0 soft 1 temp 0.32 loss 4.00 helix 2.32 pae 0.18 i_pae 0.19 con 1.91 i_con 2.63 plddt 0.86 ptm 0.89 i_ptm 0.79 rg 0.10
62 models [2] recycles 1 hard 0 soft 1 temp 0.28 loss 6.16 helix 1.91 pae 0.52 i_pae 0.61 con 2.40 i_con 4.11 plddt 0.68 ptm 0.76 i_ptm 0.26 rg -0.38
63 models [3] recycles 1 hard 0 soft 1 temp 0.24 loss 4.07 helix 2.32 pae 0.19 i_pae 0.19 con 1.98 i_con 2.64 plddt 0.86 ptm 0.89 i_ptm 0.78 rg 0.08
64 models [1] recycles 1 hard 0 soft 1 temp 0.20 loss 4.23 helix 2.28 pae 0.21 i_pae 0.21 con 2.15 i_con 2.63 plddt 0.80 ptm 0.89 i_ptm 0.78 rg -0.00
65 models [0] recycles 1 hard 0 soft 1 temp 0.17 loss 4.26 helix 2.12 pae 0.21 i_pae 0.21 con 2.07 i_con 2.67 plddt 0.82 ptm 0.88 i_ptm 0.76 rg 0.10
66 models [4] recycles 1 hard 0 soft 1 temp 0.14 loss 5.75 helix 2.06 pae 0.50 i_pae 0.59 con 2.18 i_con 3.96 plddt 0.70 ptm 0.77 i_ptm 0.25 rg -0.33
67 models [1] recycles 1 hard 0 soft 1 temp 0.11 loss 5.79 helix 1.87 pae 0.38 i_pae 0.41 con 2.55 i_con 3.51 plddt 0.67 ptm 0.82 i_ptm 0.48 rg 0.15
68 models [2] recycles 1 hard 0 soft 1 temp 0.09 loss 4.56 helix 2.17 pae 0.25 i_pae 0.26 con 2.07 i_con 2.95 plddt 0.82 ptm 0.86 i_ptm 0.66 rg 0.08
69 models [2] recycles 1 hard 0 soft 1 temp 0.07 loss 5.05 helix 2.09 pae 0.33 i_pae 0.36 con 2.20 i_con 3.29 plddt 0.75 ptm 0.82 i_ptm 0.51 rg -0.10
70 models [4] recycles 1 hard 0 soft 1 temp 0.05 loss 4.90 helix 2.02 pae 0.27 i_pae 0.28 con 2.23 i_con 3.07 plddt 0.77 ptm 0.86 i_ptm 0.65 rg 0.09
71 models [1] recycles 1 hard 0 soft 1 temp 0.04 loss 5.73 helix 1.87 pae 0.36 i_pae 0.38 con 2.60 i_con 3.40 plddt 0.66 ptm 0.83 i_ptm 0.51 rg 0.16
72 models [0] recycles 1 hard 0 soft 1 temp 0.02 loss 3.99 helix 2.20 pae 0.19 i_pae 0.19 con 2.02 i_con 2.48 plddt 0.82 ptm 0.89 i_ptm 0.79 rg 0.09
73 models [3] recycles 1 hard 0 soft 1 temp 0.02 loss 4.27 helix 2.24 pae 0.21 i_pae 0.22 con 1.97 i_con 2.81 plddt 0.85 ptm 0.88 i_ptm 0.74 rg 0.08
74 models [1] recycles 1 hard 0 soft 1 temp 0.01 loss 3.97 helix 2.23 pae 0.18 i_pae 0.18 con 2.00 i_con 2.49 plddt 0.84 ptm 0.90 i_ptm 0.81 rg 0.11
75 models [2] recycles 1 hard 0 soft 1 temp 0.01 loss 6.18 helix 1.82 pae 0.49 i_pae 0.59 con 2.36 i_con 4.13 plddt 0.68 ptm 0.77 i_ptm 0.28 rg -0.31
Softmax trajectory pLDDT good, continuing: 0.86
Stage 3: One-hot Optimisation
76 models [1] recycles 1 hard 1 soft 1 temp 0.01 loss 5.37 helix 2.04 pae 0.29 i_pae 0.30 con 2.41 i_con 3.31 plddt 0.70 ptm 0.86 i_ptm 0.62 rg 0.23
77 models [2] recycles 1 hard 1 soft 1 temp 0.01 loss 4.21 helix 2.13 pae 0.20 i_pae 0.21 con 2.02 i_con 2.65 plddt 0.82 ptm 0.89 i_ptm 0.77 rg 0.15
78 models [2] recycles 1 hard 1 soft 1 temp 0.01 loss 4.21 helix 2.13 pae 0.20 i_pae 0.21 con 2.02 i_con 2.65 plddt 0.82 ptm 0.89 i_ptm 0.77 rg 0.15
One-hot trajectory pLDDT good, continuing: 0.82
Stage 4: PSSM Semigreedy Optimisation
Running semigreedy optimization...
79 models [3] recycles 1 hard 1 soft 0 temp 1 loss 4.11 helix 2.34 pae 0.19 i_pae 0.19 con 1.97 i_con 2.69 plddt 0.84 ptm 0.89 i_ptm 0.77 rg 0.13
80 models [3] recycles 1 hard 1 soft 0 temp 1 loss 4.35 helix 2.16 pae 0.21 i_pae 0.21 con 2.07 i_con 2.75 plddt 0.82 ptm 0.88 i_ptm 0.74 rg 0.13
81 models [0] recycles 1 hard 1 soft 0 temp 1 loss 4.47 helix 2.20 pae 0.26 i_pae 0.29 con 2.06 i_con 3.04 plddt 0.55 ptm 0.86 i_ptm 0.62 rg -0.52
82 models [1] recycles 1 hard 1 soft 0 temp 1 loss 7.47 helix 1.61 pae 0.60 i_pae 0.63 con 3.38 i_con 4.22 plddt 0.41 ptm 0.77 i_ptm 0.25 rg -0.15
83 models [3] recycles 1 hard 1 soft 0 temp 1 loss 6.68 helix 1.49 pae 0.48 i_pae 0.47 con 3.22 i_con 3.28 plddt 0.50 ptm 0.81 i_ptm 0.43 rg 1.00
Trajectory successful, final pLDDT: 0.84
Starting trajectory took: 0 hours, 28 minutes, 42 seconds

Fixing interface residues: B4,B5,B8,B9,B11,B12,B13,B15,B16,B22,B23,B24,B27,B31,B34,B38,B42,B43
Base AF2 filters not passed for EGFRd3_p2g0_l61_s3368_mpnn1, skipping interface scoring
Base AF2 filters not passed for EGFRd3_p2g0_l61_s3368_mpnn2, skipping interface scoring
Base AF2 filters not passed for EGFRd3_p2g0_l61_s3368_mpnn3, skipping interface scoring
Base AF2 filters not passed for EGFRd3_p2g0_l61_s3368_mpnn4, skipping interface scoring
Base AF2 filters not passed for EGFRd3_p2g0_l61_s3368_mpnn5, skipping interface scoring
Base AF2 filters not passed for EGFRd3_p2g0_l61_s3368_mpnn6, skipping interface scoring
Base AF2 filters not passed for EGFRd3_p2g0_l61_s3368_mpnn7, skipping interface scoring
Base AF2 filters not passed for EGFRd3_p2g0_l61_s3368_mpnn8, skipping interface scoring
No accepted MPNN designs found for this trajectory.

Design and validation of trajectory EGFRd3_p2g0_l61_s3368 took: 0 hours, 3 minutes, 36 seconds
Starting trajectory: EGFRd3_p2g0_l74_s258912
Stage 1: Test Logits
1 models [2] recycles 1 hard 0 soft 0.02 temp 1 loss 11.34 helix 1.55 pae 0.80 i_pae 0.78 con 4.83 i_con 4.28 plddt 0.26 ptm 0.72 i_ptm 0.14 rg 7.28
2 models [2] recycles 1 hard 0 soft 0.04 temp 1 loss 10.35 helix 0.74 pae 0.72 i_pae 0.73 con 4.70 i_con 3.74 plddt 0.46 ptm 0.73 i_ptm 0.20 rg 5.61
3 models [2] recycles 1 hard 0 soft 0.05 temp 1 loss 9.64 helix 0.70 pae 0.66 i_pae 0.69 con 4.09 i_con 4.00 plddt 0.47 ptm 0.73 i_ptm 0.22 rg 4.42
4 models [4] recycles 1 hard 0 soft 0.07 temp 1 loss 9.12 helix 0.52 pae 0.59 i_pae 0.62 con 3.79 i_con 3.76 plddt 0.52 ptm 0.74 i_ptm 0.24 rg 4.50
5 models [4] recycles 1 hard 0 soft 0.09 temp 1 loss 8.05 helix 0.47 pae 0.37 i_pae 0.37 con 3.17 i_con 3.17 plddt 0.70 ptm 0.81 i_ptm 0.50 rg 5.35
6 models [2] recycles 1 hard 0 soft 0.11 temp 1 loss 6.95 helix 0.58 pae 0.25 i_pae 0.24 con 2.52 i_con 2.76 plddt 0.83 ptm 0.86 i_ptm 0.72 rg 5.65
7 models [3] recycles 1 hard 0 soft 0.13 temp 1 loss 6.50 helix 0.48 pae 0.22 i_pae 0.20 con 2.34 i_con 2.45 plddt 0.85 ptm 0.88 i_ptm 0.78 rg 5.70
8 models [3] recycles 1 hard 0 soft 0.14 temp 1 loss 6.64 helix 0.54 pae 0.24 i_pae 0.22 con 2.47 i_con 2.50 plddt 0.83 ptm 0.88 i_ptm 0.75 rg 5.58
9 models [1] recycles 1 hard 0 soft 0.16 temp 1 loss 6.96 helix 0.58 pae 0.27 i_pae 0.28 con 2.46 i_con 2.92 plddt 0.80 ptm 0.85 i_ptm 0.64 rg 5.26
10 models [0] recycles 1 hard 0 soft 0.18 temp 1 loss 6.69 helix 0.54 pae 0.24 i_pae 0.25 con 2.26 i_con 2.83 plddt 0.84 ptm 0.86 i_ptm 0.70 rg 5.34
11 models [1] recycles 1 hard 0 soft 0.20 temp 1 loss 6.34 helix 0.51 pae 0.21 i_pae 0.21 con 2.07 i_con 2.67 plddt 0.86 ptm 0.88 i_ptm 0.74 rg 5.40
12 models [1] recycles 1 hard 0 soft 0.22 temp 1 loss 6.49 helix 0.46 pae 0.21 i_pae 0.21 con 2.22 i_con 2.59 plddt 0.85 ptm 0.89 i_ptm 0.78 rg 5.63
13 models [1] recycles 1 hard 0 soft 0.23 temp 1 loss 6.34 helix 0.47 pae 0.21 i_pae 0.20 con 2.22 i_con 2.47 plddt 0.85 ptm 0.89 i_ptm 0.78 rg 5.57
14 models [3] recycles 1 hard 0 soft 0.25 temp 1 loss 5.87 helix 0.47 pae 0.18 i_pae 0.16 con 2.04 i_con 2.18 plddt 0.89 ptm 0.90 i_ptm 0.82 rg 5.62
15 models [4] recycles 1 hard 0 soft 0.27 temp 1 loss 5.60 helix 0.55 pae 0.17 i_pae 0.15 con 1.93 i_con 2.04 plddt 0.91 ptm 0.90 i_ptm 0.84 rg 5.63
16 models [2] recycles 1 hard 0 soft 0.29 temp 1 loss 5.92 helix 0.53 pae 0.19 i_pae 0.17 con 2.10 i_con 2.18 plddt 0.89 ptm 0.89 i_ptm 0.81 rg 5.61
17 models [3] recycles 1 hard 0 soft 0.31 temp 1 loss 5.42 helix 0.53 pae 0.16 i_pae 0.14 con 1.89 i_con 1.90 plddt 0.92 ptm 0.91 i_ptm 0.86 rg 5.68
18 models [0] recycles 1 hard 0 soft 0.32 temp 1 loss 5.64 helix 0.58 pae 0.17 i_pae 0.15 con 1.96 i_con 2.05 plddt 0.90 ptm 0.91 i_ptm 0.84 rg 5.64
19 models [4] recycles 1 hard 0 soft 0.34 temp 1 loss 5.33 helix 0.58 pae 0.15 i_pae 0.13 con 1.80 i_con 1.93 plddt 0.93 ptm 0.91 i_ptm 0.85 rg 5.61
20 models [4] recycles 1 hard 0 soft 0.36 temp 1 loss 5.39 helix 0.73 pae 0.15 i_pae 0.13 con 1.79 i_con 1.99 plddt 0.94 ptm 0.91 i_ptm 0.86 rg 5.79
21 models [4] recycles 1 hard 0 soft 0.38 temp 1 loss 5.33 helix 0.64 pae 0.15 i_pae 0.13 con 1.88 i_con 1.86 plddt 0.92 ptm 0.91 i_ptm 0.86 rg 5.63
22 models [2] recycles 1 hard 0 soft 0.40 temp 1 loss 5.55 helix 0.71 pae 0.17 i_pae 0.14 con 1.89 i_con 2.08 plddt 0.92 ptm 0.90 i_ptm 0.84 rg 5.65
23 models [4] recycles 1 hard 0 soft 0.41 temp 1 loss 5.45 helix 0.68 pae 0.16 i_pae 0.14 con 1.84 i_con 2.03 plddt 0.92 ptm 0.90 i_ptm 0.83 rg 5.63
24 models [2] recycles 1 hard 0 soft 0.43 temp 1 loss 5.49 helix 0.60 pae 0.17 i_pae 0.15 con 1.92 i_con 1.96 plddt 0.91 ptm 0.90 i_ptm 0.84 rg 5.64
25 models [2] recycles 1 hard 0 soft 0.45 temp 1 loss 5.52 helix 0.75 pae 0.16 i_pae 0.14 con 1.96 i_con 1.98 plddt 0.92 ptm 0.91 i_ptm 0.85 rg 5.70
26 models [1] recycles 1 hard 0 soft 0.47 temp 1 loss 5.55 helix 0.76 pae 0.17 i_pae 0.15 con 1.91 i_con 2.09 plddt 0.91 ptm 0.91 i_ptm 0.84 rg 5.60
27 models [3] recycles 1 hard 0 soft 0.49 temp 1 loss 5.49 helix 0.71 pae 0.16 i_pae 0.14 con 1.91 i_con 1.98 plddt 0.92 ptm 0.91 i_ptm 0.84 rg 5.72
28 models [0] recycles 1 hard 0 soft 0.50 temp 1 loss 5.51 helix 0.83 pae 0.16 i_pae 0.14 con 1.94 i_con 2.02 plddt 0.91 ptm 0.91 i_ptm 0.85 rg 5.67
29 models [4] recycles 1 hard 0 soft 0.52 temp 1 loss 5.40 helix 0.82 pae 0.16 i_pae 0.14 con 1.90 i_con 1.92 plddt 0.92 ptm 0.91 i_ptm 0.86 rg 5.80
30 models [3] recycles 1 hard 0 soft 0.54 temp 1 loss 5.36 helix 0.77 pae 0.16 i_pae 0.14 con 1.86 i_con 1.96 plddt 0.91 ptm 0.91 i_ptm 0.84 rg 5.58
31 models [3] recycles 1 hard 0 soft 0.56 temp 1 loss 5.16 helix 0.89 pae 0.15 i_pae 0.13 con 1.71 i_con 1.91 plddt 0.94 ptm 0.91 i_ptm 0.86 rg 5.75
32 models [2] recycles 1 hard 0 soft 0.58 temp 1 loss 5.55 helix 0.85 pae 0.17 i_pae 0.15 con 1.95 i_con 2.01 plddt 0.91 ptm 0.90 i_ptm 0.84 rg 5.83
33 models [2] recycles 1 hard 0 soft 0.59 temp 1 loss 5.00 helix 0.95 pae 0.15 i_pae 0.12 con 1.69 i_con 1.78 plddt 0.94 ptm 0.91 i_ptm 0.88 rg 5.78
34 models [2] recycles 1 hard 0 soft 0.61 temp 1 loss 6.13 helix 0.67 pae 0.22 i_pae 0.22 con 1.96 i_con 2.56 plddt 0.87 ptm 0.87 i_ptm 0.75 rg 5.59
35 models [2] recycles 1 hard 0 soft 0.63 temp 1 loss 4.95 helix 0.84 pae 0.14 i_pae 0.12 con 1.70 i_con 1.70 plddt 0.94 ptm 0.92 i_ptm 0.88 rg 5.73
36 models [3] recycles 1 hard 0 soft 0.65 temp 1 loss 4.81 helix 0.76 pae 0.14 i_pae 0.11 con 1.60 i_con 1.66 plddt 0.94 ptm 0.92 i_ptm 0.89 rg 5.70
37 models [3] recycles 1 hard 0 soft 0.67 temp 1 loss 5.09 helix 0.79 pae 0.15 i_pae 0.12 con 1.77 i_con 1.77 plddt 0.93 ptm 0.91 i_ptm 0.87 rg 5.67
38 models [0] recycles 1 hard 0 soft 0.68 temp 1 loss 5.22 helix 0.96 pae 0.16 i_pae 0.14 con 1.79 i_con 1.95 plddt 0.92 ptm 0.91 i_ptm 0.85 rg 5.59
39 models [0] recycles 1 hard 0 soft 0.70 temp 1 loss 5.02 helix 1.12 pae 0.15 i_pae 0.12 con 1.77 i_con 1.79 plddt 0.93 ptm 0.91 i_ptm 0.88 rg 5.70
40 models [3] recycles 1 hard 0 soft 0.72 temp 1 loss 7.66 helix 0.68 pae 0.49 i_pae 0.58 con 2.33 i_con 3.78 plddt 0.69 ptm 0.74 i_ptm 0.29 rg 4.77
41 models [3] recycles 1 hard 0 soft 0.74 temp 1 loss 7.72 helix 0.67 pae 0.47 i_pae 0.56 con 2.36 i_con 3.78 plddt 0.71 ptm 0.75 i_ptm 0.31 rg 4.92
42 models [1] recycles 1 hard 0 soft 0.76 temp 1 loss 5.39 helix 0.78 pae 0.17 i_pae 0.14 con 1.89 i_con 1.94 plddt 0.90 ptm 0.90 i_ptm 0.84 rg 5.66
43 models [3] recycles 1 hard 0 soft 0.77 temp 1 loss 4.86 helix 0.94 pae 0.14 i_pae 0.11 con 1.70 i_con 1.65 plddt 0.94 ptm 0.92 i_ptm 0.88 rg 5.72
44 models [3] recycles 1 hard 0 soft 0.79 temp 1 loss 7.54 helix 0.62 pae 0.48 i_pae 0.57 con 2.17 i_con 3.76 plddt 0.72 ptm 0.75 i_ptm 0.28 rg 4.94
45 models [1] recycles 1 hard 0 soft 0.81 temp 1 loss 5.18 helix 1.02 pae 0.15 i_pae 0.13 con 1.80 i_con 1.91 plddt 0.92 ptm 0.91 i_ptm 0.86 rg 5.63
46 models [1] recycles 1 hard 0 soft 0.83 temp 1 loss 7.17 helix 0.81 pae 0.47 i_pae 0.56 con 1.97 i_con 3.74 plddt 0.71 ptm 0.74 i_ptm 0.26 rg 4.63
47 models [4] recycles 1 hard 0 soft 0.85 temp 1 loss 4.96 helix 1.13 pae 0.14 i_pae 0.12 con 1.69 i_con 1.78 plddt 0.94 ptm 0.91 i_ptm 0.88 rg 5.81
48 models [3] recycles 1 hard 0 soft 0.86 temp 1 loss 5.66 helix 0.88 pae 0.17 i_pae 0.16 con 1.90 i_con 2.19 plddt 0.91 ptm 0.90 i_ptm 0.83 rg 5.76
49 models [0] recycles 1 hard 0 soft 0.88 temp 1 loss 4.90 helix 1.06 pae 0.14 i_pae 0.11 con 1.71 i_con 1.71 plddt 0.94 ptm 0.92 i_ptm 0.88 rg 5.74
50 models [2] recycles 1 hard 0 soft 0.90 temp 1 loss 5.19 helix 0.82 pae 0.17 i_pae 0.13 con 1.83 i_con 1.79 plddt 0.92 ptm 0.91 i_ptm 0.87 rg 5.70
Initial trajectory pLDDT good, continuing: 0.94
Stage 2: Softmax Optimisation
51 models [1] recycles 1 hard 0 soft 1 temp 0.92 loss 8.08 helix 0.54 pae 0.50 i_pae 0.54 con 2.86 i_con 3.61 plddt 0.62 ptm 0.76 i_ptm 0.33 rg 4.86
52 models [0] recycles 1 hard 0 soft 1 temp 0.85 loss 7.95 helix 0.70 pae 0.53 i_pae 0.60 con 2.75 i_con 3.79 plddt 0.61 ptm 0.73 i_ptm 0.27 rg 4.27
53 models [2] recycles 1 hard 0 soft 1 temp 0.78 loss 5.92 helix 0.62 pae 0.21 i_pae 0.18 con 2.12 i_con 2.11 plddt 0.87 ptm 0.89 i_ptm 0.81 rg 5.81
54 models [4] recycles 1 hard 0 soft 1 temp 0.71 loss 7.75 helix 0.63 pae 0.49 i_pae 0.58 con 2.47 i_con 3.71 plddt 0.69 ptm 0.74 i_ptm 0.28 rg 4.81
55 models [1] recycles 1 hard 0 soft 1 temp 0.64 loss 5.35 helix 0.84 pae 0.17 i_pae 0.15 con 1.86 i_con 1.95 plddt 0.90 ptm 0.90 i_ptm 0.84 rg 5.64
56 models [3] recycles 1 hard 0 soft 1 temp 0.58 loss 8.02 helix 0.56 pae 0.54 i_pae 0.63 con 2.59 i_con 3.87 plddt 0.64 ptm 0.73 i_ptm 0.24 rg 4.59
57 models [3] recycles 1 hard 0 soft 1 temp 0.52 loss 4.87 helix 1.08 pae 0.14 i_pae 0.11 con 1.67 i_con 1.73 plddt 0.95 ptm 0.91 i_ptm 0.88 rg 5.71
58 models [3] recycles 1 hard 0 soft 1 temp 0.47 loss 4.86 helix 1.09 pae 0.14 i_pae 0.11 con 1.73 i_con 1.65 plddt 0.94 ptm 0.92 i_ptm 0.88 rg 5.75
59 models [3] recycles 1 hard 0 soft 1 temp 0.42 loss 7.76 helix 0.62 pae 0.53 i_pae 0.63 con 2.34 i_con 3.85 plddt 0.68 ptm 0.73 i_ptm 0.23 rg 4.68
60 models [0] recycles 1 hard 0 soft 1 temp 0.37 loss 4.92 helix 1.02 pae 0.15 i_pae 0.12 con 1.74 i_con 1.70 plddt 0.93 ptm 0.91 i_ptm 0.87 rg 5.67
61 models [2] recycles 1 hard 0 soft 1 temp 0.32 loss 7.56 helix 0.76 pae 0.50 i_pae 0.55 con 2.59 i_con 3.61 plddt 0.66 ptm 0.75 i_ptm 0.30 rg 4.22
62 models [2] recycles 1 hard 0 soft 1 temp 0.28 loss 5.02 helix 0.97 pae 0.16 i_pae 0.13 con 1.74 i_con 1.74 plddt 0.93 ptm 0.91 i_ptm 0.87 rg 5.80
63 models [0] recycles 1 hard 0 soft 1 temp 0.24 loss 5.28 helix 0.87 pae 0.16 i_pae 0.14 con 1.85 i_con 1.90 plddt 0.91 ptm 0.91 i_ptm 0.86 rg 5.67
64 models [0] recycles 1 hard 0 soft 1 temp 0.20 loss 5.25 helix 0.92 pae 0.17 i_pae 0.14 con 1.80 i_con 1.92 plddt 0.91 ptm 0.90 i_ptm 0.85 rg 5.68
65 models [4] recycles 1 hard 0 soft 1 temp 0.17 loss 5.93 helix 0.80 pae 0.20 i_pae 0.18 con 2.07 i_con 2.24 plddt 0.87 ptm 0.89 i_ptm 0.80 rg 5.81
66 models [1] recycles 1 hard 0 soft 1 temp 0.14 loss 4.98 helix 1.04 pae 0.15 i_pae 0.13 con 1.78 i_con 1.74 plddt 0.92 ptm 0.91 i_ptm 0.87 rg 5.63
67 models [3] recycles 1 hard 0 soft 1 temp 0.11 loss 7.69 helix 0.78 pae 0.52 i_pae 0.62 con 2.27 i_con 3.91 plddt 0.71 ptm 0.73 i_ptm 0.24 rg 4.71
68 models [0] recycles 1 hard 0 soft 1 temp 0.09 loss 5.19 helix 0.93 pae 0.16 i_pae 0.14 con 1.80 i_con 1.93 plddt 0.92 ptm 0.90 i_ptm 0.85 rg 5.49
69 models [3] recycles 1 hard 0 soft 1 temp 0.07 loss 5.31 helix 1.03 pae 0.17 i_pae 0.14 con 1.90 i_con 1.94 plddt 0.90 ptm 0.90 i_ptm 0.84 rg 5.62
70 models [2] recycles 1 hard 0 soft 1 temp 0.05 loss 7.28 helix 0.79 pae 0.37 i_pae 0.39 con 2.63 i_con 3.08 plddt 0.74 ptm 0.80 i_ptm 0.51 rg 5.23
71 models [0] recycles 1 hard 0 soft 1 temp 0.04 loss 5.48 helix 0.83 pae 0.19 i_pae 0.16 con 2.00 i_con 1.91 plddt 0.88 ptm 0.90 i_ptm 0.83 rg 5.68
72 models [4] recycles 1 hard 0 soft 1 temp 0.02 loss 8.32 helix 0.82 pae 0.43 i_pae 0.41 con 3.47 i_con 3.13 plddt 0.65 ptm 0.80 i_ptm 0.49 rg 5.62
73 models [4] recycles 1 hard 0 soft 1 temp 0.02 loss 6.43 helix 0.79 pae 0.25 i_pae 0.21 con 2.48 i_con 2.30 plddt 0.81 ptm 0.88 i_ptm 0.77 rg 5.81
74 models [4] recycles 1 hard 0 soft 1 temp 0.01 loss 7.36 helix 0.74 pae 0.33 i_pae 0.31 con 2.88 i_con 2.79 plddt 0.73 ptm 0.84 i_ptm 0.62 rg 5.64
75 models [2] recycles 1 hard 0 soft 1 temp 0.01 loss 5.37 helix 0.82 pae 0.18 i_pae 0.15 con 1.93 i_con 1.89 plddt 0.90 ptm 0.90 i_ptm 0.85 rg 5.64
Softmax trajectory pLDDT good, continuing: 0.94
Stage 3: One-hot Optimisation
76 models [4] recycles 1 hard 1 soft 1 temp 0.01 loss 6.46 helix 0.74 pae 0.23 i_pae 0.20 con 2.41 i_con 2.32 plddt 0.80 ptm 0.89 i_ptm 0.78 rg 5.99
77 models [1] recycles 1 hard 1 soft 1 temp 0.01 loss 5.40 helix 0.80 pae 0.17 i_pae 0.15 con 1.91 i_con 1.91 plddt 0.88 ptm 0.91 i_ptm 0.85 rg 5.71
78 models [2] recycles 1 hard 1 soft 1 temp 0.01 loss 5.35 helix 0.99 pae 0.17 i_pae 0.14 con 1.87 i_con 1.98 plddt 0.91 ptm 0.91 i_ptm 0.84 rg 5.68
One-hot trajectory pLDDT good, continuing: 0.91
Stage 4: PSSM Semigreedy Optimisation
Running semigreedy optimization...
79 models [2] recycles 1 hard 1 soft 0 temp 1 loss 5.69 helix 0.71 pae 0.19 i_pae 0.16 con 2.03 i_con 2.00 plddt 0.88 ptm 0.90 i_ptm 0.82 rg 5.87
80 models [0] recycles 1 hard 1 soft 0 temp 1 loss 5.56 helix 0.71 pae 0.18 i_pae 0.16 con 2.00 i_con 1.91 plddt 0.87 ptm 0.91 i_ptm 0.85 rg 5.85
81 models [0] recycles 1 hard 1 soft 0 temp 1 loss 5.69 helix 0.69 pae 0.20 i_pae 0.17 con 2.05 i_con 1.97 plddt 0.85 ptm 0.90 i_ptm 0.84 rg 5.83
82 models [3] recycles 1 hard 1 soft 0 temp 1 loss 5.61 helix 0.73 pae 0.20 i_pae 0.17 con 2.08 i_con 1.88 plddt 0.86 ptm 0.91 i_ptm 0.84 rg 5.83
83 models [0] recycles 1 hard 1 soft 0 temp 1 loss 6.28 helix 0.62 pae 0.23 i_pae 0.20 con 2.32 i_con 2.24 plddt 0.80 ptm 0.89 i_ptm 0.77 rg 5.91
Trajectory successful, final pLDDT: 0.91
Starting trajectory took: 0 hours, 31 minutes, 5 seconds

Fixing interface residues: B18,B21,B22,B25,B26,B29,B30,B32,B33,B34,B36,B37,B38,B42,B43,B44,B45,B46,B48,B49,B52,B53,B56,B59,B63,B66,B67
Unmet filter conditions for EGFRd3_p2g0_l74_s258912_mpnn1
Unmet filter conditions for EGFRd3_p2g0_l74_s258912_mpnn2
Unmet filter conditions for EGFRd3_p2g0_l74_s258912_mpnn3
Unmet filter conditions for EGFRd3_p2g0_l74_s258912_mpnn4
Unmet filter conditions for EGFRd3_p2g0_l74_s258912_mpnn5
Unmet filter conditions for EGFRd3_p2g0_l74_s258912_mpnn6
Unmet filter conditions for EGFRd3_p2g0_l74_s258912_mpnn7
Unmet filter conditions for EGFRd3_p2g0_l74_s258912_mpnn8
No accepted MPNN designs found for this trajectory.

Design and validation of trajectory EGFRd3_p2g0_l74_s258912 took: 0 hours, 31 minutes, 24 seconds
Starting trajectory: EGFRd3_p2g0_l66_s223718
Stage 1: Test Logits
1 models [2] recycles 1 hard 0 soft 0.02 temp 1 loss 10.53 helix 1.27 pae 0.81 i_pae 0.82 con 4.56 i_con 4.61 plddt 0.29 ptm 0.73 i_ptm 0.12 rg 4.09
2 models [4] recycles 1 hard 0 soft 0.04 temp 1 loss 9.19 helix 1.28 pae 0.73 i_pae 0.71 con 4.46 i_con 4.08 plddt 0.30 ptm 0.74 i_ptm 0.20 rg 1.87
3 models [1] recycles 1 hard 0 soft 0.05 temp 1 loss 12.04 helix 1.16 pae 0.73 i_pae 0.73 con 4.81 i_con 3.95 plddt 0.42 ptm 0.75 i_ptm 0.19 rg 10.54
4 models [4] recycles 1 hard 0 soft 0.07 temp 1 loss 11.93 helix 1.01 pae 0.73 i_pae 0.73 con 4.83 i_con 3.82 plddt 0.39 ptm 0.74 i_ptm 0.19 rg 10.37
5 models [0] recycles 1 hard 0 soft 0.09 temp 1 loss 9.41 helix 1.23 pae 0.76 i_pae 0.77 con 4.36 i_con 4.47 plddt 0.32 ptm 0.73 i_ptm 0.16 rg 1.52
6 models [4] recycles 1 hard 0 soft 0.11 temp 1 loss 10.04 helix 0.90 pae 0.74 i_pae 0.73 con 4.52 i_con 3.87 plddt 0.35 ptm 0.74 i_ptm 0.19 rg 4.83
7 models [4] recycles 1 hard 0 soft 0.13 temp 1 loss 8.77 helix 1.01 pae 0.71 i_pae 0.71 con 4.18 i_con 4.23 plddt 0.34 ptm 0.74 i_ptm 0.19 rg 0.70
8 models [2] recycles 1 hard 0 soft 0.14 temp 1 loss 8.84 helix 0.94 pae 0.68 i_pae 0.69 con 4.07 i_con 4.09 plddt 0.39 ptm 0.75 i_ptm 0.22 rg 1.73
9 models [1] recycles 1 hard 0 soft 0.16 temp 1 loss 8.48 helix 0.71 pae 0.59 i_pae 0.62 con 3.64 i_con 4.03 plddt 0.45 ptm 0.76 i_ptm 0.27 rg 2.12
10 models [4] recycles 1 hard 0 soft 0.18 temp 1 loss 8.48 helix 0.63 pae 0.63 i_pae 0.66 con 3.65 i_con 4.10 plddt 0.44 ptm 0.74 i_ptm 0.23 rg 1.69
11 models [1] recycles 1 hard 0 soft 0.20 temp 1 loss 8.50 helix 0.93 pae 0.62 i_pae 0.63 con 3.84 i_con 3.90 plddt 0.39 ptm 0.76 i_ptm 0.27 rg 2.10
12 models [0] recycles 1 hard 0 soft 0.22 temp 1 loss 7.86 helix 0.98 pae 0.63 i_pae 0.64 con 3.93 i_con 3.98 plddt 0.38 ptm 0.75 i_ptm 0.24 rg -0.58
13 models [4] recycles 1 hard 0 soft 0.23 temp 1 loss 7.38 helix 0.94 pae 0.58 i_pae 0.59 con 3.55 i_con 3.79 plddt 0.43 ptm 0.76 i_ptm 0.29 rg -0.20
14 models [1] recycles 1 hard 0 soft 0.25 temp 1 loss 7.00 helix 0.97 pae 0.54 i_pae 0.57 con 3.20 i_con 3.80 plddt 0.49 ptm 0.77 i_ptm 0.31 rg -0.24
15 models [2] recycles 1 hard 0 soft 0.27 temp 1 loss 7.18 helix 1.09 pae 0.57 i_pae 0.60 con 3.24 i_con 3.91 plddt 0.48 ptm 0.76 i_ptm 0.27 rg -0.11
16 models [1] recycles 1 hard 0 soft 0.29 temp 1 loss 6.76 helix 1.15 pae 0.50 i_pae 0.50 con 3.17 i_con 3.59 plddt 0.53 ptm 0.78 i_ptm 0.37 rg 0.03
17 models [1] recycles 1 hard 0 soft 0.31 temp 1 loss 6.00 helix 1.15 pae 0.37 i_pae 0.37 con 2.69 i_con 3.26 plddt 0.66 ptm 0.82 i_ptm 0.53 rg 0.51
18 models [4] recycles 1 hard 0 soft 0.32 temp 1 loss 5.55 helix 1.24 pae 0.34 i_pae 0.32 con 2.56 i_con 2.95 plddt 0.68 ptm 0.84 i_ptm 0.60 rg 0.66
19 models [2] recycles 1 hard 0 soft 0.34 temp 1 loss 5.50 helix 1.15 pae 0.34 i_pae 0.34 con 2.47 i_con 2.94 plddt 0.71 ptm 0.84 i_ptm 0.59 rg 0.70
20 models [0] recycles 1 hard 0 soft 0.36 temp 1 loss 5.63 helix 1.30 pae 0.38 i_pae 0.40 con 2.37 i_con 3.42 plddt 0.67 ptm 0.80 i_ptm 0.46 rg -0.06
21 models [3] recycles 1 hard 0 soft 0.38 temp 1 loss 5.14 helix 1.26 pae 0.32 i_pae 0.30 con 2.42 i_con 2.88 plddt 0.71 ptm 0.85 i_ptm 0.62 rg 0.08
22 models [4] recycles 1 hard 0 soft 0.40 temp 1 loss 4.82 helix 1.26 pae 0.27 i_pae 0.25 con 2.25 i_con 2.68 plddt 0.77 ptm 0.86 i_ptm 0.67 rg 0.30
23 models [3] recycles 1 hard 0 soft 0.41 temp 1 loss 4.92 helix 1.28 pae 0.30 i_pae 0.27 con 2.32 i_con 2.74 plddt 0.73 ptm 0.86 i_ptm 0.66 rg 0.20
24 models [4] recycles 1 hard 0 soft 0.43 temp 1 loss 4.89 helix 1.17 pae 0.28 i_pae 0.27 con 2.15 i_con 2.76 plddt 0.76 ptm 0.86 i_ptm 0.66 rg 0.48
25 models [4] recycles 1 hard 0 soft 0.45 temp 1 loss 4.52 helix 1.27 pae 0.23 i_pae 0.22 con 2.00 i_con 2.65 plddt 0.82 ptm 0.88 i_ptm 0.74 rg 0.36
26 models [2] recycles 1 hard 0 soft 0.47 temp 1 loss 4.48 helix 1.21 pae 0.23 i_pae 0.21 con 2.16 i_con 2.42 plddt 0.81 ptm 0.88 i_ptm 0.77 rg 0.43
27 models [3] recycles 1 hard 0 soft 0.49 temp 1 loss 7.51 helix 0.96 pae 0.58 i_pae 0.61 con 3.42 i_con 4.00 plddt 0.47 ptm 0.76 i_ptm 0.28 rg -0.01
28 models [2] recycles 1 hard 0 soft 0.50 temp 1 loss 4.31 helix 1.26 pae 0.22 i_pae 0.20 con 2.01 i_con 2.45 plddt 0.82 ptm 0.88 i_ptm 0.77 rg 0.30
29 models [1] recycles 1 hard 0 soft 0.52 temp 1 loss 4.28 helix 1.34 pae 0.20 i_pae 0.18 con 2.07 i_con 2.44 plddt 0.82 ptm 0.89 i_ptm 0.80 rg 0.16
30 models [3] recycles 1 hard 0 soft 0.54 temp 1 loss 4.16 helix 1.47 pae 0.22 i_pae 0.19 con 2.05 i_con 2.38 plddt 0.81 ptm 0.89 i_ptm 0.78 rg 0.10
31 models [0] recycles 1 hard 0 soft 0.56 temp 1 loss 6.99 helix 1.14 pae 0.52 i_pae 0.55 con 3.02 i_con 3.83 plddt 0.52 ptm 0.77 i_ptm 0.32 rg 0.47
32 models [3] recycles 1 hard 0 soft 0.58 temp 1 loss 4.34 helix 1.32 pae 0.22 i_pae 0.20 con 1.99 i_con 2.54 plddt 0.82 ptm 0.89 i_ptm 0.77 rg 0.24
33 models [3] recycles 1 hard 0 soft 0.59 temp 1 loss 4.51 helix 1.40 pae 0.23 i_pae 0.21 con 2.13 i_con 2.61 plddt 0.79 ptm 0.88 i_ptm 0.75 rg 0.15
34 models [3] recycles 1 hard 0 soft 0.61 temp 1 loss 4.12 helix 1.34 pae 0.19 i_pae 0.18 con 1.91 i_con 2.41 plddt 0.85 ptm 0.90 i_ptm 0.81 rg 0.27
35 models [4] recycles 1 hard 0 soft 0.63 temp 1 loss 4.05 helix 1.35 pae 0.21 i_pae 0.18 con 1.89 i_con 2.33 plddt 0.84 ptm 0.89 i_ptm 0.80 rg 0.37
36 models [1] recycles 1 hard 0 soft 0.65 temp 1 loss 4.09 helix 1.30 pae 0.20 i_pae 0.18 con 2.04 i_con 2.20 plddt 0.83 ptm 0.90 i_ptm 0.82 rg 0.40
37 models [0] recycles 1 hard 0 soft 0.67 temp 1 loss 7.87 helix 1.04 pae 0.63 i_pae 0.63 con 3.87 i_con 3.93 plddt 0.39 ptm 0.76 i_ptm 0.27 rg -0.10
38 models [4] recycles 1 hard 0 soft 0.68 temp 1 loss 4.23 helix 1.31 pae 0.21 i_pae 0.20 con 1.89 i_con 2.48 plddt 0.84 ptm 0.89 i_ptm 0.80 rg 0.40
39 models [1] recycles 1 hard 0 soft 0.70 temp 1 loss 3.86 helix 1.31 pae 0.19 i_pae 0.17 con 1.82 i_con 2.20 plddt 0.85 ptm 0.90 i_ptm 0.83 rg 0.38
40 models [3] recycles 1 hard 0 soft 0.72 temp 1 loss 4.69 helix 1.24 pae 0.23 i_pae 0.20 con 2.37 i_con 2.47 plddt 0.79 ptm 0.89 i_ptm 0.80 rg 0.25
41 models [1] recycles 1 hard 0 soft 0.74 temp 1 loss 4.01 helix 1.28 pae 0.20 i_pae 0.18 con 1.90 i_con 2.28 plddt 0.82 ptm 0.90 i_ptm 0.80 rg 0.30
42 models [3] recycles 1 hard 0 soft 0.76 temp 1 loss 4.40 helix 1.29 pae 0.22 i_pae 0.19 con 2.24 i_con 2.31 plddt 0.79 ptm 0.89 i_ptm 0.80 rg 0.33
43 models [0] recycles 1 hard 0 soft 0.77 temp 1 loss 3.97 helix 1.37 pae 0.20 i_pae 0.18 con 1.77 i_con 2.33 plddt 0.84 ptm 0.89 i_ptm 0.80 rg 0.52
44 models [0] recycles 1 hard 0 soft 0.79 temp 1 loss 4.03 helix 1.41 pae 0.20 i_pae 0.17 con 1.94 i_con 2.21 plddt 0.84 ptm 0.90 i_ptm 0.82 rg 0.60
45 models [4] recycles 1 hard 0 soft 0.81 temp 1 loss 5.51 helix 0.96 pae 0.32 i_pae 0.31 con 2.58 i_con 2.95 plddt 0.70 ptm 0.84 i_ptm 0.61 rg 0.19
46 models [1] recycles 1 hard 0 soft 0.83 temp 1 loss 3.95 helix 1.45 pae 0.18 i_pae 0.16 con 1.92 i_con 2.23 plddt 0.85 ptm 0.91 i_ptm 0.85 rg 0.40
47 models [3] recycles 1 hard 0 soft 0.85 temp 1 loss 4.38 helix 1.44 pae 0.21 i_pae 0.19 con 2.02 i_con 2.53 plddt 0.82 ptm 0.89 i_ptm 0.79 rg 0.43
48 models [1] recycles 1 hard 0 soft 0.86 temp 1 loss 4.16 helix 1.40 pae 0.19 i_pae 0.17 con 2.00 i_con 2.39 plddt 0.83 ptm 0.90 i_ptm 0.82 rg 0.27
49 models [2] recycles 1 hard 0 soft 0.88 temp 1 loss 4.21 helix 1.33 pae 0.21 i_pae 0.18 con 2.04 i_con 2.31 plddt 0.84 ptm 0.90 i_ptm 0.83 rg 0.46
50 models [3] recycles 1 hard 0 soft 0.90 temp 1 loss 4.91 helix 1.21 pae 0.26 i_pae 0.23 con 2.46 i_con 2.51 plddt 0.74 ptm 0.88 i_ptm 0.74 rg 0.45
Initial trajectory pLDDT good, continuing: 0.85
Stage 2: Softmax Optimisation
51 models [2] recycles 1 hard 0 soft 1 temp 0.92 loss 4.63 helix 1.24 pae 0.23 i_pae 0.22 con 2.11 i_con 2.62 plddt 0.82 ptm 0.88 i_ptm 0.77 rg 0.44
52 models [4] recycles 1 hard 0 soft 1 temp 0.85 loss 3.77 helix 1.39 pae 0.17 i_pae 0.15 con 1.83 i_con 2.08 plddt 0.87 ptm 0.91 i_ptm 0.85 rg 0.59
53 models [1] recycles 1 hard 0 soft 1 temp 0.78 loss 9.49 helix 0.87 pae 0.73 i_pae 0.76 con 4.22 i_con 4.57 plddt 0.36 ptm 0.74 i_ptm 0.16 rg 1.63
54 models [1] recycles 1 hard 0 soft 1 temp 0.71 loss 3.97 helix 1.56 pae 0.17 i_pae 0.16 con 1.78 i_con 2.38 plddt 0.87 ptm 0.90 i_ptm 0.82 rg 0.56
55 models [0] recycles 1 hard 0 soft 1 temp 0.64 loss 3.86 helix 1.54 pae 0.18 i_pae 0.16 con 1.74 i_con 2.30 plddt 0.87 ptm 0.90 i_ptm 0.83 rg 0.58
56 models [2] recycles 1 hard 0 soft 1 temp 0.58 loss 3.81 helix 1.54 pae 0.18 i_pae 0.16 con 1.81 i_con 2.21 plddt 0.87 ptm 0.90 i_ptm 0.84 rg 0.44
57 models [4] recycles 1 hard 0 soft 1 temp 0.52 loss 5.89 helix 1.44 pae 0.45 i_pae 0.52 con 2.09 i_con 3.87 plddt 0.68 ptm 0.77 i_ptm 0.33 rg 0.23
58 models [4] recycles 1 hard 0 soft 1 temp 0.47 loss 3.67 helix 1.60 pae 0.18 i_pae 0.15 con 1.83 i_con 2.04 plddt 0.87 ptm 0.91 i_ptm 0.85 rg 0.59
59 models [0] recycles 1 hard 0 soft 1 temp 0.42 loss 3.86 helix 1.73 pae 0.17 i_pae 0.16 con 1.78 i_con 2.32 plddt 0.87 ptm 0.90 i_ptm 0.83 rg 0.59
60 models [3] recycles 1 hard 0 soft 1 temp 0.37 loss 3.60 helix 1.69 pae 0.18 i_pae 0.15 con 1.81 i_con 2.01 plddt 0.86 ptm 0.91 i_ptm 0.85 rg 0.60
61 models [0] recycles 1 hard 0 soft 1 temp 0.32 loss 3.29 helix 1.86 pae 0.14 i_pae 0.13 con 1.64 i_con 1.95 plddt 0.90 ptm 0.91 i_ptm 0.87 rg 0.56
62 models [2] recycles 1 hard 0 soft 1 temp 0.28 loss 3.63 helix 1.74 pae 0.17 i_pae 0.15 con 1.75 i_con 2.16 plddt 0.88 ptm 0.90 i_ptm 0.84 rg 0.48
63 models [2] recycles 1 hard 0 soft 1 temp 0.24 loss 6.26 helix 1.23 pae 0.51 i_pae 0.56 con 2.49 i_con 3.81 plddt 0.64 ptm 0.76 i_ptm 0.30 rg -0.02
64 models [0] recycles 1 hard 0 soft 1 temp 0.20 loss 3.30 helix 1.97 pae 0.15 i_pae 0.13 con 1.60 i_con 2.04 plddt 0.90 ptm 0.90 i_ptm 0.85 rg 0.52
65 models [0] recycles 1 hard 0 soft 1 temp 0.17 loss 3.06 helix 2.10 pae 0.14 i_pae 0.12 con 1.51 i_con 1.92 plddt 0.91 ptm 0.91 i_ptm 0.87 rg 0.59
66 models [0] recycles 1 hard 0 soft 1 temp 0.14 loss 4.15 helix 1.81 pae 0.21 i_pae 0.19 con 1.90 i_con 2.44 plddt 0.81 ptm 0.89 i_ptm 0.79 rg 0.72
67 models [4] recycles 1 hard 0 soft 1 temp 0.11 loss 7.87 helix 1.68 pae 0.65 i_pae 0.69 con 3.57 i_con 4.44 plddt 0.38 ptm 0.75 i_ptm 0.22 rg -0.23
68 models [2] recycles 1 hard 0 soft 1 temp 0.09 loss 4.20 helix 1.73 pae 0.22 i_pae 0.19 con 1.92 i_con 2.44 plddt 0.83 ptm 0.88 i_ptm 0.78 rg 0.77
69 models [1] recycles 1 hard 0 soft 1 temp 0.07 loss 5.42 helix 1.62 pae 0.32 i_pae 0.35 con 2.25 i_con 3.33 plddt 0.73 ptm 0.83 i_ptm 0.55 rg 0.40
70 models [4] recycles 1 hard 0 soft 1 temp 0.05 loss 7.58 helix 1.58 pae 0.62 i_pae 0.67 con 3.32 i_con 4.38 plddt 0.44 ptm 0.75 i_ptm 0.22 rg -0.17
71 models [1] recycles 1 hard 0 soft 1 temp 0.04 loss 4.01 helix 1.82 pae 0.20 i_pae 0.18 con 1.87 i_con 2.34 plddt 0.83 ptm 0.90 i_ptm 0.81 rg 0.73
72 models [4] recycles 1 hard 0 soft 1 temp 0.02 loss 7.49 helix 1.60 pae 0.61 i_pae 0.66 con 3.16 i_con 4.47 plddt 0.47 ptm 0.75 i_ptm 0.22 rg -0.24
73 models [2] recycles 1 hard 0 soft 1 temp 0.02 loss 8.11 helix 1.48 pae 0.68 i_pae 0.72 con 3.52 i_con 4.55 plddt 0.39 ptm 0.74 i_ptm 0.19 rg 0.15
74 models [1] recycles 1 hard 0 soft 1 temp 0.01 loss 4.19 helix 1.69 pae 0.20 i_pae 0.18 con 1.94 i_con 2.45 plddt 0.83 ptm 0.90 i_ptm 0.82 rg 0.63
75 models [3] recycles 1 hard 0 soft 1 temp 0.01 loss 3.84 helix 1.92 pae 0.18 i_pae 0.17 con 1.79 i_con 2.27 plddt 0.86 ptm 0.90 i_ptm 0.83 rg 0.83
Softmax trajectory pLDDT good, continuing: 0.91
Stage 3: One-hot Optimisation
76 models [3] recycles 1 hard 1 soft 1 temp 0.01 loss 3.74 helix 1.88 pae 0.19 i_pae 0.16 con 1.82 i_con 2.09 plddt 0.84 ptm 0.91 i_ptm 0.84 rg 0.94
77 models [4] recycles 1 hard 1 soft 1 temp 0.01 loss 8.26 helix 2.32 pae 0.66 i_pae 0.69 con 3.38 i_con 4.65 plddt 0.35 ptm 0.75 i_ptm 0.21 rg 1.66
78 models [1] recycles 1 hard 1 soft 1 temp 0.01 loss 3.93 helix 1.77 pae 0.19 i_pae 0.16 con 1.82 i_con 2.28 plddt 0.82 ptm 0.90 i_ptm 0.82 rg 0.79
One-hot trajectory pLDDT good, continuing: 0.84
Stage 4: PSSM Semigreedy Optimisation
Running semigreedy optimization...
79 models [3] recycles 1 hard 1 soft 0 temp 1 loss 8.58 helix 1.53 pae 0.68 i_pae 0.72 con 3.54 i_con 4.73 plddt 0.36 ptm 0.75 i_ptm 0.19 rg 1.09
80 models [1] recycles 1 hard 1 soft 0 temp 1 loss 5.13 helix 1.65 pae 0.28 i_pae 0.29 con 1.95 i_con 3.23 plddt 0.74 ptm 0.85 i_ptm 0.63 rg 0.88
81 models [0] recycles 1 hard 1 soft 0 temp 1 loss 6.51 helix 1.63 pae 0.53 i_pae 0.61 con 2.13 i_con 4.39 plddt 0.63 ptm 0.76 i_ptm 0.26 rg 0.45
82 models [1] recycles 1 hard 1 soft 0 temp 1 loss 7.29 helix 1.24 pae 0.61 i_pae 0.68 con 2.92 i_con 4.39 plddt 0.47 ptm 0.75 i_ptm 0.22 rg -0.15
83 models [1] recycles 1 hard 1 soft 0 temp 1 loss 7.45 helix 1.26 pae 0.61 i_pae 0.67 con 2.96 i_con 4.29 plddt 0.46 ptm 0.75 i_ptm 0.22 rg 0.57
Trajectory successful, final pLDDT: 0.84
Starting trajectory took: 0 hours, 29 minutes, 16 seconds

Fixing interface residues: B11,B12,B14,B15,B16,B17,B18,B19,B20,B22,B23,B33,B34,B36,B37,B38,B41,B51,B52,B53,B56,B57,B59,B60,B62,B63,B64,B66
Unmet filter conditions for EGFRd3_p2g0_l66_s223718_mpnn1
Base AF2 filters not passed for EGFRd3_p2g0_l66_s223718_mpnn2, skipping interface scoring
Unmet filter conditions for EGFRd3_p2g0_l66_s223718_mpnn3
Unmet filter conditions for EGFRd3_p2g0_l66_s223718_mpnn4
Base AF2 filters not passed for EGFRd3_p2g0_l66_s223718_mpnn5, skipping interface scoring
Unmet filter conditions for EGFRd3_p2g0_l66_s223718_mpnn6
Base AF2 filters not passed for EGFRd3_p2g0_l66_s223718_mpnn7, skipping interface scoring
Unmet filter conditions for EGFRd3_p2g0_l66_s223718_mpnn8
No accepted MPNN designs found for this trajectory.

Design and validation of trajectory EGFRd3_p2g0_l66_s223718 took: 0 hours, 21 minutes, 50 seconds
Starting trajectory: EGFRd3_p2g0_l61_s35375
Stage 1: Test Logits
1 models [0] recycles 1 hard 0 soft 0.02 temp 1 loss 12.92 helix 2.24 pae 0.83 i_pae 0.84 con 4.93 i_con 4.27 plddt 0.28 ptm 0.74 i_ptm 0.12 rg 12.90
2 models [0] recycles 1 hard 0 soft 0.04 temp 1 loss 10.74 helix 1.53 pae 0.80 i_pae 0.81 con 4.43 i_con 4.44 plddt 0.30 ptm 0.74 i_ptm 0.13 rg 6.05
3 models [4] recycles 1 hard 0 soft 0.05 temp 1 loss 10.39 helix 1.57 pae 0.76 i_pae 0.74 con 4.68 i_con 4.26 plddt 0.28 ptm 0.75 i_ptm 0.17 rg 4.76
4 models [4] recycles 1 hard 0 soft 0.07 temp 1 loss 11.03 helix 1.14 pae 0.76 i_pae 0.77 con 4.65 i_con 4.26 plddt 0.32 ptm 0.75 i_ptm 0.16 rg 6.59
5 models [0] recycles 1 hard 0 soft 0.09 temp 1 loss 9.04 helix 0.98 pae 0.70 i_pae 0.70 con 4.36 i_con 3.96 plddt 0.35 ptm 0.76 i_ptm 0.21 rg 1.86
6 models [4] recycles 1 hard 0 soft 0.11 temp 1 loss 8.46 helix 1.07 pae 0.69 i_pae 0.69 con 4.25 i_con 4.12 plddt 0.32 ptm 0.75 i_ptm 0.21 rg -0.11
7 models [3] recycles 1 hard 0 soft 0.13 temp 1 loss 7.96 helix 1.05 pae 0.63 i_pae 0.62 con 3.95 i_con 3.77 plddt 0.39 ptm 0.77 i_ptm 0.27 rg 0.51
8 models [4] recycles 1 hard 0 soft 0.14 temp 1 loss 8.07 helix 0.99 pae 0.65 i_pae 0.67 con 3.96 i_con 4.14 plddt 0.36 ptm 0.76 i_ptm 0.23 rg -0.54
9 models [0] recycles 1 hard 0 soft 0.16 temp 1 loss 7.85 helix 0.95 pae 0.62 i_pae 0.65 con 3.75 i_con 3.97 plddt 0.42 ptm 0.76 i_ptm 0.24 rg 0.02
10 models [3] recycles 1 hard 0 soft 0.18 temp 1 loss 7.47 helix 1.08 pae 0.61 i_pae 0.61 con 3.74 i_con 3.70 plddt 0.42 ptm 0.77 i_ptm 0.28 rg -0.13
11 models [4] recycles 1 hard 0 soft 0.20 temp 1 loss 7.04 helix 0.92 pae 0.57 i_pae 0.59 con 3.40 i_con 3.64 plddt 0.47 ptm 0.77 i_ptm 0.28 rg -0.30
12 models [4] recycles 1 hard 0 soft 0.22 temp 1 loss 7.28 helix 0.98 pae 0.58 i_pae 0.64 con 3.19 i_con 3.94 plddt 0.50 ptm 0.76 i_ptm 0.26 rg 0.22
13 models [3] recycles 1 hard 0 soft 0.23 temp 1 loss 6.76 helix 1.10 pae 0.56 i_pae 0.60 con 3.12 i_con 3.62 plddt 0.53 ptm 0.77 i_ptm 0.30 rg -0.04
14 models [0] recycles 1 hard 0 soft 0.25 temp 1 loss 5.96 helix 1.13 pae 0.44 i_pae 0.45 con 2.72 i_con 3.21 plddt 0.63 ptm 0.80 i_ptm 0.41 rg 0.30
15 models [1] recycles 1 hard 0 soft 0.27 temp 1 loss 7.48 helix 1.01 pae 0.63 i_pae 0.67 con 3.32 i_con 4.22 plddt 0.46 ptm 0.76 i_ptm 0.22 rg -0.58
16 models [0] recycles 1 hard 0 soft 0.29 temp 1 loss 6.61 helix 1.12 pae 0.55 i_pae 0.57 con 2.91 i_con 3.74 plddt 0.55 ptm 0.77 i_ptm 0.29 rg -0.20
17 models [4] recycles 1 hard 0 soft 0.31 temp 1 loss 5.43 helix 1.27 pae 0.41 i_pae 0.42 con 2.35 i_con 3.08 plddt 0.72 ptm 0.81 i_ptm 0.46 rg 0.42
18 models [0] recycles 1 hard 0 soft 0.32 temp 1 loss 5.21 helix 1.28 pae 0.32 i_pae 0.33 con 2.33 i_con 2.97 plddt 0.76 ptm 0.84 i_ptm 0.57 rg 0.27
19 models [1] recycles 1 hard 0 soft 0.34 temp 1 loss 5.98 helix 1.10 pae 0.48 i_pae 0.50 con 2.68 i_con 3.35 plddt 0.63 ptm 0.79 i_ptm 0.36 rg -0.09
20 models [2] recycles 1 hard 0 soft 0.36 temp 1 loss 4.77 helix 1.25 pae 0.28 i_pae 0.26 con 2.27 i_con 2.45 plddt 0.80 ptm 0.86 i_ptm 0.67 rg 0.84
21 models [4] recycles 1 hard 0 soft 0.38 temp 1 loss 3.69 helix 1.67 pae 0.18 i_pae 0.16 con 1.84 i_con 2.02 plddt 0.89 ptm 0.90 i_ptm 0.82 rg 0.73
22 models [4] recycles 1 hard 0 soft 0.40 temp 1 loss 4.14 helix 1.53 pae 0.23 i_pae 0.21 con 2.07 i_con 2.14 plddt 0.84 ptm 0.88 i_ptm 0.77 rg 0.84
23 models [3] recycles 1 hard 0 soft 0.41 temp 1 loss 4.03 helix 1.56 pae 0.22 i_pae 0.19 con 2.01 i_con 2.08 plddt 0.84 ptm 0.89 i_ptm 0.79 rg 0.94
24 models [0] recycles 1 hard 0 soft 0.43 temp 1 loss 4.24 helix 1.59 pae 0.23 i_pae 0.22 con 2.04 i_con 2.36 plddt 0.82 ptm 0.88 i_ptm 0.73 rg 0.57
25 models [1] recycles 1 hard 0 soft 0.45 temp 1 loss 5.89 helix 1.29 pae 0.48 i_pae 0.52 con 2.60 i_con 3.31 plddt 0.65 ptm 0.79 i_ptm 0.38 rg 0.21
26 models [4] recycles 1 hard 0 soft 0.47 temp 1 loss 4.06 helix 1.58 pae 0.21 i_pae 0.19 con 1.96 i_con 2.21 plddt 0.85 ptm 0.89 i_ptm 0.78 rg 0.79
27 models [3] recycles 1 hard 0 soft 0.49 temp 1 loss 4.21 helix 1.52 pae 0.23 i_pae 0.22 con 2.06 i_con 2.26 plddt 0.83 ptm 0.88 i_ptm 0.73 rg 0.66
28 models [2] recycles 1 hard 0 soft 0.50 temp 1 loss 4.32 helix 1.40 pae 0.25 i_pae 0.23 con 2.14 i_con 2.25 plddt 0.83 ptm 0.87 i_ptm 0.72 rg 0.65
29 models [4] recycles 1 hard 0 soft 0.52 temp 1 loss 3.98 helix 1.54 pae 0.22 i_pae 0.20 con 1.98 i_con 2.16 plddt 0.85 ptm 0.88 i_ptm 0.78 rg 0.60
30 models [4] recycles 1 hard 0 soft 0.54 temp 1 loss 6.07 helix 1.45 pae 0.54 i_pae 0.62 con 2.16 i_con 3.97 plddt 0.67 ptm 0.75 i_ptm 0.22 rg 0.06
31 models [4] recycles 1 hard 0 soft 0.56 temp 1 loss 4.21 helix 1.48 pae 0.23 i_pae 0.22 con 1.98 i_con 2.34 plddt 0.85 ptm 0.88 i_ptm 0.73 rg 0.64
32 models [2] recycles 1 hard 0 soft 0.58 temp 1 loss 4.74 helix 1.37 pae 0.32 i_pae 0.31 con 2.11 i_con 2.69 plddt 0.80 ptm 0.83 i_ptm 0.57 rg 0.51
33 models [3] recycles 1 hard 0 soft 0.59 temp 1 loss 3.89 helix 1.44 pae 0.20 i_pae 0.18 con 2.01 i_con 1.99 plddt 0.86 ptm 0.90 i_ptm 0.82 rg 0.67
34 models [3] recycles 1 hard 0 soft 0.61 temp 1 loss 5.90 helix 1.45 pae 0.49 i_pae 0.57 con 2.04 i_con 3.91 plddt 0.70 ptm 0.77 i_ptm 0.28 rg 0.22
35 models [0] recycles 1 hard 0 soft 0.63 temp 1 loss 6.32 helix 1.57 pae 0.60 i_pae 0.71 con 1.97 i_con 4.42 plddt 0.67 ptm 0.74 i_ptm 0.17 rg 0.06
36 models [2] recycles 1 hard 0 soft 0.65 temp 1 loss 5.76 helix 1.08 pae 0.48 i_pae 0.49 con 2.76 i_con 3.04 plddt 0.65 ptm 0.79 i_ptm 0.45 rg -0.04
37 models [0] recycles 1 hard 0 soft 0.67 temp 1 loss 4.28 helix 1.53 pae 0.24 i_pae 0.23 con 1.99 i_con 2.43 plddt 0.82 ptm 0.87 i_ptm 0.70 rg 0.54
38 models [4] recycles 1 hard 0 soft 0.68 temp 1 loss 4.34 helix 1.58 pae 0.26 i_pae 0.25 con 1.91 i_con 2.54 plddt 0.84 ptm 0.86 i_ptm 0.67 rg 0.70
39 models [0] recycles 1 hard 0 soft 0.70 temp 1 loss 3.81 helix 1.61 pae 0.20 i_pae 0.19 con 1.90 i_con 2.12 plddt 0.86 ptm 0.90 i_ptm 0.79 rg 0.51
40 models [0] recycles 1 hard 0 soft 0.72 temp 1 loss 6.44 helix 1.47 pae 0.53 i_pae 0.63 con 2.19 i_con 4.29 plddt 0.66 ptm 0.75 i_ptm 0.24 rg 0.19
41 models [2] recycles 1 hard 0 soft 0.74 temp 1 loss 4.04 helix 1.49 pae 0.23 i_pae 0.22 con 1.98 i_con 2.14 plddt 0.84 ptm 0.88 i_ptm 0.74 rg 0.74
42 models [1] recycles 1 hard 0 soft 0.76 temp 1 loss 6.09 helix 1.44 pae 0.51 i_pae 0.61 con 2.04 i_con 4.03 plddt 0.69 ptm 0.77 i_ptm 0.28 rg 0.40
43 models [3] recycles 1 hard 0 soft 0.77 temp 1 loss 3.84 helix 1.61 pae 0.20 i_pae 0.18 con 1.89 i_con 2.13 plddt 0.87 ptm 0.90 i_ptm 0.79 rg 0.59
44 models [1] recycles 1 hard 0 soft 0.79 temp 1 loss 6.32 helix 1.33 pae 0.55 i_pae 0.64 con 2.32 i_con 4.02 plddt 0.62 ptm 0.76 i_ptm 0.24 rg 0.07
45 models [4] recycles 1 hard 0 soft 0.81 temp 1 loss 5.52 helix 1.58 pae 0.45 i_pae 0.52 con 1.88 i_con 3.70 plddt 0.71 ptm 0.78 i_ptm 0.31 rg 0.39
46 models [1] recycles 1 hard 0 soft 0.83 temp 1 loss 5.86 helix 1.48 pae 0.50 i_pae 0.57 con 2.10 i_con 3.79 plddt 0.68 ptm 0.77 i_ptm 0.29 rg 0.30
47 models [4] recycles 1 hard 0 soft 0.85 temp 1 loss 5.54 helix 1.48 pae 0.46 i_pae 0.53 con 1.88 i_con 3.71 plddt 0.72 ptm 0.78 i_ptm 0.31 rg 0.35
48 models [3] recycles 1 hard 0 soft 0.86 temp 1 loss 5.76 helix 1.52 pae 0.48 i_pae 0.57 con 1.92 i_con 3.87 plddt 0.72 ptm 0.77 i_ptm 0.29 rg 0.39
49 models [0] recycles 1 hard 0 soft 0.88 temp 1 loss 5.76 helix 1.42 pae 0.48 i_pae 0.56 con 2.03 i_con 3.81 plddt 0.67 ptm 0.77 i_ptm 0.29 rg 0.07
50 models [1] recycles 1 hard 0 soft 0.90 temp 1 loss 7.61 helix 1.16 pae 0.61 i_pae 0.63 con 3.42 i_con 3.89 plddt 0.44 ptm 0.77 i_ptm 0.27 rg 0.79
Initial trajectory pLDDT good, continuing: 0.89
Stage 2: Softmax Optimisation
51 models [1] recycles 1 hard 0 soft 1 temp 0.92 loss 8.34 helix 1.23 pae 0.66 i_pae 0.67 con 3.87 i_con 4.02 plddt 0.40 ptm 0.76 i_ptm 0.24 rg 1.30
52 models [0] recycles 1 hard 0 soft 1 temp 0.85 loss 6.03 helix 1.59 pae 0.50 i_pae 0.61 con 2.02 i_con 4.14 plddt 0.68 ptm 0.76 i_ptm 0.26 rg 0.05
53 models [3] recycles 1 hard 0 soft 1 temp 0.78 loss 5.42 helix 1.60 pae 0.46 i_pae 0.54 con 1.85 i_con 3.70 plddt 0.75 ptm 0.78 i_ptm 0.31 rg 0.14
54 models [0] recycles 1 hard 0 soft 1 temp 0.71 loss 5.79 helix 1.67 pae 0.50 i_pae 0.59 con 1.94 i_con 4.02 plddt 0.68 ptm 0.76 i_ptm 0.24 rg 0.02
55 models [3] recycles 1 hard 0 soft 1 temp 0.64 loss 5.38 helix 1.71 pae 0.45 i_pae 0.54 con 1.87 i_con 3.70 plddt 0.75 ptm 0.78 i_ptm 0.31 rg 0.12
56 models [2] recycles 1 hard 0 soft 1 temp 0.58 loss 5.87 helix 1.55 pae 0.50 i_pae 0.58 con 2.02 i_con 3.96 plddt 0.73 ptm 0.76 i_ptm 0.26 rg 0.12
57 models [4] recycles 1 hard 0 soft 1 temp 0.52 loss 5.32 helix 1.64 pae 0.41 i_pae 0.47 con 1.92 i_con 3.56 plddt 0.74 ptm 0.79 i_ptm 0.35 rg 0.18
58 models [2] recycles 1 hard 0 soft 1 temp 0.47 loss 5.66 helix 1.57 pae 0.50 i_pae 0.57 con 2.04 i_con 3.81 plddt 0.74 ptm 0.76 i_ptm 0.27 rg -0.12
59 models [2] recycles 1 hard 0 soft 1 temp 0.42 loss 5.48 helix 1.71 pae 0.45 i_pae 0.52 con 1.96 i_con 3.69 plddt 0.76 ptm 0.78 i_ptm 0.33 rg 0.20
60 models [3] recycles 1 hard 0 soft 1 temp 0.37 loss 5.06 helix 1.71 pae 0.36 i_pae 0.41 con 2.00 i_con 3.28 plddt 0.77 ptm 0.81 i_ptm 0.46 rg 0.19
61 models [0] recycles 1 hard 0 soft 1 temp 0.32 loss 6.00 helix 1.54 pae 0.49 i_pae 0.57 con 2.13 i_con 4.02 plddt 0.66 ptm 0.76 i_ptm 0.27 rg -0.01
62 models [4] recycles 1 hard 0 soft 1 temp 0.28 loss 4.23 helix 1.74 pae 0.25 i_pae 0.25 con 1.86 i_con 2.68 plddt 0.82 ptm 0.86 i_ptm 0.66 rg 0.16
63 models [1] recycles 1 hard 0 soft 1 temp 0.24 loss 5.58 helix 1.79 pae 0.45 i_pae 0.53 con 1.87 i_con 3.93 plddt 0.74 ptm 0.78 i_ptm 0.32 rg 0.08
64 models [3] recycles 1 hard 0 soft 1 temp 0.20 loss 5.28 helix 1.77 pae 0.44 i_pae 0.51 con 1.90 i_con 3.60 plddt 0.74 ptm 0.78 i_ptm 0.33 rg 0.06
65 models [0] recycles 1 hard 0 soft 1 temp 0.17 loss 4.91 helix 1.95 pae 0.37 i_pae 0.41 con 1.80 i_con 3.44 plddt 0.76 ptm 0.80 i_ptm 0.42 rg 0.09
66 models [0] recycles 1 hard 0 soft 1 temp 0.14 loss 5.40 helix 1.73 pae 0.30 i_pae 0.34 con 2.12 i_con 3.55 plddt 0.75 ptm 0.83 i_ptm 0.57 rg 0.17
67 models [0] recycles 1 hard 0 soft 1 temp 0.11 loss 5.65 helix 1.76 pae 0.40 i_pae 0.49 con 1.98 i_con 3.90 plddt 0.71 ptm 0.79 i_ptm 0.36 rg 0.08
68 models [3] recycles 1 hard 0 soft 1 temp 0.09 loss 5.49 helix 1.76 pae 0.49 i_pae 0.57 con 1.87 i_con 3.84 plddt 0.74 ptm 0.77 i_ptm 0.26 rg -0.02
69 models [0] recycles 1 hard 0 soft 1 temp 0.07 loss 5.98 helix 1.69 pae 0.49 i_pae 0.59 con 2.14 i_con 4.07 plddt 0.67 ptm 0.77 i_ptm 0.27 rg -0.18
70 models [2] recycles 1 hard 0 soft 1 temp 0.05 loss 6.12 helix 1.54 pae 0.51 i_pae 0.58 con 2.34 i_con 3.94 plddt 0.67 ptm 0.77 i_ptm 0.28 rg -0.10
71 models [1] recycles 1 hard 0 soft 1 temp 0.04 loss 6.68 helix 1.46 pae 0.48 i_pae 0.51 con 2.99 i_con 3.82 plddt 0.57 ptm 0.79 i_ptm 0.37 rg -0.05
72 models [2] recycles 1 hard 0 soft 1 temp 0.02 loss 5.52 helix 1.57 pae 0.42 i_pae 0.47 con 2.24 i_con 3.47 plddt 0.71 ptm 0.79 i_ptm 0.39 rg 0.04
73 models [4] recycles 1 hard 0 soft 1 temp 0.02 loss 7.65 helix 1.29 pae 0.60 i_pae 0.64 con 3.45 i_con 4.24 plddt 0.48 ptm 0.76 i_ptm 0.26 rg -0.19
74 models [0] recycles 1 hard 0 soft 1 temp 0.01 loss 5.99 helix 1.66 pae 0.49 i_pae 0.57 con 2.19 i_con 4.03 plddt 0.65 ptm 0.77 i_ptm 0.28 rg -0.22
75 models [0] recycles 1 hard 0 soft 1 temp 0.01 loss 7.59 helix 1.59 pae 0.61 i_pae 0.64 con 3.22 i_con 4.34 plddt 0.45 ptm 0.76 i_ptm 0.24 rg 0.33
Softmax trajectory pLDDT good, continuing: 0.82
Stage 3: One-hot Optimisation
76 models [4] recycles 1 hard 1 soft 1 temp 0.01 loss 4.50 helix 1.76 pae 0.26 i_pae 0.26 con 1.98 i_con 2.81 plddt 0.75 ptm 0.86 i_ptm 0.64 rg 0.22
77 models [4] recycles 1 hard 1 soft 1 temp 0.01 loss 7.44 helix 1.35 pae 0.57 i_pae 0.62 con 3.32 i_con 4.21 plddt 0.46 ptm 0.77 i_ptm 0.27 rg -0.23
78 models [1] recycles 1 hard 1 soft 1 temp 0.01 loss 5.74 helix 1.79 pae 0.42 i_pae 0.49 con 2.01 i_con 3.94 plddt 0.69 ptm 0.79 i_ptm 0.35 rg 0.15
One-hot trajectory pLDDT good, continuing: 0.75
Stage 4: PSSM Semigreedy Optimisation
Running semigreedy optimization...
79 models [1] recycles 1 hard 1 soft 0 temp 1 loss 5.61 helix 1.76 pae 0.38 i_pae 0.42 con 2.08 i_con 3.76 plddt 0.69 ptm 0.81 i_ptm 0.43 rg 0.13
80 models [2] recycles 1 hard 1 soft 0 temp 1 loss 7.14 helix 1.33 pae 0.55 i_pae 0.60 con 3.13 i_con 4.04 plddt 0.50 ptm 0.77 i_ptm 0.28 rg 0.00
81 models [3] recycles 1 hard 1 soft 0 temp 1 loss 4.96 helix 1.74 pae 0.26 i_pae 0.30 con 1.88 i_con 3.34 plddt 0.79 ptm 0.85 i_ptm 0.61 rg 0.31
82 models [0] recycles 1 hard 1 soft 0 temp 1 loss 6.74 helix 1.47 pae 0.53 i_pae 0.60 con 2.52 i_con 4.25 plddt 0.56 ptm 0.77 i_ptm 0.26 rg 0.20
83 models [3] recycles 1 hard 1 soft 0 temp 1 loss 5.97 helix 1.51 pae 0.45 i_pae 0.52 con 2.27 i_con 3.78 plddt 0.64 ptm 0.79 i_ptm 0.34 rg 0.23
Trajectory successful, final pLDDT: 0.75
Starting trajectory took: 0 hours, 29 minutes, 9 seconds

Fixing interface residues: B2,B3,B5,B6,B8,B9,B10,B12,B13,B17,B20,B21,B23,B24,B25,B27,B28,B30,B31,B34,B35
Base AF2 filters not passed for EGFRd3_p2g0_l61_s35375_mpnn1, skipping interface scoring
Base AF2 filters not passed for EGFRd3_p2g0_l61_s35375_mpnn2, skipping interface scoring
Base AF2 filters not passed for EGFRd3_p2g0_l61_s35375_mpnn3, skipping interface scoring
Base AF2 filters not passed for EGFRd3_p2g0_l61_s35375_mpnn4, skipping interface scoring
Base AF2 filters not passed for EGFRd3_p2g0_l61_s35375_mpnn5, skipping interface scoring
Base AF2 filters not passed for EGFRd3_p2g0_l61_s35375_mpnn6, skipping interface scoring
Base AF2 filters not passed for EGFRd3_p2g0_l61_s35375_mpnn7, skipping interface scoring
Base AF2 filters not passed for EGFRd3_p2g0_l61_s35375_mpnn8, skipping interface scoring
No accepted MPNN designs found for this trajectory.

Design and validation of trajectory EGFRd3_p2g0_l61_s35375 took: 0 hours, 3 minutes, 32 seconds
Starting trajectory: EGFRd3_p2g0_l61_s374754
Stage 1: Test Logits
1 models [3] recycles 1 hard 0 soft 0.02 temp 1 loss 12.46 helix 1.91 pae 0.81 i_pae 0.80 con 4.73 i_con 4.23 plddt 0.26 ptm 0.74 i_ptm 0.14 rg 11.83
2 models [3] recycles 1 hard 0 soft 0.04 temp 1 loss 9.23 helix 1.26 pae 0.72 i_pae 0.70 con 4.39 i_con 4.03 plddt 0.32 ptm 0.75 i_ptm 0.21 rg 2.43
3 models [2] recycles 1 hard 0 soft 0.05 temp 1 loss 10.30 helix 0.67 pae 0.68 i_pae 0.69 con 4.54 i_con 4.14 plddt 0.45 ptm 0.75 i_ptm 0.22 rg 4.60
4 models [2] recycles 1 hard 0 soft 0.07 temp 1 loss 9.53 helix 0.94 pae 0.72 i_pae 0.71 con 4.51 i_con 4.24 plddt 0.35 ptm 0.75 i_ptm 0.18 rg 1.98
5 models [1] recycles 1 hard 0 soft 0.09 temp 1 loss 8.72 helix 0.93 pae 0.66 i_pae 0.65 con 4.41 i_con 3.53 plddt 0.41 ptm 0.77 i_ptm 0.32 rg 2.16
6 models [2] recycles 1 hard 0 soft 0.11 temp 1 loss 11.26 helix 0.98 pae 0.74 i_pae 0.74 con 4.51 i_con 4.20 plddt 0.35 ptm 0.75 i_ptm 0.19 rg 7.89
7 models [1] recycles 1 hard 0 soft 0.13 temp 1 loss 8.70 helix 1.02 pae 0.70 i_pae 0.70 con 4.39 i_con 4.22 plddt 0.35 ptm 0.75 i_ptm 0.20 rg -0.17
8 models [0] recycles 1 hard 0 soft 0.14 temp 1 loss 9.02 helix 1.57 pae 0.71 i_pae 0.70 con 4.40 i_con 4.16 plddt 0.29 ptm 0.75 i_ptm 0.20 rg 1.58
9 models [1] recycles 1 hard 0 soft 0.16 temp 1 loss 8.66 helix 1.19 pae 0.69 i_pae 0.67 con 4.32 i_con 3.99 plddt 0.33 ptm 0.76 i_ptm 0.22 rg 0.83
10 models [2] recycles 1 hard 0 soft 0.18 temp 1 loss 8.21 helix 1.33 pae 0.66 i_pae 0.63 con 4.09 i_con 3.97 plddt 0.31 ptm 0.76 i_ptm 0.25 rg 0.38
11 models [4] recycles 1 hard 0 soft 0.20 temp 1 loss 7.99 helix 2.13 pae 0.68 i_pae 0.67 con 3.75 i_con 4.06 plddt 0.31 ptm 0.75 i_ptm 0.22 rg 1.24
12 models [3] recycles 1 hard 0 soft 0.22 temp 1 loss 7.15 helix 2.24 pae 0.62 i_pae 0.63 con 3.49 i_con 4.03 plddt 0.38 ptm 0.77 i_ptm 0.26 rg -0.34
13 models [0] recycles 1 hard 0 soft 0.23 temp 1 loss 7.14 helix 2.71 pae 0.63 i_pae 0.67 con 3.25 i_con 4.27 plddt 0.43 ptm 0.76 i_ptm 0.22 rg 0.08
14 models [2] recycles 1 hard 0 soft 0.25 temp 1 loss 6.62 helix 2.61 pae 0.56 i_pae 0.56 con 3.26 i_con 3.69 plddt 0.45 ptm 0.78 i_ptm 0.34 rg 0.29
15 models [3] recycles 1 hard 0 soft 0.27 temp 1 loss 5.72 helix 3.50 pae 0.50 i_pae 0.53 con 2.65 i_con 3.64 plddt 0.57 ptm 0.78 i_ptm 0.35 rg 0.48
16 models [4] recycles 1 hard 0 soft 0.29 temp 1 loss 5.92 helix 3.29 pae 0.52 i_pae 0.55 con 2.77 i_con 3.72 plddt 0.55 ptm 0.78 i_ptm 0.33 rg 0.26
17 models [2] recycles 1 hard 0 soft 0.31 temp 1 loss 4.81 helix 3.67 pae 0.37 i_pae 0.37 con 2.54 i_con 2.92 plddt 0.68 ptm 0.84 i_ptm 0.58 rg 0.72
18 models [0] recycles 1 hard 0 soft 0.32 temp 1 loss 3.93 helix 4.26 pae 0.27 i_pae 0.28 con 2.22 i_con 2.56 plddt 0.77 ptm 0.87 i_ptm 0.71 rg 0.83
19 models [2] recycles 1 hard 0 soft 0.34 temp 1 loss 5.75 helix 3.36 pae 0.49 i_pae 0.50 con 2.88 i_con 3.59 plddt 0.54 ptm 0.79 i_ptm 0.38 rg -0.11
20 models [0] recycles 1 hard 0 soft 0.36 temp 1 loss 3.35 helix 4.91 pae 0.23 i_pae 0.24 con 1.98 i_con 2.43 plddt 0.81 ptm 0.88 i_ptm 0.75 rg 0.87
21 models [1] recycles 1 hard 0 soft 0.38 temp 1 loss 3.38 helix 4.85 pae 0.23 i_pae 0.22 con 1.99 i_con 2.44 plddt 0.82 ptm 0.89 i_ptm 0.78 rg 0.86
22 models [1] recycles 1 hard 0 soft 0.40 temp 1 loss 3.12 helix 5.17 pae 0.21 i_pae 0.20 con 1.88 i_con 2.40 plddt 0.83 ptm 0.89 i_ptm 0.79 rg 0.84
23 models [1] recycles 1 hard 0 soft 0.41 temp 1 loss 2.74 helix 5.80 pae 0.19 i_pae 0.18 con 1.84 i_con 2.27 plddt 0.84 ptm 0.90 i_ptm 0.82 rg 0.85
24 models [3] recycles 1 hard 0 soft 0.43 temp 1 loss 2.45 helix 6.07 pae 0.18 i_pae 0.16 con 1.75 i_con 2.11 plddt 0.87 ptm 0.91 i_ptm 0.85 rg 1.04
25 models [3] recycles 1 hard 0 soft 0.45 temp 1 loss 3.32 helix 5.26 pae 0.23 i_pae 0.23 con 1.93 i_con 2.58 plddt 0.82 ptm 0.88 i_ptm 0.74 rg 0.79
26 models [4] recycles 1 hard 0 soft 0.47 temp 1 loss 2.86 helix 5.49 pae 0.19 i_pae 0.19 con 1.78 i_con 2.36 plddt 0.86 ptm 0.89 i_ptm 0.82 rg 0.83
27 models [4] recycles 1 hard 0 soft 0.49 temp 1 loss 2.73 helix 5.68 pae 0.19 i_pae 0.19 con 1.71 i_con 2.34 plddt 0.87 ptm 0.89 i_ptm 0.80 rg 0.88
28 models [1] recycles 1 hard 0 soft 0.50 temp 1 loss 2.46 helix 6.05 pae 0.18 i_pae 0.17 con 1.66 i_con 2.26 plddt 0.87 ptm 0.90 i_ptm 0.82 rg 0.83
29 models [1] recycles 1 hard 0 soft 0.52 temp 1 loss 2.01 helix 6.53 pae 0.16 i_pae 0.15 con 1.59 i_con 2.04 plddt 0.89 ptm 0.91 i_ptm 0.87 rg 0.82
30 models [4] recycles 1 hard 0 soft 0.54 temp 1 loss 2.36 helix 5.81 pae 0.17 i_pae 0.16 con 1.68 i_con 2.09 plddt 0.89 ptm 0.91 i_ptm 0.86 rg 0.77
31 models [3] recycles 1 hard 0 soft 0.56 temp 1 loss 2.73 helix 6.30 pae 0.20 i_pae 0.21 con 1.66 i_con 2.58 plddt 0.86 ptm 0.89 i_ptm 0.77 rg 0.84
32 models [4] recycles 1 hard 0 soft 0.58 temp 1 loss 2.91 helix 5.87 pae 0.20 i_pae 0.21 con 1.64 i_con 2.65 plddt 0.88 ptm 0.88 i_ptm 0.77 rg 0.87
33 models [3] recycles 1 hard 0 soft 0.59 temp 1 loss 2.36 helix 6.24 pae 0.17 i_pae 0.17 con 1.64 i_con 2.22 plddt 0.89 ptm 0.90 i_ptm 0.84 rg 0.86
34 models [2] recycles 1 hard 0 soft 0.61 temp 1 loss 3.19 helix 5.57 pae 0.21 i_pae 0.22 con 1.77 i_con 2.73 plddt 0.86 ptm 0.88 i_ptm 0.76 rg 0.72
35 models [1] recycles 1 hard 0 soft 0.63 temp 1 loss 3.01 helix 5.76 pae 0.21 i_pae 0.23 con 1.71 i_con 2.66 plddt 0.85 ptm 0.88 i_ptm 0.75 rg 0.80
36 models [2] recycles 1 hard 0 soft 0.65 temp 1 loss 2.92 helix 6.16 pae 0.21 i_pae 0.22 con 1.61 i_con 2.83 plddt 0.88 ptm 0.88 i_ptm 0.76 rg 0.68
37 models [0] recycles 1 hard 0 soft 0.67 temp 1 loss 2.73 helix 5.94 pae 0.19 i_pae 0.20 con 1.65 i_con 2.52 plddt 0.87 ptm 0.88 i_ptm 0.78 rg 0.76
38 models [0] recycles 1 hard 0 soft 0.68 temp 1 loss 2.61 helix 5.86 pae 0.19 i_pae 0.20 con 1.64 i_con 2.40 plddt 0.87 ptm 0.89 i_ptm 0.79 rg 0.70
39 models [2] recycles 1 hard 0 soft 0.70 temp 1 loss 2.12 helix 6.53 pae 0.16 i_pae 0.16 con 1.59 i_con 2.18 plddt 0.90 ptm 0.91 i_ptm 0.87 rg 0.74
40 models [3] recycles 1 hard 0 soft 0.72 temp 1 loss 1.91 helix 6.64 pae 0.16 i_pae 0.15 con 1.57 i_con 2.00 plddt 0.90 ptm 0.91 i_ptm 0.86 rg 0.79
41 models [0] recycles 1 hard 0 soft 0.74 temp 1 loss 2.15 helix 6.54 pae 0.16 i_pae 0.16 con 1.54 i_con 2.26 plddt 0.90 ptm 0.91 i_ptm 0.85 rg 0.73
42 models [2] recycles 1 hard 0 soft 0.76 temp 1 loss 1.85 helix 6.90 pae 0.15 i_pae 0.14 con 1.51 i_con 2.10 plddt 0.92 ptm 0.91 i_ptm 0.88 rg 0.77
43 models [0] recycles 1 hard 0 soft 0.77 temp 1 loss 1.82 helix 6.50 pae 0.15 i_pae 0.14 con 1.49 i_con 1.99 plddt 0.91 ptm 0.91 i_ptm 0.88 rg 0.69
44 models [4] recycles 1 hard 0 soft 0.79 temp 1 loss 5.44 helix 3.39 pae 0.44 i_pae 0.46 con 2.66 i_con 3.49 plddt 0.61 ptm 0.80 i_ptm 0.43 rg 0.03
45 models [0] recycles 1 hard 0 soft 0.81 temp 1 loss 2.35 helix 6.03 pae 0.17 i_pae 0.17 con 1.61 i_con 2.26 plddt 0.89 ptm 0.91 i_ptm 0.85 rg 0.63
46 models [2] recycles 1 hard 0 soft 0.83 temp 1 loss 5.21 helix 3.74 pae 0.45 i_pae 0.46 con 2.57 i_con 3.52 plddt 0.61 ptm 0.80 i_ptm 0.39 rg -0.21
47 models [0] recycles 1 hard 0 soft 0.85 temp 1 loss 1.68 helix 6.71 pae 0.14 i_pae 0.13 con 1.46 i_con 1.94 plddt 0.92 ptm 0.91 i_ptm 0.88 rg 0.68
48 models [1] recycles 1 hard 0 soft 0.86 temp 1 loss 1.84 helix 6.82 pae 0.15 i_pae 0.14 con 1.50 i_con 2.07 plddt 0.91 ptm 0.92 i_ptm 0.88 rg 0.77
49 models [1] recycles 1 hard 0 soft 0.88 temp 1 loss 5.51 helix 3.56 pae 0.44 i_pae 0.47 con 2.71 i_con 3.59 plddt 0.59 ptm 0.80 i_ptm 0.41 rg -0.05
50 models [3] recycles 1 hard 0 soft 0.90 temp 1 loss 4.76 helix 3.76 pae 0.34 i_pae 0.34 con 2.51 i_con 3.06 plddt 0.70 ptm 0.85 i_ptm 0.60 rg 0.32
Initial trajectory pLDDT good, continuing: 0.92
Beta sheeted trajectory detected, optimising settings
Stage 2: Softmax Optimisation
51 models [4] recycles 3 hard 0 soft 1 temp 0.92 loss 5.59 helix 3.70 pae 0.53 i_pae 0.56 con 2.63 i_con 3.82 plddt 0.55 ptm 0.77 i_ptm 0.30 rg -0.34
52 models [1] recycles 3 hard 0 soft 1 temp 0.85 loss 2.33 helix 5.88 pae 0.16 i_pae 0.16 con 1.64 i_con 2.15 plddt 0.90 ptm 0.91 i_ptm 0.85 rg 0.67
53 models [2] recycles 3 hard 0 soft 1 temp 0.78 loss 5.43 helix 3.99 pae 0.52 i_pae 0.55 con 2.63 i_con 3.74 plddt 0.56 ptm 0.77 i_ptm 0.32 rg -0.29
54 models [0] recycles 3 hard 0 soft 1 temp 0.71 loss 4.17 helix 4.33 pae 0.31 i_pae 0.33 con 2.24 i_con 3.01 plddt 0.75 ptm 0.85 i_ptm 0.62 rg 0.06
55 models [1] recycles 3 hard 0 soft 1 temp 0.64 loss 1.95 helix 6.27 pae 0.15 i_pae 0.14 con 1.55 i_con 2.01 plddt 0.91 ptm 0.92 i_ptm 0.87 rg 0.60
56 models [3] recycles 3 hard 0 soft 1 temp 0.58 loss 5.20 helix 4.08 pae 0.46 i_pae 0.50 con 2.52 i_con 3.64 plddt 0.60 ptm 0.80 i_ptm 0.38 rg -0.12
57 models [1] recycles 3 hard 0 soft 1 temp 0.52 loss 5.69 helix 3.37 pae 0.45 i_pae 0.48 con 2.80 i_con 3.67 plddt 0.60 ptm 0.80 i_ptm 0.42 rg -0.21
58 models [4] recycles 3 hard 0 soft 1 temp 0.47 loss 5.62 helix 3.45 pae 0.49 i_pae 0.52 con 2.66 i_con 3.72 plddt 0.60 ptm 0.79 i_ptm 0.36 rg -0.16
59 models [3] recycles 3 hard 0 soft 1 temp 0.42 loss 1.88 helix 6.63 pae 0.15 i_pae 0.15 con 1.52 i_con 2.07 plddt 0.92 ptm 0.92 i_ptm 0.87 rg 0.66
60 models [0] recycles 3 hard 0 soft 1 temp 0.37 loss 1.74 helix 6.54 pae 0.15 i_pae 0.14 con 1.48 i_con 1.94 plddt 0.92 ptm 0.92 i_ptm 0.88 rg 0.63
61 models [1] recycles 3 hard 0 soft 1 temp 0.32 loss 4.74 helix 3.94 pae 0.37 i_pae 0.40 con 2.34 i_con 3.34 plddt 0.70 ptm 0.83 i_ptm 0.51 rg -0.01
62 models [4] recycles 3 hard 0 soft 1 temp 0.28 loss 5.65 helix 3.48 pae 0.50 i_pae 0.53 con 2.71 i_con 3.73 plddt 0.59 ptm 0.78 i_ptm 0.33 rg -0.24
63 models [2] recycles 3 hard 0 soft 1 temp 0.24 loss 2.68 helix 6.02 pae 0.20 i_pae 0.20 con 1.64 i_con 2.56 plddt 0.88 ptm 0.89 i_ptm 0.80 rg 0.56
64 models [1] recycles 3 hard 0 soft 1 temp 0.20 loss 1.88 helix 6.62 pae 0.16 i_pae 0.15 con 1.49 i_con 2.10 plddt 0.91 ptm 0.91 i_ptm 0.86 rg 0.61
65 models [1] recycles 3 hard 0 soft 1 temp 0.17 loss 1.84 helix 6.61 pae 0.15 i_pae 0.15 con 1.42 i_con 2.13 plddt 0.92 ptm 0.91 i_ptm 0.87 rg 0.62
66 models [2] recycles 3 hard 0 soft 1 temp 0.14 loss 5.44 helix 3.89 pae 0.51 i_pae 0.57 con 2.52 i_con 3.81 plddt 0.62 ptm 0.77 i_ptm 0.31 rg -0.19
67 models [1] recycles 3 hard 0 soft 1 temp 0.11 loss 1.96 helix 6.50 pae 0.15 i_pae 0.15 con 1.48 i_con 2.15 plddt 0.91 ptm 0.91 i_ptm 0.86 rg 0.62
68 models [3] recycles 3 hard 0 soft 1 temp 0.09 loss 5.40 helix 3.78 pae 0.49 i_pae 0.53 con 2.55 i_con 3.70 plddt 0.63 ptm 0.79 i_ptm 0.34 rg -0.13
69 models [4] recycles 3 hard 0 soft 1 temp 0.07 loss 2.12 helix 6.27 pae 0.16 i_pae 0.16 con 1.52 i_con 2.19 plddt 0.91 ptm 0.91 i_ptm 0.85 rg 0.68
70 models [1] recycles 3 hard 0 soft 1 temp 0.05 loss 1.99 helix 6.52 pae 0.16 i_pae 0.15 con 1.49 i_con 2.16 plddt 0.91 ptm 0.91 i_ptm 0.86 rg 0.68
71 models [3] recycles 3 hard 0 soft 1 temp 0.04 loss 5.45 helix 4.01 pae 0.53 i_pae 0.58 con 2.47 i_con 3.90 plddt 0.61 ptm 0.77 i_ptm 0.29 rg -0.21
72 models [0] recycles 3 hard 0 soft 1 temp 0.02 loss 2.17 helix 6.21 pae 0.17 i_pae 0.17 con 1.56 i_con 2.16 plddt 0.90 ptm 0.90 i_ptm 0.84 rg 0.68
73 models [2] recycles 3 hard 0 soft 1 temp 0.02 loss 5.54 helix 3.99 pae 0.55 i_pae 0.63 con 2.43 i_con 4.02 plddt 0.61 ptm 0.76 i_ptm 0.25 rg -0.24
74 models [3] recycles 3 hard 0 soft 1 temp 0.01 loss 5.32 helix 4.12 pae 0.52 i_pae 0.57 con 2.42 i_con 3.83 plddt 0.63 ptm 0.78 i_ptm 0.29 rg -0.12
75 models [3] recycles 3 hard 0 soft 1 temp 0.01 loss 5.43 helix 4.06 pae 0.53 i_pae 0.58 con 2.47 i_con 3.90 plddt 0.60 ptm 0.77 i_ptm 0.29 rg -0.23
Softmax trajectory pLDDT good, continuing: 0.92
Stage 3: One-hot Optimisation
76 models [4] recycles 3 hard 1 soft 1 temp 0.01 loss 5.77 helix 3.47 pae 0.52 i_pae 0.56 con 2.72 i_con 3.82 plddt 0.51 ptm 0.78 i_ptm 0.30 rg -0.26
77 models [3] recycles 3 hard 1 soft 1 temp 0.01 loss 5.18 helix 4.39 pae 0.52 i_pae 0.57 con 2.35 i_con 3.83 plddt 0.58 ptm 0.78 i_ptm 0.30 rg -0.06
78 models [2] recycles 3 hard 1 soft 1 temp 0.01 loss 5.51 helix 3.88 pae 0.54 i_pae 0.60 con 2.46 i_con 3.94 plddt 0.56 ptm 0.77 i_ptm 0.27 rg -0.24
One-hot trajectory pLDDT too low to continue: 0.58
Trajectory starting confidence low, skipping analysis and MPNN optimisation

Starting trajectory took: 0 hours, 32 minutes, 4 seconds

Starting trajectory: EGFRd3_p2g0_l65_s985716
Stage 1: Test Logits
1 models [4] recycles 1 hard 0 soft 0.02 temp 1 loss 9.58 helix 1.37 pae 0.76 i_pae 0.73 con 4.67 i_con 4.07 plddt 0.28 ptm 0.74 i_ptm 0.17 rg 2.55
2 models [2] recycles 1 hard 0 soft 0.04 temp 1 loss 13.15 helix 1.23 pae 0.78 i_pae 0.77 con 4.84 i_con 4.06 plddt 0.37 ptm 0.74 i_ptm 0.17 rg 13.76
3 models [3] recycles 1 hard 0 soft 0.05 temp 1 loss 9.61 helix 1.34 pae 0.72 i_pae 0.72 con 4.43 i_con 4.12 plddt 0.33 ptm 0.74 i_ptm 0.19 rg 3.32
4 models [2] recycles 1 hard 0 soft 0.07 temp 1 loss 10.58 helix 1.01 pae 0.76 i_pae 0.78 con 4.75 i_con 4.51 plddt 0.36 ptm 0.73 i_ptm 0.14 rg 3.78
5 models [1] recycles 1 hard 0 soft 0.09 temp 1 loss 11.00 helix 1.25 pae 0.72 i_pae 0.72 con 4.72 i_con 3.90 plddt 0.43 ptm 0.75 i_ptm 0.21 rg 7.66
6 models [2] recycles 1 hard 0 soft 0.11 temp 1 loss 9.70 helix 0.87 pae 0.74 i_pae 0.77 con 4.14 i_con 4.68 plddt 0.37 ptm 0.73 i_ptm 0.16 rg 2.20
7 models [4] recycles 1 hard 0 soft 0.13 temp 1 loss 8.96 helix 0.85 pae 0.70 i_pae 0.71 con 4.19 i_con 4.18 plddt 0.35 ptm 0.74 i_ptm 0.19 rg 1.30
8 models [3] recycles 1 hard 0 soft 0.14 temp 1 loss 8.84 helix 1.21 pae 0.70 i_pae 0.71 con 4.07 i_con 4.34 plddt 0.34 ptm 0.75 i_ptm 0.21 rg 1.14
9 models [3] recycles 1 hard 0 soft 0.16 temp 1 loss 8.54 helix 1.04 pae 0.67 i_pae 0.68 con 4.08 i_con 4.30 plddt 0.36 ptm 0.75 i_ptm 0.23 rg 0.14
10 models [1] recycles 1 hard 0 soft 0.18 temp 1 loss 8.60 helix 0.84 pae 0.67 i_pae 0.69 con 4.06 i_con 4.38 plddt 0.36 ptm 0.75 i_ptm 0.22 rg -0.07
11 models [2] recycles 1 hard 0 soft 0.20 temp 1 loss 8.72 helix 0.93 pae 0.66 i_pae 0.67 con 4.00 i_con 4.12 plddt 0.40 ptm 0.75 i_ptm 0.25 rg 1.52
12 models [0] recycles 1 hard 0 soft 0.22 temp 1 loss 8.57 helix 0.72 pae 0.69 i_pae 0.72 con 3.80 i_con 4.39 plddt 0.40 ptm 0.74 i_ptm 0.19 rg 0.47
13 models [4] recycles 1 hard 0 soft 0.23 temp 1 loss 7.94 helix 0.74 pae 0.64 i_pae 0.71 con 3.37 i_con 4.54 plddt 0.47 ptm 0.74 i_ptm 0.20 rg -0.57
14 models [3] recycles 1 hard 0 soft 0.25 temp 1 loss 8.18 helix 0.98 pae 0.66 i_pae 0.68 con 3.85 i_con 4.40 plddt 0.38 ptm 0.75 i_ptm 0.22 rg -0.69
15 models [3] recycles 1 hard 0 soft 0.27 temp 1 loss 8.04 helix 0.95 pae 0.64 i_pae 0.65 con 3.83 i_con 4.27 plddt 0.38 ptm 0.75 i_ptm 0.24 rg -0.66
16 models [2] recycles 1 hard 0 soft 0.29 temp 1 loss 8.11 helix 1.02 pae 0.63 i_pae 0.65 con 3.96 i_con 4.19 plddt 0.40 ptm 0.75 i_ptm 0.24 rg -0.52
17 models [1] recycles 1 hard 0 soft 0.31 temp 1 loss 8.09 helix 1.08 pae 0.64 i_pae 0.66 con 3.80 i_con 4.37 plddt 0.40 ptm 0.75 i_ptm 0.24 rg -0.56
18 models [4] recycles 1 hard 0 soft 0.32 temp 1 loss 7.38 helix 1.00 pae 0.60 i_pae 0.61 con 3.69 i_con 3.80 plddt 0.41 ptm 0.76 i_ptm 0.27 rg -0.68
19 models [4] recycles 1 hard 0 soft 0.34 temp 1 loss 7.34 helix 1.00 pae 0.59 i_pae 0.63 con 3.50 i_con 3.97 plddt 0.43 ptm 0.76 i_ptm 0.25 rg -0.77
20 models [4] recycles 1 hard 0 soft 0.36 temp 1 loss 7.36 helix 0.95 pae 0.59 i_pae 0.61 con 3.60 i_con 3.87 plddt 0.42 ptm 0.76 i_ptm 0.27 rg -0.75
21 models [4] recycles 1 hard 0 soft 0.38 temp 1 loss 6.97 helix 0.95 pae 0.56 i_pae 0.58 con 3.44 i_con 3.67 plddt 0.46 ptm 0.77 i_ptm 0.30 rg -0.74
22 models [4] recycles 1 hard 0 soft 0.40 temp 1 loss 7.32 helix 0.91 pae 0.59 i_pae 0.61 con 3.50 i_con 3.87 plddt 0.43 ptm 0.75 i_ptm 0.27 rg -0.56
23 models [3] recycles 1 hard 0 soft 0.41 temp 1 loss 7.49 helix 0.96 pae 0.59 i_pae 0.60 con 3.67 i_con 3.82 plddt 0.42 ptm 0.76 i_ptm 0.29 rg -0.30
24 models [1] recycles 1 hard 0 soft 0.43 temp 1 loss 7.14 helix 0.89 pae 0.54 i_pae 0.55 con 3.60 i_con 3.55 plddt 0.48 ptm 0.78 i_ptm 0.34 rg -0.32
25 models [4] recycles 1 hard 0 soft 0.45 temp 1 loss 6.69 helix 0.91 pae 0.50 i_pae 0.50 con 3.49 i_con 3.28 plddt 0.49 ptm 0.79 i_ptm 0.39 rg -0.46
26 models [1] recycles 1 hard 0 soft 0.47 temp 1 loss 7.35 helix 0.96 pae 0.57 i_pae 0.59 con 3.55 i_con 3.88 plddt 0.45 ptm 0.77 i_ptm 0.29 rg -0.58
27 models [4] recycles 1 hard 0 soft 0.49 temp 1 loss 6.93 helix 0.91 pae 0.51 i_pae 0.51 con 3.57 i_con 3.43 plddt 0.46 ptm 0.78 i_ptm 0.38 rg -0.46
28 models [4] recycles 1 hard 0 soft 0.50 temp 1 loss 6.77 helix 0.91 pae 0.50 i_pae 0.50 con 3.52 i_con 3.30 plddt 0.48 ptm 0.79 i_ptm 0.39 rg -0.40
29 models [1] recycles 1 hard 0 soft 0.52 temp 1 loss 7.36 helix 0.85 pae 0.55 i_pae 0.56 con 3.56 i_con 3.73 plddt 0.46 ptm 0.77 i_ptm 0.32 rg -0.15
30 models [1] recycles 1 hard 0 soft 0.54 temp 1 loss 6.85 helix 0.95 pae 0.51 i_pae 0.54 con 3.21 i_con 3.70 plddt 0.51 ptm 0.78 i_ptm 0.34 rg -0.38
31 models [2] recycles 1 hard 0 soft 0.56 temp 1 loss 5.94 helix 0.99 pae 0.42 i_pae 0.40 con 3.14 i_con 3.02 plddt 0.57 ptm 0.81 i_ptm 0.49 rg -0.67
32 models [1] recycles 1 hard 0 soft 0.58 temp 1 loss 7.60 helix 0.84 pae 0.57 i_pae 0.60 con 3.50 i_con 4.05 plddt 0.46 ptm 0.76 i_ptm 0.27 rg -0.28
33 models [4] recycles 1 hard 0 soft 0.59 temp 1 loss 6.45 helix 0.91 pae 0.45 i_pae 0.45 con 3.16 i_con 3.27 plddt 0.55 ptm 0.80 i_ptm 0.43 rg -0.01
34 models [2] recycles 1 hard 0 soft 0.61 temp 1 loss 6.47 helix 1.04 pae 0.48 i_pae 0.47 con 3.16 i_con 3.52 plddt 0.55 ptm 0.79 i_ptm 0.40 rg -0.68
35 models [4] recycles 1 hard 0 soft 0.63 temp 1 loss 5.93 helix 1.00 pae 0.43 i_pae 0.42 con 3.01 i_con 3.14 plddt 0.55 ptm 0.81 i_ptm 0.46 rg -0.68
36 models [1] recycles 1 hard 0 soft 0.65 temp 1 loss 6.64 helix 0.93 pae 0.46 i_pae 0.47 con 3.17 i_con 3.54 plddt 0.53 ptm 0.80 i_ptm 0.41 rg -0.33
37 models [4] recycles 1 hard 0 soft 0.67 temp 1 loss 6.12 helix 1.04 pae 0.42 i_pae 0.42 con 2.95 i_con 3.35 plddt 0.57 ptm 0.80 i_ptm 0.44 rg -0.51
38 models [4] recycles 1 hard 0 soft 0.68 temp 1 loss 5.35 helix 1.12 pae 0.34 i_pae 0.32 con 2.78 i_con 2.84 plddt 0.63 ptm 0.84 i_ptm 0.61 rg -0.53
39 models [2] recycles 1 hard 0 soft 0.70 temp 1 loss 6.22 helix 1.01 pae 0.43 i_pae 0.43 con 2.92 i_con 3.39 plddt 0.59 ptm 0.80 i_ptm 0.44 rg -0.27
40 models [0] recycles 1 hard 0 soft 0.72 temp 1 loss 5.46 helix 1.18 pae 0.33 i_pae 0.31 con 2.76 i_con 2.91 plddt 0.65 ptm 0.84 i_ptm 0.59 rg -0.23
41 models [4] recycles 1 hard 0 soft 0.74 temp 1 loss 4.80 helix 1.37 pae 0.30 i_pae 0.28 con 2.53 i_con 2.64 plddt 0.66 ptm 0.85 i_ptm 0.65 rg -0.54
42 models [0] recycles 1 hard 0 soft 0.76 temp 1 loss 5.34 helix 1.21 pae 0.37 i_pae 0.35 con 2.75 i_con 2.83 plddt 0.62 ptm 0.83 i_ptm 0.58 rg -0.39
43 models [2] recycles 1 hard 0 soft 0.77 temp 1 loss 5.40 helix 1.22 pae 0.35 i_pae 0.34 con 2.57 i_con 3.04 plddt 0.68 ptm 0.82 i_ptm 0.53 rg -0.25
44 models [2] recycles 1 hard 0 soft 0.79 temp 1 loss 5.36 helix 1.24 pae 0.35 i_pae 0.33 con 2.67 i_con 2.88 plddt 0.65 ptm 0.84 i_ptm 0.59 rg -0.17
45 models [3] recycles 1 hard 0 soft 0.81 temp 1 loss 6.64 helix 1.05 pae 0.47 i_pae 0.45 con 3.48 i_con 3.28 plddt 0.50 ptm 0.80 i_ptm 0.44 rg -0.38
46 models [3] recycles 1 hard 0 soft 0.83 temp 1 loss 6.07 helix 1.13 pae 0.39 i_pae 0.37 con 3.22 i_con 2.99 plddt 0.58 ptm 0.83 i_ptm 0.54 rg -0.21
47 models [3] recycles 1 hard 0 soft 0.85 temp 1 loss 5.58 helix 1.31 pae 0.37 i_pae 0.35 con 2.78 i_con 3.01 plddt 0.64 ptm 0.83 i_ptm 0.55 rg -0.19
48 models [4] recycles 1 hard 0 soft 0.86 temp 1 loss 5.19 helix 1.29 pae 0.33 i_pae 0.30 con 2.72 i_con 2.60 plddt 0.66 ptm 0.85 i_ptm 0.67 rg 0.13
49 models [3] recycles 1 hard 0 soft 0.88 temp 1 loss 5.26 helix 1.23 pae 0.33 i_pae 0.30 con 2.74 i_con 2.72 plddt 0.66 ptm 0.85 i_ptm 0.64 rg -0.16
50 models [1] recycles 1 hard 0 soft 0.90 temp 1 loss 5.93 helix 1.18 pae 0.42 i_pae 0.43 con 2.70 i_con 3.39 plddt 0.62 ptm 0.80 i_ptm 0.45 rg -0.30
Initial trajectory pLDDT good, continuing: 0.66
Stage 2: Softmax Optimisation
51 models [3] recycles 1 hard 0 soft 1 temp 0.92 loss 5.74 helix 1.21 pae 0.38 i_pae 0.36 con 2.79 i_con 3.07 plddt 0.62 ptm 0.83 i_ptm 0.55 rg -0.03
52 models [3] recycles 1 hard 0 soft 1 temp 0.85 loss 5.90 helix 1.27 pae 0.40 i_pae 0.38 con 2.76 i_con 3.14 plddt 0.63 ptm 0.82 i_ptm 0.51 rg 0.41
53 models [3] recycles 1 hard 0 soft 1 temp 0.78 loss 5.53 helix 1.31 pae 0.39 i_pae 0.38 con 2.67 i_con 3.09 plddt 0.63 ptm 0.82 i_ptm 0.52 rg -0.27
54 models [0] recycles 1 hard 0 soft 1 temp 0.71 loss 7.52 helix 1.01 pae 0.62 i_pae 0.70 con 3.18 i_con 4.44 plddt 0.48 ptm 0.74 i_ptm 0.20 rg -0.70
55 models [4] recycles 1 hard 0 soft 1 temp 0.64 loss 5.62 helix 1.18 pae 0.38 i_pae 0.36 con 2.81 i_con 2.97 plddt 0.62 ptm 0.83 i_ptm 0.53 rg -0.18
56 models [2] recycles 1 hard 0 soft 1 temp 0.58 loss 5.47 helix 1.31 pae 0.36 i_pae 0.33 con 2.71 i_con 2.82 plddt 0.65 ptm 0.84 i_ptm 0.58 rg 0.31
57 models [0] recycles 1 hard 0 soft 1 temp 0.52 loss 5.56 helix 1.26 pae 0.37 i_pae 0.37 con 2.62 i_con 3.12 plddt 0.64 ptm 0.82 i_ptm 0.52 rg -0.16
58 models [2] recycles 1 hard 0 soft 1 temp 0.47 loss 5.73 helix 1.27 pae 0.41 i_pae 0.42 con 2.50 i_con 3.42 plddt 0.66 ptm 0.80 i_ptm 0.43 rg -0.27
59 models [3] recycles 1 hard 0 soft 1 temp 0.42 loss 5.13 helix 1.33 pae 0.33 i_pae 0.31 con 2.57 i_con 2.79 plddt 0.68 ptm 0.85 i_ptm 0.62 rg -0.12
60 models [2] recycles 1 hard 0 soft 1 temp 0.37 loss 5.33 helix 1.18 pae 0.33 i_pae 0.32 con 2.58 i_con 2.93 plddt 0.68 ptm 0.83 i_ptm 0.59 rg -0.14
61 models [0] recycles 1 hard 0 soft 1 temp 0.32 loss 5.38 helix 1.24 pae 0.33 i_pae 0.31 con 2.69 i_con 2.86 plddt 0.65 ptm 0.84 i_ptm 0.60 rg -0.06
62 models [3] recycles 1 hard 0 soft 1 temp 0.28 loss 5.13 helix 1.31 pae 0.31 i_pae 0.29 con 2.61 i_con 2.74 plddt 0.67 ptm 0.85 i_ptm 0.64 rg -0.11
63 models [0] recycles 1 hard 0 soft 1 temp 0.24 loss 4.86 helix 1.31 pae 0.27 i_pae 0.25 con 2.47 i_con 2.65 plddt 0.71 ptm 0.86 i_ptm 0.67 rg -0.13
64 models [3] recycles 1 hard 0 soft 1 temp 0.20 loss 5.47 helix 1.23 pae 0.35 i_pae 0.34 con 2.49 i_con 3.14 plddt 0.69 ptm 0.83 i_ptm 0.53 rg -0.08
65 models [0] recycles 1 hard 0 soft 1 temp 0.17 loss 4.94 helix 1.36 pae 0.32 i_pae 0.30 con 2.50 i_con 2.72 plddt 0.66 ptm 0.85 i_ptm 0.64 rg -0.27
66 models [0] recycles 1 hard 0 soft 1 temp 0.14 loss 5.14 helix 1.30 pae 0.31 i_pae 0.29 con 2.56 i_con 2.74 plddt 0.67 ptm 0.85 i_ptm 0.62 rg 0.09
67 models [0] recycles 1 hard 0 soft 1 temp 0.11 loss 5.29 helix 1.28 pae 0.32 i_pae 0.31 con 2.53 i_con 2.97 plddt 0.67 ptm 0.84 i_ptm 0.59 rg -0.11
68 models [2] recycles 1 hard 0 soft 1 temp 0.09 loss 5.51 helix 1.30 pae 0.40 i_pae 0.40 con 2.56 i_con 3.16 plddt 0.64 ptm 0.81 i_ptm 0.48 rg -0.27
69 models [1] recycles 1 hard 0 soft 1 temp 0.07 loss 5.54 helix 1.27 pae 0.36 i_pae 0.37 con 2.56 i_con 3.16 plddt 0.66 ptm 0.83 i_ptm 0.53 rg -0.15
70 models [0] recycles 1 hard 0 soft 1 temp 0.05 loss 6.12 helix 1.20 pae 0.40 i_pae 0.42 con 2.78 i_con 3.51 plddt 0.62 ptm 0.81 i_ptm 0.46 rg -0.27
71 models [3] recycles 1 hard 0 soft 1 temp 0.04 loss 7.40 helix 1.26 pae 0.62 i_pae 0.72 con 2.73 i_con 4.79 plddt 0.54 ptm 0.74 i_ptm 0.19 rg -0.52
72 models [4] recycles 1 hard 0 soft 1 temp 0.02 loss 5.40 helix 1.32 pae 0.34 i_pae 0.34 con 2.55 i_con 3.06 plddt 0.68 ptm 0.84 i_ptm 0.57 rg -0.13
73 models [1] recycles 1 hard 0 soft 1 temp 0.02 loss 5.16 helix 1.39 pae 0.31 i_pae 0.31 con 2.45 i_con 2.95 plddt 0.70 ptm 0.85 i_ptm 0.61 rg -0.07
74 models [4] recycles 1 hard 0 soft 1 temp 0.01 loss 4.98 helix 1.34 pae 0.28 i_pae 0.28 con 2.43 i_con 2.81 plddt 0.73 ptm 0.86 i_ptm 0.67 rg -0.11
75 models [0] recycles 1 hard 0 soft 1 temp 0.01 loss 5.08 helix 1.43 pae 0.30 i_pae 0.29 con 2.49 i_con 2.85 plddt 0.70 ptm 0.85 i_ptm 0.64 rg -0.09
Softmax trajectory pLDDT good, continuing: 0.71
Stage 3: One-hot Optimisation
76 models [0] recycles 1 hard 1 soft 1 temp 0.01 loss 4.82 helix 1.36 pae 0.27 i_pae 0.26 con 2.36 i_con 2.71 plddt 0.68 ptm 0.86 i_ptm 0.67 rg -0.08
77 models [1] recycles 1 hard 1 soft 1 temp 0.01 loss 6.97 helix 1.29 pae 0.58 i_pae 0.67 con 2.60 i_con 4.48 plddt 0.53 ptm 0.75 i_ptm 0.23 rg -0.36
78 models [3] recycles 1 hard 1 soft 1 temp 0.01 loss 7.15 helix 1.33 pae 0.60 i_pae 0.70 con 2.59 i_con 4.68 plddt 0.52 ptm 0.75 i_ptm 0.20 rg -0.42
One-hot trajectory pLDDT good, continuing: 0.68
Stage 4: PSSM Semigreedy Optimisation
Running semigreedy optimization...
79 models [3] recycles 1 hard 1 soft 0 temp 1 loss 5.30 helix 1.39 pae 0.32 i_pae 0.33 con 2.48 i_con 3.08 plddt 0.66 ptm 0.85 i_ptm 0.60 rg -0.20
80 models [2] recycles 1 hard 1 soft 0 temp 1 loss 6.16 helix 1.34 pae 0.49 i_pae 0.52 con 2.69 i_con 3.64 plddt 0.55 ptm 0.78 i_ptm 0.36 rg -0.32
81 models [4] recycles 1 hard 1 soft 0 temp 1 loss 5.83 helix 1.32 pae 0.39 i_pae 0.41 con 2.67 i_con 3.13 plddt 0.58 ptm 0.82 i_ptm 0.50 rg 0.53
82 models [4] recycles 1 hard 1 soft 0 temp 1 loss 5.72 helix 1.33 pae 0.39 i_pae 0.41 con 2.67 i_con 3.13 plddt 0.59 ptm 0.82 i_ptm 0.50 rg 0.18
83 models [4] recycles 1 hard 1 soft 0 temp 1 loss 6.07 helix 1.25 pae 0.46 i_pae 0.49 con 2.76 i_con 3.39 plddt 0.53 ptm 0.79 i_ptm 0.40 rg -0.09
Trajectory starting confidence low, skipping analysis and MPNN optimisation

Starting trajectory took: 0 hours, 29 minutes, 58 seconds

Starting trajectory: EGFRd3_p2g0_l70_s431444
Stage 1: Test Logits
1 models [1] recycles 1 hard 0 soft 0.02 temp 1 loss 9.71 helix 1.71 pae 0.78 i_pae 0.78 con 4.65 i_con 4.24 plddt 0.28 ptm 0.73 i_ptm 0.16 rg 2.75
2 models [0] recycles 1 hard 0 soft 0.04 temp 1 loss 9.79 helix 1.01 pae 0.74 i_pae 0.76 con 4.40 i_con 4.52 plddt 0.36 ptm 0.72 i_ptm 0.16 rg 2.30
3 models [2] recycles 1 hard 0 soft 0.05 temp 1 loss 9.67 helix 0.95 pae 0.72 i_pae 0.73 con 4.39 i_con 4.30 plddt 0.38 ptm 0.73 i_ptm 0.18 rg 2.67
4 models [1] recycles 1 hard 0 soft 0.07 temp 1 loss 9.34 helix 1.03 pae 0.68 i_pae 0.68 con 4.25 i_con 4.19 plddt 0.40 ptm 0.74 i_ptm 0.22 rg 2.54
5 models [0] recycles 1 hard 0 soft 0.09 temp 1 loss 8.88 helix 1.30 pae 0.71 i_pae 0.70 con 4.30 i_con 4.30 plddt 0.31 ptm 0.74 i_ptm 0.20 rg 0.70
6 models [0] recycles 1 hard 0 soft 0.11 temp 1 loss 8.48 helix 0.90 pae 0.68 i_pae 0.70 con 3.95 i_con 4.40 plddt 0.38 ptm 0.73 i_ptm 0.19 rg -0.17
7 models [3] recycles 1 hard 0 soft 0.13 temp 1 loss 8.53 helix 0.92 pae 0.68 i_pae 0.69 con 3.90 i_con 4.07 plddt 0.40 ptm 0.74 i_ptm 0.21 rg 1.30
8 models [0] recycles 1 hard 0 soft 0.14 temp 1 loss 8.65 helix 0.94 pae 0.71 i_pae 0.73 con 4.12 i_con 4.34 plddt 0.36 ptm 0.73 i_ptm 0.18 rg 0.03
9 models [0] recycles 1 hard 0 soft 0.16 temp 1 loss 8.91 helix 0.78 pae 0.69 i_pae 0.71 con 4.07 i_con 3.87 plddt 0.45 ptm 0.74 i_ptm 0.21 rg 2.53
10 models [3] recycles 1 hard 0 soft 0.18 temp 1 loss 8.76 helix 1.21 pae 0.72 i_pae 0.74 con 4.12 i_con 4.41 plddt 0.34 ptm 0.73 i_ptm 0.18 rg 0.39
11 models [4] recycles 1 hard 0 soft 0.20 temp 1 loss 8.50 helix 1.20 pae 0.71 i_pae 0.72 con 4.07 i_con 4.33 plddt 0.34 ptm 0.73 i_ptm 0.19 rg -0.03
12 models [0] recycles 1 hard 0 soft 0.22 temp 1 loss 8.18 helix 1.11 pae 0.68 i_pae 0.70 con 3.86 i_con 4.27 plddt 0.37 ptm 0.74 i_ptm 0.21 rg -0.16
13 models [3] recycles 1 hard 0 soft 0.23 temp 1 loss 7.93 helix 1.16 pae 0.67 i_pae 0.68 con 3.76 i_con 3.93 plddt 0.41 ptm 0.74 i_ptm 0.22 rg 0.50
14 models [4] recycles 1 hard 0 soft 0.25 temp 1 loss 7.85 helix 1.21 pae 0.67 i_pae 0.70 con 3.73 i_con 4.14 plddt 0.41 ptm 0.73 i_ptm 0.20 rg -0.32
15 models [2] recycles 1 hard 0 soft 0.27 temp 1 loss 7.76 helix 1.20 pae 0.64 i_pae 0.67 con 3.75 i_con 4.07 plddt 0.42 ptm 0.74 i_ptm 0.24 rg -0.40
16 models [3] recycles 1 hard 0 soft 0.29 temp 1 loss 7.79 helix 1.22 pae 0.64 i_pae 0.64 con 3.80 i_con 3.84 plddt 0.41 ptm 0.75 i_ptm 0.26 rg 0.35
17 models [3] recycles 1 hard 0 soft 0.31 temp 1 loss 7.48 helix 1.18 pae 0.61 i_pae 0.64 con 3.55 i_con 3.93 plddt 0.45 ptm 0.75 i_ptm 0.26 rg -0.15
18 models [2] recycles 1 hard 0 soft 0.32 temp 1 loss 7.16 helix 1.32 pae 0.58 i_pae 0.62 con 3.23 i_con 3.90 plddt 0.52 ptm 0.75 i_ptm 0.27 rg 0.15
19 models [3] recycles 1 hard 0 soft 0.34 temp 1 loss 7.04 helix 1.35 pae 0.56 i_pae 0.61 con 2.99 i_con 4.07 plddt 0.54 ptm 0.75 i_ptm 0.28 rg 0.05
20 models [3] recycles 1 hard 0 soft 0.36 temp 1 loss 6.93 helix 1.31 pae 0.52 i_pae 0.56 con 3.07 i_con 3.86 plddt 0.56 ptm 0.77 i_ptm 0.34 rg 0.20
21 models [3] recycles 1 hard 0 soft 0.38 temp 1 loss 6.77 helix 1.31 pae 0.51 i_pae 0.56 con 2.85 i_con 3.95 plddt 0.61 ptm 0.77 i_ptm 0.33 rg 0.11
22 models [1] recycles 1 hard 0 soft 0.40 temp 1 loss 7.16 helix 1.25 pae 0.52 i_pae 0.58 con 2.95 i_con 4.10 plddt 0.57 ptm 0.76 i_ptm 0.32 rg 0.48
23 models [4] recycles 1 hard 0 soft 0.41 temp 1 loss 6.39 helix 1.36 pae 0.46 i_pae 0.52 con 2.52 i_con 3.85 plddt 0.66 ptm 0.77 i_ptm 0.36 rg 0.44
24 models [0] recycles 1 hard 0 soft 0.43 temp 1 loss 6.24 helix 1.38 pae 0.43 i_pae 0.49 con 2.37 i_con 3.83 plddt 0.68 ptm 0.78 i_ptm 0.40 rg 0.58
25 models [4] recycles 1 hard 0 soft 0.45 temp 1 loss 5.86 helix 1.35 pae 0.38 i_pae 0.44 con 2.26 i_con 3.56 plddt 0.73 ptm 0.79 i_ptm 0.44 rg 0.64
26 models [0] recycles 1 hard 0 soft 0.47 temp 1 loss 5.46 helix 1.46 pae 0.30 i_pae 0.34 con 2.15 i_con 3.29 plddt 0.77 ptm 0.83 i_ptm 0.59 rg 0.86
27 models [2] recycles 1 hard 0 soft 0.49 temp 1 loss 5.62 helix 1.48 pae 0.33 i_pae 0.38 con 2.19 i_con 3.41 plddt 0.78 ptm 0.82 i_ptm 0.55 rg 0.81
28 models [0] recycles 1 hard 0 soft 0.50 temp 1 loss 5.46 helix 1.58 pae 0.29 i_pae 0.32 con 2.18 i_con 3.28 plddt 0.77 ptm 0.84 i_ptm 0.61 rg 0.91
29 models [3] recycles 1 hard 0 soft 0.52 temp 1 loss 4.53 helix 1.61 pae 0.20 i_pae 0.21 con 1.86 i_con 2.79 plddt 0.86 ptm 0.89 i_ptm 0.79 rg 0.81
30 models [3] recycles 1 hard 0 soft 0.54 temp 1 loss 4.29 helix 1.67 pae 0.20 i_pae 0.19 con 1.86 i_con 2.52 plddt 0.86 ptm 0.90 i_ptm 0.81 rg 0.98
31 models [4] recycles 1 hard 0 soft 0.56 temp 1 loss 5.68 helix 1.30 pae 0.36 i_pae 0.38 con 2.20 i_con 3.42 plddt 0.73 ptm 0.82 i_ptm 0.54 rg 0.74
32 models [1] recycles 1 hard 0 soft 0.58 temp 1 loss 4.81 helix 1.31 pae 0.24 i_pae 0.22 con 2.15 i_con 2.67 plddt 0.78 ptm 0.89 i_ptm 0.77 rg 0.77
33 models [3] recycles 1 hard 0 soft 0.59 temp 1 loss 4.83 helix 1.36 pae 0.24 i_pae 0.23 con 2.07 i_con 2.73 plddt 0.81 ptm 0.88 i_ptm 0.76 rg 0.99
34 models [0] recycles 1 hard 0 soft 0.61 temp 1 loss 4.75 helix 1.52 pae 0.22 i_pae 0.24 con 1.88 i_con 2.96 plddt 0.83 ptm 0.87 i_ptm 0.74 rg 0.75
35 models [0] recycles 1 hard 0 soft 0.63 temp 1 loss 4.28 helix 1.52 pae 0.20 i_pae 0.20 con 1.82 i_con 2.59 plddt 0.86 ptm 0.89 i_ptm 0.80 rg 0.66
36 models [2] recycles 1 hard 0 soft 0.65 temp 1 loss 5.61 helix 1.32 pae 0.35 i_pae 0.38 con 2.20 i_con 3.36 plddt 0.74 ptm 0.82 i_ptm 0.55 rg 0.73
37 models [2] recycles 1 hard 0 soft 0.67 temp 1 loss 4.51 helix 1.65 pae 0.21 i_pae 0.21 con 1.93 i_con 2.70 plddt 0.85 ptm 0.89 i_ptm 0.80 rg 0.84
38 models [1] recycles 1 hard 0 soft 0.68 temp 1 loss 4.33 helix 1.62 pae 0.20 i_pae 0.21 con 1.85 i_con 2.66 plddt 0.85 ptm 0.89 i_ptm 0.79 rg 0.63
39 models [4] recycles 1 hard 0 soft 0.70 temp 1 loss 4.61 helix 1.59 pae 0.21 i_pae 0.22 con 1.86 i_con 2.86 plddt 0.85 ptm 0.88 i_ptm 0.77 rg 0.79
40 models [4] recycles 1 hard 0 soft 0.72 temp 1 loss 6.09 helix 1.40 pae 0.35 i_pae 0.36 con 2.40 i_con 3.40 plddt 0.72 ptm 0.83 i_ptm 0.58 rg 1.62
41 models [4] recycles 1 hard 0 soft 0.74 temp 1 loss 6.08 helix 1.40 pae 0.33 i_pae 0.33 con 2.51 i_con 3.30 plddt 0.70 ptm 0.84 i_ptm 0.64 rg 1.60
42 models [2] recycles 1 hard 0 soft 0.76 temp 1 loss 5.85 helix 1.41 pae 0.33 i_pae 0.34 con 2.38 i_con 3.40 plddt 0.71 ptm 0.84 i_ptm 0.63 rg 0.92
43 models [2] recycles 1 hard 0 soft 0.77 temp 1 loss 5.89 helix 1.35 pae 0.35 i_pae 0.36 con 2.38 i_con 3.44 plddt 0.70 ptm 0.82 i_ptm 0.58 rg 0.84
