Available GPUs:
Tesla T41: gpu
┌───────────────────────────────────────────────────────────────────────────────┐
│                                  PyRosetta-4                                  │
│               Created in JHU by Sergey Lyskov and PyRosetta Team              │
│               (C) Copyright Rosetta Commons Member Institutions               │
│                                                                               │
│ NOTE: USE OF PyRosetta FOR COMMERCIAL PURPOSES REQUIRES PURCHASE OF A LICENSE │
│          See LICENSE.PyRosetta.md or email license@uw.edu for details         │
└───────────────────────────────────────────────────────────────────────────────┘
PyRosetta-4 2026 [Rosetta PyRosetta4.Release.python310.ubuntu.cxx11thread.serialization 2026.29+releasequarterly.80a0635615099e1b918474a63acba7b1de6fd107 2026-07-14T16:24:11] retrieved from: http://www.pyrosetta.org
Running binder design for target patch2_gpu1
Design settings used: reduced_budget
Filtering designs based on default_filters
Starting trajectory: EGFRd3_p2g1_l65_s497512
Stage 1: Test Logits
1 models [4] recycles 1 hard 0 soft 0.02 temp 1 loss 9.42 helix 1.42 pae 0.75 i_pae 0.72 con 4.65 i_con 4.00 plddt 0.28 ptm 0.75 i_ptm 0.18 rg 2.41
2 models [3] recycles 1 hard 0 soft 0.04 temp 1 loss 8.70 helix 1.12 pae 0.70 i_pae 0.70 con 4.37 i_con 4.12 plddt 0.33 ptm 0.75 i_ptm 0.21 rg 0.29
3 models [3] recycles 1 hard 0 soft 0.05 temp 1 loss 9.45 helix 1.06 pae 0.67 i_pae 0.66 con 4.30 i_con 3.77 plddt 0.39 ptm 0.75 i_ptm 0.24 rg 4.22
4 models [0] recycles 1 hard 0 soft 0.07 temp 1 loss 8.80 helix 0.85 pae 0.68 i_pae 0.71 con 3.97 i_con 4.25 plddt 0.38 ptm 0.74 i_ptm 0.19 rg 1.29
5 models [0] recycles 1 hard 0 soft 0.09 temp 1 loss 8.47 helix 0.86 pae 0.65 i_pae 0.68 con 3.86 i_con 4.12 plddt 0.44 ptm 0.74 i_ptm 0.21 rg 1.05
6 models [1] recycles 1 hard 0 soft 0.11 temp 1 loss 8.54 helix 0.81 pae 0.61 i_pae 0.63 con 3.73 i_con 3.92 plddt 0.45 ptm 0.76 i_ptm 0.25 rg 2.47
7 models [0] recycles 1 hard 0 soft 0.13 temp 1 loss 8.01 helix 0.81 pae 0.59 i_pae 0.65 con 2.91 i_con 3.96 plddt 0.54 ptm 0.75 i_ptm 0.25 rg 3.33
8 models [1] recycles 1 hard 0 soft 0.14 temp 1 loss 8.47 helix 0.92 pae 0.65 i_pae 0.69 con 3.68 i_con 4.14 plddt 0.43 ptm 0.75 i_ptm 0.20 rg 1.69
9 models [1] recycles 1 hard 0 soft 0.16 temp 1 loss 8.27 helix 0.92 pae 0.62 i_pae 0.66 con 3.64 i_con 3.99 plddt 0.46 ptm 0.75 i_ptm 0.22 rg 1.69
10 models [1] recycles 1 hard 0 soft 0.18 temp 1 loss 8.01 helix 0.97 pae 0.61 i_pae 0.64 con 3.51 i_con 3.96 plddt 0.48 ptm 0.75 i_ptm 0.24 rg 1.46
11 models [1] recycles 1 hard 0 soft 0.20 temp 1 loss 7.30 helix 0.90 pae 0.59 i_pae 0.64 con 3.02 i_con 3.92 plddt 0.52 ptm 0.75 i_ptm 0.23 rg 0.78
12 models [4] recycles 1 hard 0 soft 0.22 temp 1 loss 7.81 helix 0.86 pae 0.60 i_pae 0.67 con 3.02 i_con 4.12 plddt 0.53 ptm 0.74 i_ptm 0.21 rg 1.78
13 models [3] recycles 1 hard 0 soft 0.23 temp 1 loss 7.25 helix 0.89 pae 0.60 i_pae 0.66 con 2.77 i_con 4.04 plddt 0.53 ptm 0.75 i_ptm 0.22 rg 1.04
14 models [2] recycles 1 hard 0 soft 0.25 temp 1 loss 7.21 helix 0.93 pae 0.60 i_pae 0.67 con 2.69 i_con 3.95 plddt 0.58 ptm 0.75 i_ptm 0.22 rg 1.52
15 models [0] recycles 1 hard 0 soft 0.27 temp 1 loss 7.27 helix 0.83 pae 0.60 i_pae 0.69 con 2.36 i_con 4.16 plddt 0.60 ptm 0.74 i_ptm 0.19 rg 2.02
16 models [4] recycles 1 hard 0 soft 0.29 temp 1 loss 7.07 helix 0.84 pae 0.58 i_pae 0.67 con 2.36 i_con 3.97 plddt 0.62 ptm 0.74 i_ptm 0.22 rg 2.00
17 models [3] recycles 1 hard 0 soft 0.31 temp 1 loss 7.06 helix 0.89 pae 0.57 i_pae 0.61 con 2.70 i_con 3.74 plddt 0.57 ptm 0.76 i_ptm 0.25 rg 1.71
18 models [2] recycles 1 hard 0 soft 0.32 temp 1 loss 6.71 helix 1.01 pae 0.55 i_pae 0.63 con 2.27 i_con 3.81 plddt 0.68 ptm 0.75 i_ptm 0.25 rg 1.97
19 models [3] recycles 1 hard 0 soft 0.34 temp 1 loss 6.02 helix 0.98 pae 0.36 i_pae 0.35 con 2.36 i_con 2.84 plddt 0.72 ptm 0.83 i_ptm 0.56 rg 2.95
20 models [4] recycles 1 hard 0 soft 0.36 temp 1 loss 6.29 helix 1.09 pae 0.41 i_pae 0.45 con 2.21 i_con 3.26 plddt 0.74 ptm 0.80 i_ptm 0.44 rg 2.95
21 models [0] recycles 1 hard 0 soft 0.38 temp 1 loss 7.49 helix 1.26 pae 0.59 i_pae 0.70 con 2.36 i_con 4.39 plddt 0.63 ptm 0.74 i_ptm 0.19 rg 2.45
22 models [3] recycles 1 hard 0 soft 0.40 temp 1 loss 4.98 helix 1.22 pae 0.26 i_pae 0.25 con 1.99 i_con 2.37 plddt 0.83 ptm 0.86 i_ptm 0.69 rg 2.75
23 models [4] recycles 1 hard 0 soft 0.41 temp 1 loss 4.85 helix 1.33 pae 0.23 i_pae 0.23 con 1.92 i_con 2.44 plddt 0.85 ptm 0.87 i_ptm 0.74 rg 2.52
24 models [1] recycles 1 hard 0 soft 0.43 temp 1 loss 4.99 helix 1.16 pae 0.25 i_pae 0.25 con 1.96 i_con 2.46 plddt 0.82 ptm 0.87 i_ptm 0.72 rg 2.52
25 models [3] recycles 1 hard 0 soft 0.45 temp 1 loss 6.67 helix 1.03 pae 0.55 i_pae 0.63 con 2.17 i_con 3.96 plddt 0.65 ptm 0.75 i_ptm 0.24 rg 1.64
26 models [2] recycles 1 hard 0 soft 0.47 temp 1 loss 5.68 helix 1.35 pae 0.42 i_pae 0.48 con 1.92 i_con 3.23 plddt 0.78 ptm 0.79 i_ptm 0.42 rg 2.23
27 models [4] recycles 1 hard 0 soft 0.49 temp 1 loss 4.30 helix 1.42 pae 0.19 i_pae 0.18 con 1.77 i_con 2.05 plddt 0.90 ptm 0.90 i_ptm 0.82 rg 2.65
28 models [2] recycles 1 hard 0 soft 0.50 temp 1 loss 5.08 helix 1.34 pae 0.29 i_pae 0.30 con 1.94 i_con 2.60 plddt 0.82 ptm 0.84 i_ptm 0.64 rg 2.51
29 models [0] recycles 1 hard 0 soft 0.52 temp 1 loss 4.36 helix 1.33 pae 0.19 i_pae 0.19 con 1.86 i_con 1.99 plddt 0.87 ptm 0.90 i_ptm 0.82 rg 2.61
30 models [4] recycles 1 hard 0 soft 0.54 temp 1 loss 4.11 helix 1.45 pae 0.17 i_pae 0.16 con 1.77 i_con 1.86 plddt 0.90 ptm 0.91 i_ptm 0.85 rg 2.69
31 models [1] recycles 1 hard 0 soft 0.56 temp 1 loss 4.06 helix 1.44 pae 0.18 i_pae 0.17 con 1.82 i_con 1.79 plddt 0.89 ptm 0.91 i_ptm 0.85 rg 2.59
32 models [3] recycles 1 hard 0 soft 0.58 temp 1 loss 4.12 helix 1.41 pae 0.18 i_pae 0.17 con 1.85 i_con 1.79 plddt 0.89 ptm 0.91 i_ptm 0.85 rg 2.65
33 models [2] recycles 1 hard 0 soft 0.59 temp 1 loss 3.88 helix 1.71 pae 0.18 i_pae 0.17 con 1.72 i_con 1.82 plddt 0.90 ptm 0.91 i_ptm 0.86 rg 2.50
34 models [2] recycles 1 hard 0 soft 0.61 temp 1 loss 3.93 helix 1.53 pae 0.18 i_pae 0.17 con 1.72 i_con 1.79 plddt 0.90 ptm 0.91 i_ptm 0.86 rg 2.56
35 models [2] recycles 1 hard 0 soft 0.63 temp 1 loss 3.78 helix 1.53 pae 0.17 i_pae 0.16 con 1.70 i_con 1.71 plddt 0.91 ptm 0.91 i_ptm 0.86 rg 2.41
36 models [1] recycles 1 hard 0 soft 0.65 temp 1 loss 4.06 helix 1.38 pae 0.17 i_pae 0.16 con 1.78 i_con 1.83 plddt 0.89 ptm 0.91 i_ptm 0.87 rg 2.54
37 models [1] recycles 1 hard 0 soft 0.67 temp 1 loss 3.73 helix 1.54 pae 0.17 i_pae 0.15 con 1.70 i_con 1.66 plddt 0.90 ptm 0.92 i_ptm 0.87 rg 2.48
38 models [3] recycles 1 hard 0 soft 0.68 temp 1 loss 3.81 helix 1.60 pae 0.16 i_pae 0.15 con 1.71 i_con 1.74 plddt 0.90 ptm 0.91 i_ptm 0.87 rg 2.50
39 models [1] recycles 1 hard 0 soft 0.70 temp 1 loss 3.75 helix 1.53 pae 0.16 i_pae 0.15 con 1.70 i_con 1.73 plddt 0.90 ptm 0.91 i_ptm 0.87 rg 2.29
40 models [3] recycles 1 hard 0 soft 0.72 temp 1 loss 3.79 helix 1.55 pae 0.17 i_pae 0.16 con 1.71 i_con 1.67 plddt 0.90 ptm 0.91 i_ptm 0.87 rg 2.56
41 models [1] recycles 1 hard 0 soft 0.74 temp 1 loss 3.67 helix 1.55 pae 0.16 i_pae 0.15 con 1.68 i_con 1.64 plddt 0.91 ptm 0.92 i_ptm 0.88 rg 2.39
42 models [0] recycles 1 hard 0 soft 0.76 temp 1 loss 4.16 helix 1.40 pae 0.18 i_pae 0.16 con 1.92 i_con 1.76 plddt 0.88 ptm 0.91 i_ptm 0.85 rg 2.62
43 models [1] recycles 1 hard 0 soft 0.77 temp 1 loss 3.78 helix 1.49 pae 0.17 i_pae 0.16 con 1.72 i_con 1.70 plddt 0.90 ptm 0.91 i_ptm 0.86 rg 2.36
44 models [2] recycles 1 hard 0 soft 0.79 temp 1 loss 3.76 helix 1.59 pae 0.17 i_pae 0.16 con 1.70 i_con 1.70 plddt 0.90 ptm 0.91 i_ptm 0.87 rg 2.44
45 models [2] recycles 1 hard 0 soft 0.81 temp 1 loss 3.88 helix 1.55 pae 0.18 i_pae 0.16 con 1.75 i_con 1.78 plddt 0.90 ptm 0.91 i_ptm 0.86 rg 2.36
46 models [1] recycles 1 hard 0 soft 0.83 temp 1 loss 4.67 helix 1.37 pae 0.20 i_pae 0.20 con 2.01 i_con 2.29 plddt 0.85 ptm 0.90 i_ptm 0.80 rg 2.19
47 models [4] recycles 1 hard 0 soft 0.85 temp 1 loss 3.80 helix 1.59 pae 0.17 i_pae 0.15 con 1.70 i_con 1.72 plddt 0.91 ptm 0.91 i_ptm 0.86 rg 2.54
48 models [0] recycles 1 hard 0 soft 0.86 temp 1 loss 3.76 helix 1.56 pae 0.16 i_pae 0.15 con 1.70 i_con 1.68 plddt 0.90 ptm 0.91 i_ptm 0.87 rg 2.52
49 models [3] recycles 1 hard 0 soft 0.88 temp 1 loss 3.63 helix 1.58 pae 0.16 i_pae 0.15 con 1.64 i_con 1.66 plddt 0.92 ptm 0.92 i_ptm 0.88 rg 2.36
50 models [4] recycles 1 hard 0 soft 0.90 temp 1 loss 3.91 helix 1.57 pae 0.17 i_pae 0.16 con 1.70 i_con 1.87 plddt 0.90 ptm 0.91 i_ptm 0.85 rg 2.36
Initial trajectory pLDDT good, continuing: 0.92
Stage 2: Softmax Optimisation
51 models [3] recycles 1 hard 0 soft 1 temp 0.92 loss 6.97 helix 1.04 pae 0.55 i_pae 0.60 con 2.73 i_con 3.85 plddt 0.57 ptm 0.76 i_ptm 0.27 rg 1.15
52 models [4] recycles 1 hard 0 soft 1 temp 0.85 loss 4.17 helix 1.57 pae 0.18 i_pae 0.17 con 1.83 i_con 1.98 plddt 0.89 ptm 0.90 i_ptm 0.84 rg 2.40
53 models [4] recycles 1 hard 0 soft 1 temp 0.78 loss 3.97 helix 1.52 pae 0.17 i_pae 0.16 con 1.74 i_con 1.86 plddt 0.90 ptm 0.91 i_ptm 0.85 rg 2.41
54 models [1] recycles 1 hard 0 soft 1 temp 0.71 loss 4.25 helix 1.42 pae 0.19 i_pae 0.18 con 1.90 i_con 1.99 plddt 0.87 ptm 0.91 i_ptm 0.84 rg 2.28
55 models [0] recycles 1 hard 0 soft 1 temp 0.64 loss 6.11 helix 1.16 pae 0.31 i_pae 0.32 con 2.78 i_con 2.63 plddt 0.71 ptm 0.85 i_ptm 0.66 rg 2.80
56 models [2] recycles 1 hard 0 soft 1 temp 0.58 loss 6.47 helix 1.08 pae 0.38 i_pae 0.38 con 3.14 i_con 2.73 plddt 0.65 ptm 0.82 i_ptm 0.58 rg 2.26
57 models [1] recycles 1 hard 0 soft 1 temp 0.52 loss 5.61 helix 1.10 pae 0.30 i_pae 0.30 con 2.49 i_con 2.48 plddt 0.74 ptm 0.86 i_ptm 0.66 rg 2.63
58 models [4] recycles 1 hard 0 soft 1 temp 0.47 loss 3.75 helix 1.61 pae 0.17 i_pae 0.15 con 1.65 i_con 1.77 plddt 0.91 ptm 0.91 i_ptm 0.87 rg 2.39
59 models [2] recycles 1 hard 0 soft 1 temp 0.42 loss 3.83 helix 1.52 pae 0.18 i_pae 0.16 con 1.73 i_con 1.76 plddt 0.91 ptm 0.91 i_ptm 0.86 rg 2.29
60 models [4] recycles 1 hard 0 soft 1 temp 0.37 loss 3.82 helix 1.60 pae 0.16 i_pae 0.15 con 1.69 i_con 1.84 plddt 0.91 ptm 0.91 i_ptm 0.86 rg 2.24
61 models [0] recycles 1 hard 0 soft 1 temp 0.32 loss 3.60 helix 1.55 pae 0.17 i_pae 0.15 con 1.67 i_con 1.61 plddt 0.91 ptm 0.91 i_ptm 0.87 rg 2.27
62 models [2] recycles 1 hard 0 soft 1 temp 0.28 loss 7.15 helix 1.14 pae 0.49 i_pae 0.53 con 3.18 i_con 3.53 plddt 0.59 ptm 0.78 i_ptm 0.37 rg 1.57
63 models [4] recycles 1 hard 0 soft 1 temp 0.24 loss 3.66 helix 1.60 pae 0.16 i_pae 0.15 con 1.64 i_con 1.73 plddt 0.92 ptm 0.91 i_ptm 0.88 rg 2.25
64 models [0] recycles 1 hard 0 soft 1 temp 0.20 loss 3.65 helix 1.46 pae 0.17 i_pae 0.15 con 1.65 i_con 1.66 plddt 0.91 ptm 0.91 i_ptm 0.87 rg 2.28
65 models [1] recycles 1 hard 0 soft 1 temp 0.17 loss 5.30 helix 1.15 pae 0.27 i_pae 0.26 con 2.37 i_con 2.23 plddt 0.77 ptm 0.88 i_ptm 0.75 rg 2.94
66 models [4] recycles 1 hard 0 soft 1 temp 0.14 loss 3.57 helix 1.66 pae 0.15 i_pae 0.14 con 1.60 i_con 1.71 plddt 0.92 ptm 0.92 i_ptm 0.89 rg 2.23
67 models [2] recycles 1 hard 0 soft 1 temp 0.11 loss 3.78 helix 1.58 pae 0.16 i_pae 0.15 con 1.67 i_con 1.82 plddt 0.92 ptm 0.91 i_ptm 0.87 rg 2.23
68 models [4] recycles 1 hard 0 soft 1 temp 0.09 loss 3.63 helix 1.61 pae 0.15 i_pae 0.14 con 1.61 i_con 1.74 plddt 0.92 ptm 0.91 i_ptm 0.88 rg 2.23
69 models [4] recycles 1 hard 0 soft 1 temp 0.07 loss 3.53 helix 1.64 pae 0.15 i_pae 0.14 con 1.59 i_con 1.69 plddt 0.92 ptm 0.92 i_ptm 0.89 rg 2.19
70 models [2] recycles 1 hard 0 soft 1 temp 0.05 loss 3.76 helix 1.49 pae 0.17 i_pae 0.16 con 1.69 i_con 1.75 plddt 0.91 ptm 0.91 i_ptm 0.86 rg 2.24
71 models [3] recycles 1 hard 0 soft 1 temp 0.04 loss 3.52 helix 1.49 pae 0.15 i_pae 0.14 con 1.58 i_con 1.63 plddt 0.92 ptm 0.92 i_ptm 0.89 rg 2.22
72 models [3] recycles 1 hard 0 soft 1 temp 0.02 loss 3.51 helix 1.54 pae 0.15 i_pae 0.14 con 1.58 i_con 1.63 plddt 0.92 ptm 0.92 i_ptm 0.88 rg 2.24
73 models [4] recycles 1 hard 0 soft 1 temp 0.02 loss 3.61 helix 1.62 pae 0.15 i_pae 0.14 con 1.57 i_con 1.76 plddt 0.93 ptm 0.92 i_ptm 0.88 rg 2.27
74 models [3] recycles 1 hard 0 soft 1 temp 0.01 loss 3.50 helix 1.58 pae 0.15 i_pae 0.14 con 1.63 i_con 1.61 plddt 0.92 ptm 0.92 i_ptm 0.89 rg 2.16
75 models [4] recycles 1 hard 0 soft 1 temp 0.01 loss 3.90 helix 1.58 pae 0.16 i_pae 0.16 con 1.66 i_con 1.95 plddt 0.91 ptm 0.90 i_ptm 0.85 rg 2.24
Softmax trajectory pLDDT good, continuing: 0.92
Stage 3: One-hot Optimisation
76 models [4] recycles 1 hard 1 soft 1 temp 0.01 loss 3.52 helix 1.59 pae 0.15 i_pae 0.14 con 1.57 i_con 1.66 plddt 0.91 ptm 0.92 i_ptm 0.89 rg 2.26
77 models [2] recycles 1 hard 1 soft 1 temp 0.01 loss 3.60 helix 1.59 pae 0.16 i_pae 0.15 con 1.66 i_con 1.66 plddt 0.91 ptm 0.92 i_ptm 0.88 rg 2.20
78 models [2] recycles 1 hard 1 soft 1 temp 0.01 loss 5.45 helix 1.21 pae 0.28 i_pae 0.27 con 2.57 i_con 2.33 plddt 0.74 ptm 0.87 i_ptm 0.72 rg 2.47
One-hot trajectory pLDDT good, continuing: 0.91
Stage 4: PSSM Semigreedy Optimisation
Running semigreedy optimization...
79 models [2] recycles 1 hard 1 soft 0 temp 1 loss 3.88 helix 1.54 pae 0.16 i_pae 0.15 con 1.75 i_con 1.84 plddt 0.90 ptm 0.91 i_ptm 0.86 rg 2.22
80 models [1] recycles 1 hard 1 soft 0 temp 1 loss 3.89 helix 1.59 pae 0.16 i_pae 0.15 con 1.78 i_con 1.69 plddt 0.89 ptm 0.92 i_ptm 0.87 rg 2.66
81 models [0] recycles 1 hard 1 soft 0 temp 1 loss 8.18 helix 1.43 pae 0.60 i_pae 0.62 con 3.59 i_con 3.75 plddt 0.44 ptm 0.76 i_ptm 0.27 rg 2.89
82 models [4] recycles 1 hard 1 soft 0 temp 1 loss 7.24 helix 1.20 pae 0.59 i_pae 0.66 con 2.73 i_con 4.08 plddt 0.53 ptm 0.75 i_ptm 0.21 rg 1.36
83 models [4] recycles 1 hard 1 soft 0 temp 1 loss 6.80 helix 1.19 pae 0.54 i_pae 0.59 con 2.42 i_con 3.87 plddt 0.59 ptm 0.76 i_ptm 0.26 rg 1.75
Trajectory successful, final pLDDT: 0.91
Starting trajectory took: 0 hours, 28 minutes, 38 seconds

Fixing interface residues: B18,B19,B22,B23,B25,B26,B27,B28,B39,B40,B43,B44,B46,B47,B48,B50,B51,B54,B55,B58
Unmet filter conditions for EGFRd3_p2g1_l65_s497512_mpnn1
Unmet filter conditions for EGFRd3_p2g1_l65_s497512_mpnn2
Unmet filter conditions for EGFRd3_p2g1_l65_s497512_mpnn3
Unmet filter conditions for EGFRd3_p2g1_l65_s497512_mpnn4
Unmet filter conditions for EGFRd3_p2g1_l65_s497512_mpnn5
Unmet filter conditions for EGFRd3_p2g1_l65_s497512_mpnn6
Unmet filter conditions for EGFRd3_p2g1_l65_s497512_mpnn7
Unmet filter conditions for EGFRd3_p2g1_l65_s497512_mpnn8
No accepted MPNN designs found for this trajectory.

Design and validation of trajectory EGFRd3_p2g1_l65_s497512 took: 0 hours, 24 minutes, 0 seconds
Starting trajectory: EGFRd3_p2g1_l65_s918149
Stage 1: Test Logits
1 models [2] recycles 1 hard 0 soft 0.02 temp 1 loss 11.63 helix 1.52 pae 0.78 i_pae 0.77 con 4.65 i_con 4.21 plddt 0.27 ptm 0.74 i_ptm 0.16 rg 9.06
2 models [0] recycles 1 hard 0 soft 0.04 temp 1 loss 10.95 helix 1.20 pae 0.77 i_pae 0.79 con 4.51 i_con 4.39 plddt 0.36 ptm 0.73 i_ptm 0.15 rg 6.37
3 models [2] recycles 1 hard 0 soft 0.05 temp 1 loss 11.14 helix 0.94 pae 0.74 i_pae 0.74 con 4.58 i_con 4.07 plddt 0.40 ptm 0.74 i_ptm 0.18 rg 7.67
4 models [1] recycles 1 hard 0 soft 0.07 temp 1 loss 9.26 helix 0.79 pae 0.65 i_pae 0.66 con 4.33 i_con 4.10 plddt 0.43 ptm 0.75 i_ptm 0.25 rg 2.14
5 models [1] recycles 1 hard 0 soft 0.09 temp 1 loss 9.21 helix 0.78 pae 0.67 i_pae 0.68 con 4.37 i_con 4.16 plddt 0.43 ptm 0.75 i_ptm 0.23 rg 1.60
6 models [4] recycles 1 hard 0 soft 0.11 temp 1 loss 9.22 helix 1.04 pae 0.72 i_pae 0.71 con 4.50 i_con 4.03 plddt 0.36 ptm 0.74 i_ptm 0.19 rg 1.80
7 models [1] recycles 1 hard 0 soft 0.13 temp 1 loss 8.43 helix 1.29 pae 0.68 i_pae 0.66 con 4.12 i_con 4.05 plddt 0.32 ptm 0.76 i_ptm 0.23 rg 0.65
8 models [1] recycles 1 hard 0 soft 0.14 temp 1 loss 8.79 helix 1.29 pae 0.71 i_pae 0.69 con 4.36 i_con 4.13 plddt 0.33 ptm 0.75 i_ptm 0.20 rg 0.78
9 models [0] recycles 1 hard 0 soft 0.16 temp 1 loss 8.43 helix 0.87 pae 0.66 i_pae 0.67 con 4.20 i_con 4.26 plddt 0.34 ptm 0.75 i_ptm 0.22 rg -0.67
10 models [4] recycles 1 hard 0 soft 0.18 temp 1 loss 8.41 helix 1.04 pae 0.67 i_pae 0.66 con 4.10 i_con 4.17 plddt 0.35 ptm 0.75 i_ptm 0.22 rg 0.08
11 models [4] recycles 1 hard 0 soft 0.20 temp 1 loss 8.61 helix 0.88 pae 0.65 i_pae 0.67 con 4.04 i_con 4.33 plddt 0.36 ptm 0.75 i_ptm 0.23 rg 0.24
12 models [0] recycles 1 hard 0 soft 0.22 temp 1 loss 8.22 helix 1.24 pae 0.63 i_pae 0.62 con 4.09 i_con 3.95 plddt 0.34 ptm 0.76 i_ptm 0.28 rg 0.45
13 models [2] recycles 1 hard 0 soft 0.23 temp 1 loss 8.08 helix 1.02 pae 0.65 i_pae 0.66 con 3.97 i_con 4.09 plddt 0.37 ptm 0.75 i_ptm 0.23 rg -0.33
14 models [3] recycles 1 hard 0 soft 0.25 temp 1 loss 7.88 helix 1.04 pae 0.61 i_pae 0.62 con 3.83 i_con 3.98 plddt 0.41 ptm 0.76 i_ptm 0.28 rg -0.03
15 models [4] recycles 1 hard 0 soft 0.27 temp 1 loss 7.75 helix 0.98 pae 0.61 i_pae 0.60 con 3.84 i_con 3.83 plddt 0.41 ptm 0.76 i_ptm 0.28 rg -0.07
16 models [0] recycles 1 hard 0 soft 0.29 temp 1 loss 7.27 helix 0.99 pae 0.57 i_pae 0.61 con 3.34 i_con 3.95 plddt 0.49 ptm 0.76 i_ptm 0.26 rg -0.35
17 models [2] recycles 1 hard 0 soft 0.31 temp 1 loss 7.47 helix 1.06 pae 0.59 i_pae 0.62 con 3.63 i_con 3.72 plddt 0.46 ptm 0.76 i_ptm 0.28 rg 0.16
18 models [0] recycles 1 hard 0 soft 0.32 temp 1 loss 6.33 helix 1.26 pae 0.52 i_pae 0.58 con 2.58 i_con 3.77 plddt 0.61 ptm 0.75 i_ptm 0.26 rg 0.09
19 models [2] recycles 1 hard 0 soft 0.34 temp 1 loss 6.29 helix 1.19 pae 0.51 i_pae 0.56 con 2.62 i_con 3.63 plddt 0.61 ptm 0.76 i_ptm 0.30 rg 0.19
20 models [4] recycles 1 hard 0 soft 0.36 temp 1 loss 6.15 helix 1.25 pae 0.50 i_pae 0.57 con 2.44 i_con 3.68 plddt 0.64 ptm 0.77 i_ptm 0.30 rg 0.26
21 models [2] recycles 1 hard 0 soft 0.38 temp 1 loss 5.87 helix 1.28 pae 0.46 i_pae 0.52 con 2.30 i_con 3.54 plddt 0.70 ptm 0.77 i_ptm 0.33 rg 0.34
22 models [0] recycles 1 hard 0 soft 0.40 temp 1 loss 5.73 helix 1.43 pae 0.44 i_pae 0.49 con 2.14 i_con 3.59 plddt 0.69 ptm 0.77 i_ptm 0.33 rg 0.47
23 models [1] recycles 1 hard 0 soft 0.41 temp 1 loss 5.77 helix 1.30 pae 0.42 i_pae 0.46 con 2.29 i_con 3.47 plddt 0.71 ptm 0.79 i_ptm 0.38 rg 0.41
24 models [2] recycles 1 hard 0 soft 0.43 temp 1 loss 5.81 helix 1.32 pae 0.48 i_pae 0.54 con 2.25 i_con 3.55 plddt 0.72 ptm 0.76 i_ptm 0.30 rg 0.32
25 models [0] recycles 1 hard 0 soft 0.45 temp 1 loss 5.75 helix 1.34 pae 0.42 i_pae 0.48 con 2.29 i_con 3.52 plddt 0.71 ptm 0.78 i_ptm 0.37 rg 0.20
26 models [1] recycles 1 hard 0 soft 0.47 temp 1 loss 5.21 helix 1.41 pae 0.38 i_pae 0.43 con 1.96 i_con 3.32 plddt 0.78 ptm 0.80 i_ptm 0.42 rg 0.37
27 models [0] recycles 1 hard 0 soft 0.49 temp 1 loss 5.07 helix 1.50 pae 0.33 i_pae 0.37 con 2.02 i_con 3.20 plddt 0.79 ptm 0.81 i_ptm 0.50 rg 0.32
28 models [0] recycles 1 hard 0 soft 0.50 temp 1 loss 4.93 helix 1.41 pae 0.28 i_pae 0.30 con 2.06 i_con 3.01 plddt 0.80 ptm 0.84 i_ptm 0.59 rg 0.32
29 models [1] recycles 1 hard 0 soft 0.52 temp 1 loss 4.68 helix 1.57 pae 0.27 i_pae 0.30 con 1.83 i_con 3.02 plddt 0.84 ptm 0.84 i_ptm 0.61 rg 0.45
30 models [3] recycles 1 hard 0 soft 0.54 temp 1 loss 5.64 helix 1.18 pae 0.34 i_pae 0.36 con 2.55 i_con 3.12 plddt 0.72 ptm 0.83 i_ptm 0.55 rg 0.35
31 models [4] recycles 1 hard 0 soft 0.56 temp 1 loss 4.76 helix 1.36 pae 0.25 i_pae 0.25 con 2.23 i_con 2.65 plddt 0.80 ptm 0.86 i_ptm 0.68 rg 0.44
32 models [1] recycles 1 hard 0 soft 0.58 temp 1 loss 4.31 helix 1.49 pae 0.20 i_pae 0.21 con 1.86 i_con 2.63 plddt 0.86 ptm 0.88 i_ptm 0.75 rg 0.47
33 models [4] recycles 1 hard 0 soft 0.59 temp 1 loss 4.34 helix 1.54 pae 0.25 i_pae 0.27 con 1.70 i_con 2.82 plddt 0.85 ptm 0.85 i_ptm 0.63 rg 0.38
34 models [1] recycles 1 hard 0 soft 0.61 temp 1 loss 4.78 helix 1.41 pae 0.26 i_pae 0.28 con 2.07 i_con 2.86 plddt 0.81 ptm 0.85 i_ptm 0.63 rg 0.30
35 models [3] recycles 1 hard 0 soft 0.63 temp 1 loss 3.83 helix 1.68 pae 0.19 i_pae 0.18 con 1.69 i_con 2.38 plddt 0.89 ptm 0.88 i_ptm 0.76 rg 0.50
36 models [3] recycles 1 hard 0 soft 0.65 temp 1 loss 4.17 helix 1.40 pae 0.21 i_pae 0.21 con 1.89 i_con 2.43 plddt 0.86 ptm 0.88 i_ptm 0.74 rg 0.45
37 models [3] recycles 1 hard 0 soft 0.67 temp 1 loss 3.79 helix 1.68 pae 0.20 i_pae 0.20 con 1.63 i_con 2.39 plddt 0.89 ptm 0.87 i_ptm 0.75 rg 0.48
38 models [4] recycles 1 hard 0 soft 0.68 temp 1 loss 4.13 helix 1.52 pae 0.23 i_pae 0.23 con 1.79 i_con 2.53 plddt 0.85 ptm 0.86 i_ptm 0.68 rg 0.38
39 models [3] recycles 1 hard 0 soft 0.70 temp 1 loss 4.04 helix 1.63 pae 0.23 i_pae 0.23 con 1.81 i_con 2.47 plddt 0.86 ptm 0.86 i_ptm 0.70 rg 0.35
40 models [2] recycles 1 hard 0 soft 0.72 temp 1 loss 4.21 helix 1.57 pae 0.26 i_pae 0.26 con 1.91 i_con 2.51 plddt 0.84 ptm 0.85 i_ptm 0.64 rg 0.33
41 models [1] recycles 1 hard 0 soft 0.74 temp 1 loss 6.83 helix 1.24 pae 0.54 i_pae 0.59 con 3.04 i_con 3.79 plddt 0.55 ptm 0.77 i_ptm 0.31 rg 0.06
42 models [1] recycles 1 hard 0 soft 0.76 temp 1 loss 4.81 helix 1.49 pae 0.30 i_pae 0.33 con 2.00 i_con 2.98 plddt 0.79 ptm 0.83 i_ptm 0.58 rg 0.26
43 models [3] recycles 1 hard 0 soft 0.77 temp 1 loss 4.55 helix 1.38 pae 0.26 i_pae 0.26 con 2.11 i_con 2.58 plddt 0.81 ptm 0.85 i_ptm 0.67 rg 0.38
44 models [0] recycles 1 hard 0 soft 0.79 temp 1 loss 4.55 helix 1.41 pae 0.25 i_pae 0.27 con 2.00 i_con 2.71 plddt 0.80 ptm 0.85 i_ptm 0.66 rg 0.35
45 models [3] recycles 1 hard 0 soft 0.81 temp 1 loss 5.94 helix 1.15 pae 0.46 i_pae 0.51 con 2.41 i_con 3.55 plddt 0.66 ptm 0.78 i_ptm 0.35 rg 0.08
46 models [0] recycles 1 hard 0 soft 0.83 temp 1 loss 4.89 helix 1.33 pae 0.28 i_pae 0.29 con 2.19 i_con 2.80 plddt 0.77 ptm 0.84 i_ptm 0.62 rg 0.36
47 models [2] recycles 1 hard 0 soft 0.85 temp 1 loss 4.66 helix 1.43 pae 0.31 i_pae 0.34 con 1.94 i_con 2.86 plddt 0.82 ptm 0.82 i_ptm 0.54 rg 0.33
48 models [1] recycles 1 hard 0 soft 0.86 temp 1 loss 4.44 helix 1.43 pae 0.25 i_pae 0.26 con 1.90 i_con 2.69 plddt 0.83 ptm 0.86 i_ptm 0.70 rg 0.40
49 models [4] recycles 1 hard 0 soft 0.88 temp 1 loss 4.09 helix 1.46 pae 0.22 i_pae 0.22 con 1.80 i_con 2.46 plddt 0.87 ptm 0.87 i_ptm 0.73 rg 0.43
50 models [1] recycles 1 hard 0 soft 0.90 temp 1 loss 4.12 helix 1.45 pae 0.20 i_pae 0.20 con 1.93 i_con 2.37 plddt 0.85 ptm 0.89 i_ptm 0.79 rg 0.42
Initial trajectory pLDDT good, continuing: 0.89
Stage 2: Softmax Optimisation
51 models [4] recycles 1 hard 0 soft 1 temp 0.92 loss 6.92 helix 1.00 pae 0.50 i_pae 0.50 con 3.53 i_con 3.35 plddt 0.51 ptm 0.79 i_ptm 0.40 rg 0.05
52 models [4] recycles 1 hard 0 soft 1 temp 0.85 loss 4.83 helix 1.26 pae 0.25 i_pae 0.26 con 2.34 i_con 2.60 plddt 0.78 ptm 0.87 i_ptm 0.72 rg 0.36
53 models [3] recycles 1 hard 0 soft 1 temp 0.78 loss 4.15 helix 1.52 pae 0.22 i_pae 0.22 con 1.81 i_con 2.52 plddt 0.86 ptm 0.87 i_ptm 0.73 rg 0.48
54 models [2] recycles 1 hard 0 soft 1 temp 0.71 loss 4.00 helix 1.53 pae 0.21 i_pae 0.22 con 1.80 i_con 2.40 plddt 0.87 ptm 0.88 i_ptm 0.77 rg 0.40
55 models [4] recycles 1 hard 0 soft 1 temp 0.64 loss 3.91 helix 1.60 pae 0.21 i_pae 0.21 con 1.74 i_con 2.40 plddt 0.88 ptm 0.88 i_ptm 0.74 rg 0.41
56 models [4] recycles 1 hard 0 soft 1 temp 0.58 loss 3.66 helix 1.72 pae 0.19 i_pae 0.19 con 1.64 i_con 2.30 plddt 0.89 ptm 0.89 i_ptm 0.78 rg 0.41
57 models [1] recycles 1 hard 0 soft 1 temp 0.52 loss 4.29 helix 1.56 pae 0.26 i_pae 0.27 con 1.81 i_con 2.68 plddt 0.84 ptm 0.85 i_ptm 0.64 rg 0.32
58 models [3] recycles 1 hard 0 soft 1 temp 0.47 loss 4.49 helix 1.59 pae 0.29 i_pae 0.31 con 1.80 i_con 2.89 plddt 0.83 ptm 0.83 i_ptm 0.55 rg 0.28
59 models [4] recycles 1 hard 0 soft 1 temp 0.42 loss 3.75 helix 1.82 pae 0.20 i_pae 0.21 con 1.58 i_con 2.48 plddt 0.89 ptm 0.87 i_ptm 0.73 rg 0.33
60 models [0] recycles 1 hard 0 soft 1 temp 0.37 loss 7.53 helix 1.17 pae 0.61 i_pae 0.70 con 2.82 i_con 4.68 plddt 0.56 ptm 0.74 i_ptm 0.20 rg -0.07
61 models [3] recycles 1 hard 0 soft 1 temp 0.32 loss 3.86 helix 1.57 pae 0.20 i_pae 0.20 con 1.77 i_con 2.32 plddt 0.87 ptm 0.88 i_ptm 0.77 rg 0.39
62 models [1] recycles 1 hard 0 soft 1 temp 0.28 loss 4.24 helix 1.54 pae 0.23 i_pae 0.24 con 1.79 i_con 2.65 plddt 0.84 ptm 0.86 i_ptm 0.68 rg 0.34
63 models [2] recycles 1 hard 0 soft 1 temp 0.24 loss 3.77 helix 1.72 pae 0.20 i_pae 0.20 con 1.76 i_con 2.30 plddt 0.88 ptm 0.87 i_ptm 0.75 rg 0.37
64 models [3] recycles 1 hard 0 soft 1 temp 0.20 loss 3.72 helix 1.69 pae 0.19 i_pae 0.19 con 1.71 i_con 2.29 plddt 0.88 ptm 0.88 i_ptm 0.79 rg 0.38
65 models [2] recycles 1 hard 0 soft 1 temp 0.17 loss 3.90 helix 1.71 pae 0.22 i_pae 0.22 con 1.74 i_con 2.42 plddt 0.87 ptm 0.86 i_ptm 0.71 rg 0.37
66 models [1] recycles 1 hard 0 soft 1 temp 0.14 loss 4.16 helix 1.63 pae 0.21 i_pae 0.22 con 1.84 i_con 2.56 plddt 0.85 ptm 0.87 i_ptm 0.73 rg 0.37
67 models [4] recycles 1 hard 0 soft 1 temp 0.11 loss 6.85 helix 1.16 pae 0.54 i_pae 0.60 con 2.90 i_con 3.91 plddt 0.58 ptm 0.77 i_ptm 0.29 rg 0.11
68 models [1] recycles 1 hard 0 soft 1 temp 0.09 loss 6.73 helix 1.40 pae 0.57 i_pae 0.66 con 2.34 i_con 4.42 plddt 0.63 ptm 0.75 i_ptm 0.23 rg 0.09
69 models [3] recycles 1 hard 0 soft 1 temp 0.07 loss 3.67 helix 1.64 pae 0.19 i_pae 0.19 con 1.69 i_con 2.24 plddt 0.89 ptm 0.88 i_ptm 0.79 rg 0.40
70 models [1] recycles 1 hard 0 soft 1 temp 0.05 loss 3.85 helix 1.59 pae 0.20 i_pae 0.20 con 1.73 i_con 2.37 plddt 0.87 ptm 0.88 i_ptm 0.77 rg 0.33
71 models [1] recycles 1 hard 0 soft 1 temp 0.04 loss 6.02 helix 1.28 pae 0.45 i_pae 0.49 con 2.43 i_con 3.60 plddt 0.67 ptm 0.79 i_ptm 0.37 rg 0.25
72 models [4] recycles 1 hard 0 soft 1 temp 0.02 loss 4.01 helix 1.46 pae 0.21 i_pae 0.20 con 1.89 i_con 2.29 plddt 0.85 ptm 0.89 i_ptm 0.78 rg 0.43
73 models [2] recycles 1 hard 0 soft 1 temp 0.02 loss 4.19 helix 1.45 pae 0.23 i_pae 0.23 con 1.95 i_con 2.40 plddt 0.84 ptm 0.87 i_ptm 0.74 rg 0.46
74 models [3] recycles 1 hard 0 soft 1 temp 0.01 loss 3.60 helix 1.75 pae 0.18 i_pae 0.18 con 1.62 i_con 2.28 plddt 0.91 ptm 0.88 i_ptm 0.80 rg 0.39
75 models [1] recycles 1 hard 0 soft 1 temp 0.01 loss 6.86 helix 1.21 pae 0.57 i_pae 0.63 con 2.70 i_con 4.17 plddt 0.58 ptm 0.76 i_ptm 0.25 rg -0.06
Softmax trajectory pLDDT good, continuing: 0.91
Stage 3: One-hot Optimisation
76 models [0] recycles 1 hard 1 soft 1 temp 0.01 loss 7.06 helix 1.31 pae 0.59 i_pae 0.67 con 2.48 i_con 4.57 plddt 0.55 ptm 0.75 i_ptm 0.22 rg 0.03
77 models [2] recycles 1 hard 1 soft 1 temp 0.01 loss 3.57 helix 1.79 pae 0.18 i_pae 0.18 con 1.66 i_con 2.21 plddt 0.88 ptm 0.88 i_ptm 0.78 rg 0.44
78 models [3] recycles 1 hard 1 soft 1 temp 0.01 loss 3.61 helix 1.78 pae 0.18 i_pae 0.18 con 1.55 i_con 2.38 plddt 0.90 ptm 0.88 i_ptm 0.76 rg 0.35
One-hot trajectory pLDDT good, continuing: 0.88
Stage 4: PSSM Semigreedy Optimisation
Running semigreedy optimization...
79 models [0] recycles 1 hard 1 soft 0 temp 1 loss 7.09 helix 1.22 pae 0.58 i_pae 0.65 con 2.67 i_con 4.44 plddt 0.53 ptm 0.75 i_ptm 0.24 rg -0.11
80 models [2] recycles 1 hard 1 soft 0 temp 1 loss 4.65 helix 1.33 pae 0.25 i_pae 0.25 con 2.24 i_con 2.50 plddt 0.79 ptm 0.86 i_ptm 0.69 rg 0.48
81 models [3] recycles 1 hard 1 soft 0 temp 1 loss 4.60 helix 1.45 pae 0.26 i_pae 0.28 con 1.97 i_con 2.78 plddt 0.82 ptm 0.85 i_ptm 0.63 rg 0.40
82 models [2] recycles 1 hard 1 soft 0 temp 1 loss 4.63 helix 1.33 pae 0.26 i_pae 0.26 con 2.19 i_con 2.54 plddt 0.79 ptm 0.86 i_ptm 0.67 rg 0.43
83 models [1] recycles 1 hard 1 soft 0 temp 1 loss 4.57 helix 1.33 pae 0.26 i_pae 0.27 con 1.95 i_con 2.75 plddt 0.78 ptm 0.86 i_ptm 0.64 rg 0.34
Trajectory successful, final pLDDT: 0.88
Starting trajectory took: 0 hours, 28 minutes, 15 seconds

Fixing interface residues: B14,B17,B18,B20,B21,B24,B25,B28,B29,B30,B31,B32,B33,B36,B37,B40,B41,B44,B45,B46,B47
Base AF2 filters not passed for EGFRd3_p2g1_l65_s918149_mpnn1, skipping interface scoring
Base AF2 filters not passed for EGFRd3_p2g1_l65_s918149_mpnn2, skipping interface scoring
Base AF2 filters not passed for EGFRd3_p2g1_l65_s918149_mpnn3, skipping interface scoring
Base AF2 filters not passed for EGFRd3_p2g1_l65_s918149_mpnn4, skipping interface scoring
Base AF2 filters not passed for EGFRd3_p2g1_l65_s918149_mpnn5, skipping interface scoring
Base AF2 filters not passed for EGFRd3_p2g1_l65_s918149_mpnn6, skipping interface scoring
Base AF2 filters not passed for EGFRd3_p2g1_l65_s918149_mpnn7, skipping interface scoring
Base AF2 filters not passed for EGFRd3_p2g1_l65_s918149_mpnn8, skipping interface scoring
No accepted MPNN designs found for this trajectory.

Design and validation of trajectory EGFRd3_p2g1_l65_s918149 took: 0 hours, 3 minutes, 42 seconds
Starting trajectory: EGFRd3_p2g1_l59_s644708
Stage 1: Test Logits
1 models [4] recycles 1 hard 0 soft 0.02 temp 1 loss 10.50 helix 1.72 pae 0.77 i_pae 0.75 con 4.67 i_con 4.27 plddt 0.25 ptm 0.75 i_ptm 0.16 rg 5.26
2 models [2] recycles 1 hard 0 soft 0.04 temp 1 loss 8.84 helix 1.04 pae 0.67 i_pae 0.65 con 4.30 i_con 3.79 plddt 0.37 ptm 0.77 i_ptm 0.24 rg 2.09
3 models [3] recycles 1 hard 0 soft 0.05 temp 1 loss 8.26 helix 0.80 pae 0.61 i_pae 0.62 con 3.88 i_con 4.14 plddt 0.41 ptm 0.76 i_ptm 0.25 rg 0.28
4 models [3] recycles 1 hard 0 soft 0.07 temp 1 loss 7.63 helix 0.83 pae 0.58 i_pae 0.61 con 3.56 i_con 4.03 plddt 0.46 ptm 0.77 i_ptm 0.26 rg -0.32
5 models [3] recycles 1 hard 0 soft 0.09 temp 1 loss 7.55 helix 0.95 pae 0.58 i_pae 0.59 con 3.67 i_con 3.91 plddt 0.44 ptm 0.77 i_ptm 0.27 rg -0.45
6 models [3] recycles 1 hard 0 soft 0.11 temp 1 loss 6.45 helix 0.97 pae 0.41 i_pae 0.41 con 2.95 i_con 3.45 plddt 0.62 ptm 0.81 i_ptm 0.46 rg 0.24
7 models [2] recycles 1 hard 0 soft 0.13 temp 1 loss 6.34 helix 0.98 pae 0.42 i_pae 0.41 con 2.85 i_con 3.31 plddt 0.64 ptm 0.81 i_ptm 0.45 rg 0.66
8 models [0] recycles 1 hard 0 soft 0.14 temp 1 loss 6.63 helix 0.97 pae 0.46 i_pae 0.48 con 2.97 i_con 3.61 plddt 0.58 ptm 0.79 i_ptm 0.37 rg 0.13
9 models [4] recycles 1 hard 0 soft 0.16 temp 1 loss 6.02 helix 0.97 pae 0.33 i_pae 0.32 con 2.81 i_con 3.11 plddt 0.69 ptm 0.84 i_ptm 0.57 rg 0.58
10 models [3] recycles 1 hard 0 soft 0.18 temp 1 loss 5.09 helix 1.18 pae 0.23 i_pae 0.23 con 2.34 i_con 2.78 plddt 0.80 ptm 0.87 i_ptm 0.71 rg 0.57
11 models [2] recycles 1 hard 0 soft 0.20 temp 1 loss 5.52 helix 0.98 pae 0.29 i_pae 0.29 con 2.69 i_con 2.79 plddt 0.73 ptm 0.85 i_ptm 0.66 rg 0.48
12 models [2] recycles 1 hard 0 soft 0.22 temp 1 loss 5.02 helix 1.03 pae 0.25 i_pae 0.24 con 2.35 i_con 2.68 plddt 0.79 ptm 0.87 i_ptm 0.71 rg 0.46
13 models [0] recycles 1 hard 0 soft 0.23 temp 1 loss 5.11 helix 0.99 pae 0.26 i_pae 0.27 con 2.18 i_con 2.92 plddt 0.80 ptm 0.86 i_ptm 0.66 rg 0.45
14 models [4] recycles 1 hard 0 soft 0.25 temp 1 loss 5.05 helix 1.13 pae 0.26 i_pae 0.27 con 2.22 i_con 2.90 plddt 0.81 ptm 0.86 i_ptm 0.67 rg 0.35
15 models [4] recycles 1 hard 0 soft 0.27 temp 1 loss 4.60 helix 1.11 pae 0.20 i_pae 0.19 con 2.13 i_con 2.50 plddt 0.85 ptm 0.89 i_ptm 0.79 rg 0.56
16 models [1] recycles 1 hard 0 soft 0.29 temp 1 loss 4.60 helix 1.12 pae 0.22 i_pae 0.22 con 1.97 i_con 2.68 plddt 0.84 ptm 0.88 i_ptm 0.73 rg 0.52
17 models [4] recycles 1 hard 0 soft 0.31 temp 1 loss 4.37 helix 1.14 pae 0.19 i_pae 0.18 con 1.96 i_con 2.51 plddt 0.87 ptm 0.89 i_ptm 0.79 rg 0.43
18 models [4] recycles 1 hard 0 soft 0.32 temp 1 loss 4.32 helix 1.23 pae 0.17 i_pae 0.16 con 2.04 i_con 2.39 plddt 0.87 ptm 0.90 i_ptm 0.82 rg 0.52
19 models [0] recycles 1 hard 0 soft 0.34 temp 1 loss 5.70 helix 1.12 pae 0.40 i_pae 0.45 con 2.14 i_con 3.59 plddt 0.72 ptm 0.80 i_ptm 0.38 rg 0.13
20 models [1] recycles 1 hard 0 soft 0.36 temp 1 loss 6.06 helix 1.10 pae 0.53 i_pae 0.61 con 1.96 i_con 4.07 plddt 0.72 ptm 0.76 i_ptm 0.22 rg 0.05
21 models [4] recycles 1 hard 0 soft 0.38 temp 1 loss 3.94 helix 1.24 pae 0.16 i_pae 0.15 con 1.86 i_con 2.24 plddt 0.89 ptm 0.90 i_ptm 0.84 rg 0.36
22 models [1] recycles 1 hard 0 soft 0.40 temp 1 loss 4.37 helix 1.18 pae 0.18 i_pae 0.17 con 1.94 i_con 2.53 plddt 0.86 ptm 0.90 i_ptm 0.81 rg 0.44
23 models [0] recycles 1 hard 0 soft 0.41 temp 1 loss 4.41 helix 1.15 pae 0.18 i_pae 0.18 con 1.98 i_con 2.52 plddt 0.86 ptm 0.89 i_ptm 0.79 rg 0.45
24 models [2] recycles 1 hard 0 soft 0.43 temp 1 loss 5.59 helix 1.13 pae 0.42 i_pae 0.48 con 1.97 i_con 3.65 plddt 0.75 ptm 0.78 i_ptm 0.34 rg 0.14
25 models [3] recycles 1 hard 0 soft 0.45 temp 1 loss 3.91 helix 1.31 pae 0.16 i_pae 0.15 con 1.76 i_con 2.31 plddt 0.90 ptm 0.90 i_ptm 0.85 rg 0.44
26 models [1] recycles 1 hard 0 soft 0.47 temp 1 loss 7.70 helix 0.88 pae 0.61 i_pae 0.62 con 3.70 i_con 3.92 plddt 0.45 ptm 0.77 i_ptm 0.26 rg -0.16
27 models [4] recycles 1 hard 0 soft 0.49 temp 1 loss 3.78 helix 1.25 pae 0.14 i_pae 0.13 con 1.78 i_con 2.15 plddt 0.91 ptm 0.91 i_ptm 0.87 rg 0.49
28 models [2] recycles 1 hard 0 soft 0.50 temp 1 loss 3.47 helix 1.31 pae 0.14 i_pae 0.12 con 1.70 i_con 1.94 plddt 0.93 ptm 0.91 i_ptm 0.87 rg 0.47
29 models [3] recycles 1 hard 0 soft 0.52 temp 1 loss 4.71 helix 1.27 pae 0.24 i_pae 0.26 con 1.88 i_con 2.91 plddt 0.84 ptm 0.85 i_ptm 0.63 rg 0.47
30 models [3] recycles 1 hard 0 soft 0.54 temp 1 loss 3.79 helix 1.26 pae 0.15 i_pae 0.13 con 1.79 i_con 2.13 plddt 0.90 ptm 0.91 i_ptm 0.86 rg 0.54
31 models [2] recycles 1 hard 0 soft 0.56 temp 1 loss 3.92 helix 1.40 pae 0.15 i_pae 0.15 con 1.81 i_con 2.28 plddt 0.91 ptm 0.90 i_ptm 0.87 rg 0.52
32 models [3] recycles 1 hard 0 soft 0.58 temp 1 loss 3.71 helix 1.29 pae 0.14 i_pae 0.13 con 1.74 i_con 2.08 plddt 0.91 ptm 0.91 i_ptm 0.87 rg 0.61
33 models [1] recycles 1 hard 0 soft 0.59 temp 1 loss 7.69 helix 0.87 pae 0.59 i_pae 0.61 con 3.69 i_con 3.88 plddt 0.48 ptm 0.77 i_ptm 0.26 rg -0.06
34 models [1] recycles 1 hard 0 soft 0.61 temp 1 loss 7.44 helix 0.90 pae 0.56 i_pae 0.57 con 3.55 i_con 3.81 plddt 0.49 ptm 0.77 i_ptm 0.30 rg -0.04
35 models [2] recycles 1 hard 0 soft 0.63 temp 1 loss 4.03 helix 1.29 pae 0.18 i_pae 0.17 con 1.80 i_con 2.35 plddt 0.89 ptm 0.89 i_ptm 0.81 rg 0.50
36 models [4] recycles 1 hard 0 soft 0.65 temp 1 loss 3.83 helix 1.33 pae 0.15 i_pae 0.14 con 1.74 i_con 2.22 plddt 0.91 ptm 0.90 i_ptm 0.85 rg 0.60
37 models [4] recycles 1 hard 0 soft 0.67 temp 1 loss 5.82 helix 0.99 pae 0.44 i_pae 0.53 con 1.86 i_con 3.91 plddt 0.73 ptm 0.78 i_ptm 0.32 rg 0.19
38 models [4] recycles 1 hard 0 soft 0.68 temp 1 loss 7.73 helix 0.73 pae 0.59 i_pae 0.62 con 3.57 i_con 4.12 plddt 0.43 ptm 0.76 i_ptm 0.25 rg -0.45
39 models [0] recycles 1 hard 0 soft 0.70 temp 1 loss 7.85 helix 0.94 pae 0.63 i_pae 0.66 con 3.73 i_con 4.11 plddt 0.42 ptm 0.76 i_ptm 0.23 rg -0.41
40 models [1] recycles 1 hard 0 soft 0.72 temp 1 loss 7.50 helix 0.93 pae 0.57 i_pae 0.58 con 3.58 i_con 3.88 plddt 0.47 ptm 0.78 i_ptm 0.29 rg -0.15
41 models [4] recycles 1 hard 0 soft 0.74 temp 1 loss 5.76 helix 1.14 pae 0.47 i_pae 0.55 con 1.90 i_con 3.86 plddt 0.73 ptm 0.77 i_ptm 0.29 rg 0.13
42 models [4] recycles 1 hard 0 soft 0.76 temp 1 loss 3.45 helix 1.45 pae 0.13 i_pae 0.12 con 1.62 i_con 2.02 plddt 0.92 ptm 0.91 i_ptm 0.88 rg 0.57
43 models [2] recycles 1 hard 0 soft 0.77 temp 1 loss 3.66 helix 1.45 pae 0.14 i_pae 0.13 con 1.70 i_con 2.15 plddt 0.92 ptm 0.91 i_ptm 0.87 rg 0.53
44 models [2] recycles 1 hard 0 soft 0.79 temp 1 loss 3.25 helix 1.53 pae 0.13 i_pae 0.11 con 1.64 i_con 1.82 plddt 0.94 ptm 0.92 i_ptm 0.90 rg 0.58
45 models [0] recycles 1 hard 0 soft 0.81 temp 1 loss 6.22 helix 1.09 pae 0.48 i_pae 0.55 con 2.32 i_con 3.92 plddt 0.64 ptm 0.77 i_ptm 0.29 rg -0.05
46 models [1] recycles 1 hard 0 soft 0.83 temp 1 loss 8.80 helix 0.55 pae 0.60 i_pae 0.61 con 4.06 i_con 3.79 plddt 0.51 ptm 0.77 i_ptm 0.26 rg 2.40
47 models [2] recycles 1 hard 0 soft 0.85 temp 1 loss 5.00 helix 1.10 pae 0.26 i_pae 0.27 con 2.15 i_con 2.90 plddt 0.80 ptm 0.85 i_ptm 0.64 rg 0.37
48 models [1] recycles 1 hard 0 soft 0.86 temp 1 loss 8.24 helix 0.73 pae 0.62 i_pae 0.63 con 3.86 i_con 4.10 plddt 0.45 ptm 0.77 i_ptm 0.24 rg 0.32
49 models [3] recycles 1 hard 0 soft 0.88 temp 1 loss 6.17 helix 1.00 pae 0.49 i_pae 0.55 con 2.34 i_con 3.83 plddt 0.65 ptm 0.78 i_ptm 0.29 rg -0.11
50 models [0] recycles 1 hard 0 soft 0.90 temp 1 loss 4.11 helix 1.20 pae 0.19 i_pae 0.18 con 1.96 i_con 2.23 plddt 0.86 ptm 0.90 i_ptm 0.81 rg 0.52
Initial trajectory pLDDT good, continuing: 0.94
Stage 2: Softmax Optimisation
51 models [2] recycles 1 hard 0 soft 1 temp 0.92 loss 8.07 helix 0.90 pae 0.65 i_pae 0.64 con 4.10 i_con 3.74 plddt 0.38 ptm 0.77 i_ptm 0.25 rg 0.25
52 models [1] recycles 1 hard 0 soft 1 temp 0.85 loss 8.28 helix 0.93 pae 0.64 i_pae 0.64 con 4.12 i_con 3.84 plddt 0.41 ptm 0.77 i_ptm 0.25 rg 0.62
53 models [0] recycles 1 hard 0 soft 1 temp 0.78 loss 4.42 helix 1.22 pae 0.22 i_pae 0.20 con 2.14 i_con 2.33 plddt 0.84 ptm 0.89 i_ptm 0.79 rg 0.61
54 models [4] recycles 1 hard 0 soft 1 temp 0.71 loss 3.83 helix 1.35 pae 0.16 i_pae 0.14 con 1.82 i_con 2.14 plddt 0.90 ptm 0.91 i_ptm 0.84 rg 0.60
55 models [1] recycles 1 hard 0 soft 1 temp 0.64 loss 3.78 helix 1.34 pae 0.15 i_pae 0.14 con 1.72 i_con 2.23 plddt 0.89 ptm 0.91 i_ptm 0.84 rg 0.45
56 models [2] recycles 1 hard 0 soft 1 temp 0.58 loss 4.01 helix 1.33 pae 0.18 i_pae 0.17 con 1.86 i_con 2.29 plddt 0.88 ptm 0.89 i_ptm 0.81 rg 0.49
57 models [0] recycles 1 hard 0 soft 1 temp 0.52 loss 4.51 helix 1.30 pae 0.24 i_pae 0.26 con 1.81 i_con 2.83 plddt 0.83 ptm 0.86 i_ptm 0.67 rg 0.36
58 models [3] recycles 1 hard 0 soft 1 temp 0.47 loss 3.67 helix 1.46 pae 0.15 i_pae 0.13 con 1.76 i_con 2.09 plddt 0.90 ptm 0.90 i_ptm 0.84 rg 0.60
59 models [1] recycles 1 hard 0 soft 1 temp 0.42 loss 3.67 helix 1.41 pae 0.14 i_pae 0.13 con 1.71 i_con 2.13 plddt 0.91 ptm 0.91 i_ptm 0.87 rg 0.55
60 models [2] recycles 1 hard 0 soft 1 temp 0.37 loss 3.71 helix 1.38 pae 0.16 i_pae 0.14 con 1.74 i_con 2.14 plddt 0.91 ptm 0.90 i_ptm 0.85 rg 0.52
61 models [3] recycles 1 hard 0 soft 1 temp 0.32 loss 3.61 helix 1.42 pae 0.15 i_pae 0.13 con 1.69 i_con 2.08 plddt 0.91 ptm 0.90 i_ptm 0.84 rg 0.58
62 models [4] recycles 1 hard 0 soft 1 temp 0.28 loss 3.66 helix 1.34 pae 0.16 i_pae 0.14 con 1.71 i_con 2.09 plddt 0.90 ptm 0.90 i_ptm 0.84 rg 0.58
63 models [4] recycles 1 hard 0 soft 1 temp 0.24 loss 3.80 helix 1.31 pae 0.16 i_pae 0.15 con 1.79 i_con 2.13 plddt 0.90 ptm 0.90 i_ptm 0.83 rg 0.57
64 models [2] recycles 1 hard 0 soft 1 temp 0.20 loss 3.68 helix 1.33 pae 0.16 i_pae 0.14 con 1.75 i_con 2.06 plddt 0.90 ptm 0.90 i_ptm 0.84 rg 0.55
65 models [2] recycles 1 hard 0 soft 1 temp 0.17 loss 4.38 helix 1.34 pae 0.22 i_pae 0.22 con 1.91 i_con 2.61 plddt 0.85 ptm 0.87 i_ptm 0.72 rg 0.44
66 models [3] recycles 1 hard 0 soft 1 temp 0.14 loss 3.26 helix 1.47 pae 0.13 i_pae 0.11 con 1.63 i_con 1.80 plddt 0.93 ptm 0.91 i_ptm 0.89 rg 0.64
67 models [2] recycles 1 hard 0 soft 1 temp 0.11 loss 3.77 helix 1.37 pae 0.16 i_pae 0.14 con 1.78 i_con 2.13 plddt 0.90 ptm 0.90 i_ptm 0.85 rg 0.56
68 models [4] recycles 1 hard 0 soft 1 temp 0.09 loss 6.25 helix 1.10 pae 0.54 i_pae 0.64 con 2.08 i_con 4.11 plddt 0.70 ptm 0.76 i_ptm 0.21 rg 0.12
69 models [3] recycles 1 hard 0 soft 1 temp 0.07 loss 3.62 helix 1.44 pae 0.14 i_pae 0.12 con 1.76 i_con 2.01 plddt 0.91 ptm 0.91 i_ptm 0.88 rg 0.67
70 models [1] recycles 1 hard 0 soft 1 temp 0.05 loss 3.74 helix 1.27 pae 0.15 i_pae 0.13 con 1.85 i_con 2.00 plddt 0.89 ptm 0.91 i_ptm 0.86 rg 0.56
71 models [3] recycles 1 hard 0 soft 1 temp 0.04 loss 3.33 helix 1.49 pae 0.14 i_pae 0.11 con 1.67 i_con 1.83 plddt 0.92 ptm 0.91 i_ptm 0.88 rg 0.64
72 models [0] recycles 1 hard 0 soft 1 temp 0.02 loss 3.54 helix 1.33 pae 0.14 i_pae 0.12 con 1.77 i_con 1.91 plddt 0.91 ptm 0.91 i_ptm 0.87 rg 0.57
73 models [3] recycles 1 hard 0 soft 1 temp 0.02 loss 3.58 helix 1.34 pae 0.14 i_pae 0.12 con 1.78 i_con 1.94 plddt 0.91 ptm 0.91 i_ptm 0.87 rg 0.57
74 models [1] recycles 1 hard 0 soft 1 temp 0.01 loss 3.67 helix 1.12 pae 0.15 i_pae 0.13 con 1.79 i_con 1.96 plddt 0.89 ptm 0.91 i_ptm 0.86 rg 0.56
75 models [4] recycles 1 hard 0 soft 1 temp 0.01 loss 3.64 helix 1.32 pae 0.15 i_pae 0.13 con 1.72 i_con 2.06 plddt 0.91 ptm 0.91 i_ptm 0.85 rg 0.56
Softmax trajectory pLDDT good, continuing: 0.93
Stage 3: One-hot Optimisation
76 models [1] recycles 1 hard 1 soft 1 temp 0.01 loss 3.23 helix 1.40 pae 0.13 i_pae 0.11 con 1.68 i_con 1.71 plddt 0.92 ptm 0.93 i_ptm 0.90 rg 0.61
77 models [0] recycles 1 hard 1 soft 1 temp 0.01 loss 3.35 helix 1.34 pae 0.13 i_pae 0.11 con 1.64 i_con 1.85 plddt 0.91 ptm 0.92 i_ptm 0.89 rg 0.61
78 models [2] recycles 1 hard 1 soft 1 temp 0.01 loss 3.57 helix 1.42 pae 0.14 i_pae 0.12 con 1.72 i_con 2.01 plddt 0.91 ptm 0.91 i_ptm 0.87 rg 0.61
One-hot trajectory pLDDT good, continuing: 0.92
Stage 4: PSSM Semigreedy Optimisation
Running semigreedy optimization...
79 models [1] recycles 1 hard 1 soft 0 temp 1 loss 3.27 helix 1.40 pae 0.13 i_pae 0.11 con 1.67 i_con 1.76 plddt 0.92 ptm 0.92 i_ptm 0.89 rg 0.63
80 models [0] recycles 1 hard 1 soft 0 temp 1 loss 3.70 helix 1.37 pae 0.15 i_pae 0.14 con 1.70 i_con 2.14 plddt 0.89 ptm 0.91 i_ptm 0.85 rg 0.60
81 models [3] recycles 1 hard 1 soft 0 temp 1 loss 3.46 helix 1.48 pae 0.14 i_pae 0.12 con 1.62 i_con 2.02 plddt 0.92 ptm 0.92 i_ptm 0.87 rg 0.62
82 models [2] recycles 1 hard 1 soft 0 temp 1 loss 4.15 helix 1.24 pae 0.18 i_pae 0.16 con 2.02 i_con 2.22 plddt 0.85 ptm 0.90 i_ptm 0.83 rg 0.57
83 models [3] recycles 1 hard 1 soft 0 temp 1 loss 4.31 helix 1.33 pae 0.20 i_pae 0.17 con 2.24 i_con 2.10 plddt 0.81 ptm 0.91 i_ptm 0.82 rg 0.82
Trajectory successful, final pLDDT: 0.92
Starting trajectory took: 0 hours, 27 minutes, 30 seconds

Fixing interface residues: B5,B6,B9,B10,B13,B14,B17,B18,B20,B21,B32,B35,B36,B38,B39,B40,B41,B42,B43,B48
Base AF2 filters not passed for EGFRd3_p2g1_l59_s644708_mpnn1, skipping interface scoring
Base AF2 filters not passed for EGFRd3_p2g1_l59_s644708_mpnn2, skipping interface scoring
Base AF2 filters not passed for EGFRd3_p2g1_l59_s644708_mpnn3, skipping interface scoring
Base AF2 filters not passed for EGFRd3_p2g1_l59_s644708_mpnn4, skipping interface scoring
Base AF2 filters not passed for EGFRd3_p2g1_l59_s644708_mpnn5, skipping interface scoring
Base AF2 filters not passed for EGFRd3_p2g1_l59_s644708_mpnn6, skipping interface scoring
Base AF2 filters not passed for EGFRd3_p2g1_l59_s644708_mpnn7, skipping interface scoring
Base AF2 filters not passed for EGFRd3_p2g1_l59_s644708_mpnn8, skipping interface scoring
No accepted MPNN designs found for this trajectory.

Design and validation of trajectory EGFRd3_p2g1_l59_s644708 took: 0 hours, 3 minutes, 38 seconds
Starting trajectory: EGFRd3_p2g1_l61_s924247
Stage 1: Test Logits
1 models [2] recycles 1 hard 0 soft 0.02 temp 1 loss 11.47 helix 1.51 pae 0.75 i_pae 0.73 con 4.68 i_con 3.80 plddt 0.32 ptm 0.76 i_ptm 0.20 rg 9.88
2 models [4] recycles 1 hard 0 soft 0.04 temp 1 loss 8.84 helix 0.86 pae 0.71 i_pae 0.71 con 4.44 i_con 4.22 plddt 0.34 ptm 0.75 i_ptm 0.18 rg -0.10
3 models [4] recycles 1 hard 0 soft 0.05 temp 1 loss 9.81 helix 1.08 pae 0.77 i_pae 0.77 con 4.54 i_con 4.16 plddt 0.33 ptm 0.74 i_ptm 0.16 rg 3.12
4 models [2] recycles 1 hard 0 soft 0.07 temp 1 loss 9.67 helix 1.30 pae 0.72 i_pae 0.71 con 4.43 i_con 3.68 plddt 0.32 ptm 0.76 i_ptm 0.22 rg 4.96
5 models [1] recycles 1 hard 0 soft 0.09 temp 1 loss 8.52 helix 1.11 pae 0.68 i_pae 0.67 con 4.30 i_con 4.00 plddt 0.34 ptm 0.76 i_ptm 0.23 rg 0.36
6 models [1] recycles 1 hard 0 soft 0.11 temp 1 loss 9.06 helix 1.33 pae 0.69 i_pae 0.67 con 4.18 i_con 3.77 plddt 0.33 ptm 0.76 i_ptm 0.23 rg 3.53
7 models [0] recycles 1 hard 0 soft 0.13 temp 1 loss 8.82 helix 1.20 pae 0.69 i_pae 0.68 con 4.18 i_con 3.84 plddt 0.35 ptm 0.76 i_ptm 0.22 rg 2.37
8 models [1] recycles 1 hard 0 soft 0.14 temp 1 loss 8.07 helix 0.93 pae 0.65 i_pae 0.66 con 3.96 i_con 3.84 plddt 0.41 ptm 0.76 i_ptm 0.23 rg 0.39
9 models [3] recycles 1 hard 0 soft 0.16 temp 1 loss 8.07 helix 0.98 pae 0.63 i_pae 0.65 con 3.82 i_con 3.93 plddt 0.38 ptm 0.76 i_ptm 0.25 rg 0.65
10 models [0] recycles 1 hard 0 soft 0.18 temp 1 loss 7.20 helix 0.81 pae 0.57 i_pae 0.58 con 3.61 i_con 3.38 plddt 0.48 ptm 0.77 i_ptm 0.32 rg 0.29
11 models [2] recycles 1 hard 0 soft 0.20 temp 1 loss 7.57 helix 1.06 pae 0.62 i_pae 0.62 con 3.97 i_con 3.37 plddt 0.41 ptm 0.77 i_ptm 0.36 rg 0.50
12 models [1] recycles 1 hard 0 soft 0.22 temp 1 loss 6.80 helix 0.88 pae 0.54 i_pae 0.55 con 3.59 i_con 3.05 plddt 0.50 ptm 0.78 i_ptm 0.45 rg 0.23
13 models [1] recycles 1 hard 0 soft 0.23 temp 1 loss 6.79 helix 0.92 pae 0.52 i_pae 0.53 con 3.48 i_con 3.15 plddt 0.52 ptm 0.79 i_ptm 0.42 rg 0.31
14 models [4] recycles 1 hard 0 soft 0.25 temp 1 loss 7.05 helix 0.83 pae 0.53 i_pae 0.54 con 3.49 i_con 3.40 plddt 0.52 ptm 0.79 i_ptm 0.36 rg 0.20
15 models [4] recycles 1 hard 0 soft 0.27 temp 1 loss 6.35 helix 0.79 pae 0.47 i_pae 0.47 con 3.33 i_con 2.89 plddt 0.55 ptm 0.80 i_ptm 0.50 rg 0.21
16 models [4] recycles 1 hard 0 soft 0.29 temp 1 loss 6.56 helix 0.84 pae 0.46 i_pae 0.46 con 3.23 i_con 3.18 plddt 0.57 ptm 0.81 i_ptm 0.44 rg 0.35
17 models [0] recycles 1 hard 0 soft 0.31 temp 1 loss 5.71 helix 1.00 pae 0.33 i_pae 0.34 con 2.79 i_con 2.78 plddt 0.69 ptm 0.84 i_ptm 0.60 rg 0.73
18 models [4] recycles 1 hard 0 soft 0.32 temp 1 loss 5.77 helix 0.97 pae 0.38 i_pae 0.38 con 3.08 i_con 2.62 plddt 0.63 ptm 0.83 i_ptm 0.56 rg 0.39
19 models [4] recycles 1 hard 0 soft 0.34 temp 1 loss 5.20 helix 0.92 pae 0.29 i_pae 0.29 con 2.33 i_con 2.72 plddt 0.76 ptm 0.86 i_ptm 0.65 rg 0.78
20 models [2] recycles 1 hard 0 soft 0.36 temp 1 loss 5.04 helix 0.98 pae 0.26 i_pae 0.27 con 2.32 i_con 2.62 plddt 0.79 ptm 0.86 i_ptm 0.72 rg 0.80
21 models [4] recycles 1 hard 0 soft 0.38 temp 1 loss 4.61 helix 1.05 pae 0.24 i_pae 0.24 con 2.08 i_con 2.48 plddt 0.81 ptm 0.87 i_ptm 0.73 rg 0.74
22 models [1] recycles 1 hard 0 soft 0.40 temp 1 loss 3.98 helix 1.28 pae 0.17 i_pae 0.16 con 1.93 i_con 2.04 plddt 0.88 ptm 0.91 i_ptm 0.85 rg 0.97
23 models [2] recycles 1 hard 0 soft 0.41 temp 1 loss 4.79 helix 1.24 pae 0.23 i_pae 0.24 con 2.21 i_con 2.57 plddt 0.82 ptm 0.88 i_ptm 0.76 rg 0.80
24 models [4] recycles 1 hard 0 soft 0.43 temp 1 loss 3.92 helix 1.30 pae 0.17 i_pae 0.17 con 1.89 i_con 2.05 plddt 0.88 ptm 0.90 i_ptm 0.84 rg 0.87
25 models [4] recycles 1 hard 0 soft 0.45 temp 1 loss 4.02 helix 1.35 pae 0.17 i_pae 0.17 con 1.97 i_con 2.12 plddt 0.87 ptm 0.91 i_ptm 0.86 rg 0.79
26 models [2] recycles 1 hard 0 soft 0.47 temp 1 loss 4.02 helix 1.42 pae 0.18 i_pae 0.17 con 2.07 i_con 2.03 plddt 0.87 ptm 0.90 i_ptm 0.85 rg 0.78
27 models [3] recycles 1 hard 0 soft 0.49 temp 1 loss 3.67 helix 1.61 pae 0.15 i_pae 0.14 con 1.77 i_con 2.02 plddt 0.91 ptm 0.92 i_ptm 0.89 rg 0.92
28 models [1] recycles 1 hard 0 soft 0.50 temp 1 loss 5.94 helix 1.11 pae 0.35 i_pae 0.33 con 3.15 i_con 2.54 plddt 0.67 ptm 0.86 i_ptm 0.67 rg 1.17
29 models [3] recycles 1 hard 0 soft 0.52 temp 1 loss 3.39 helix 1.50 pae 0.14 i_pae 0.13 con 1.73 i_con 1.75 plddt 0.91 ptm 0.92 i_ptm 0.89 rg 0.90
30 models [3] recycles 1 hard 0 soft 0.54 temp 1 loss 3.41 helix 1.65 pae 0.14 i_pae 0.13 con 1.73 i_con 1.82 plddt 0.92 ptm 0.92 i_ptm 0.89 rg 0.91
31 models [1] recycles 1 hard 0 soft 0.56 temp 1 loss 3.96 helix 1.57 pae 0.17 i_pae 0.16 con 1.98 i_con 2.10 plddt 0.87 ptm 0.91 i_ptm 0.84 rg 0.83
32 models [3] recycles 1 hard 0 soft 0.58 temp 1 loss 3.54 helix 1.55 pae 0.14 i_pae 0.13 con 1.81 i_con 1.85 plddt 0.91 ptm 0.92 i_ptm 0.88 rg 0.87
33 models [4] recycles 1 hard 0 soft 0.59 temp 1 loss 3.56 helix 1.75 pae 0.14 i_pae 0.15 con 1.71 i_con 2.06 plddt 0.91 ptm 0.91 i_ptm 0.87 rg 0.76
34 models [1] recycles 1 hard 0 soft 0.61 temp 1 loss 3.79 helix 1.58 pae 0.16 i_pae 0.15 con 1.90 i_con 2.02 plddt 0.88 ptm 0.91 i_ptm 0.85 rg 0.80
35 models [3] recycles 1 hard 0 soft 0.63 temp 1 loss 3.98 helix 1.34 pae 0.17 i_pae 0.16 con 2.02 i_con 1.97 plddt 0.87 ptm 0.91 i_ptm 0.86 rg 0.97
36 models [0] recycles 1 hard 0 soft 0.65 temp 1 loss 4.03 helix 1.37 pae 0.18 i_pae 0.17 con 2.03 i_con 2.01 plddt 0.86 ptm 0.90 i_ptm 0.83 rg 0.96
37 models [0] recycles 1 hard 0 soft 0.67 temp 1 loss 4.06 helix 1.34 pae 0.18 i_pae 0.17 con 2.03 i_con 2.05 plddt 0.86 ptm 0.90 i_ptm 0.84 rg 0.91
38 models [4] recycles 1 hard 0 soft 0.68 temp 1 loss 4.10 helix 1.37 pae 0.17 i_pae 0.17 con 1.96 i_con 2.18 plddt 0.87 ptm 0.90 i_ptm 0.84 rg 0.85
39 models [4] recycles 1 hard 0 soft 0.70 temp 1 loss 3.70 helix 1.48 pae 0.16 i_pae 0.15 con 1.83 i_con 1.95 plddt 0.89 ptm 0.91 i_ptm 0.86 rg 0.91
40 models [2] recycles 1 hard 0 soft 0.72 temp 1 loss 6.50 helix 1.26 pae 0.49 i_pae 0.54 con 2.79 i_con 3.69 plddt 0.63 ptm 0.77 i_ptm 0.34 rg 0.26
41 models [2] recycles 1 hard 0 soft 0.74 temp 1 loss 4.26 helix 1.43 pae 0.19 i_pae 0.18 con 2.07 i_con 2.26 plddt 0.85 ptm 0.89 i_ptm 0.83 rg 0.82
42 models [2] recycles 1 hard 0 soft 0.76 temp 1 loss 4.00 helix 1.49 pae 0.17 i_pae 0.16 con 1.91 i_con 2.15 plddt 0.89 ptm 0.91 i_ptm 0.86 rg 0.94
43 models [1] recycles 1 hard 0 soft 0.77 temp 1 loss 4.11 helix 1.26 pae 0.20 i_pae 0.19 con 2.07 i_con 2.04 plddt 0.83 ptm 0.90 i_ptm 0.83 rg 0.85
44 models [2] recycles 1 hard 0 soft 0.79 temp 1 loss 4.43 helix 1.41 pae 0.20 i_pae 0.20 con 2.03 i_con 2.45 plddt 0.85 ptm 0.88 i_ptm 0.79 rg 0.81
45 models [3] recycles 1 hard 0 soft 0.81 temp 1 loss 3.97 helix 1.38 pae 0.18 i_pae 0.17 con 1.98 i_con 2.00 plddt 0.87 ptm 0.91 i_ptm 0.85 rg 0.97
46 models [4] recycles 1 hard 0 soft 0.83 temp 1 loss 3.76 helix 1.48 pae 0.16 i_pae 0.15 con 1.79 i_con 2.04 plddt 0.90 ptm 0.91 i_ptm 0.86 rg 0.94
47 models [3] recycles 1 hard 0 soft 0.85 temp 1 loss 4.46 helix 1.43 pae 0.21 i_pae 0.20 con 2.17 i_con 2.38 plddt 0.82 ptm 0.89 i_ptm 0.77 rg 0.69
48 models [0] recycles 1 hard 0 soft 0.86 temp 1 loss 4.36 helix 1.40 pae 0.20 i_pae 0.20 con 2.10 i_con 2.33 plddt 0.83 ptm 0.89 i_ptm 0.81 rg 0.75
49 models [4] recycles 1 hard 0 soft 0.88 temp 1 loss 6.00 helix 1.17 pae 0.39 i_pae 0.41 con 2.61 i_con 3.37 plddt 0.67 ptm 0.82 i_ptm 0.51 rg 0.38
50 models [3] recycles 1 hard 0 soft 0.90 temp 1 loss 3.88 helix 1.32 pae 0.17 i_pae 0.16 con 1.87 i_con 2.06 plddt 0.88 ptm 0.91 i_ptm 0.85 rg 0.81
Initial trajectory pLDDT good, continuing: 0.91
Stage 2: Softmax Optimisation
51 models [4] recycles 1 hard 0 soft 1 temp 0.92 loss 6.62 helix 1.00 pae 0.50 i_pae 0.51 con 3.32 i_con 3.33 plddt 0.53 ptm 0.79 i_ptm 0.39 rg -0.19
52 models [1] recycles 1 hard 0 soft 1 temp 0.85 loss 5.40 helix 1.14 pae 0.30 i_pae 0.30 con 2.68 i_con 2.75 plddt 0.72 ptm 0.87 i_ptm 0.68 rg 0.43
53 models [1] recycles 1 hard 0 soft 1 temp 0.78 loss 4.24 helix 1.12 pae 0.19 i_pae 0.18 con 2.07 i_con 2.14 plddt 0.85 ptm 0.91 i_ptm 0.84 rg 0.84
54 models [1] recycles 1 hard 0 soft 1 temp 0.71 loss 3.88 helix 1.39 pae 0.17 i_pae 0.16 con 1.89 i_con 2.02 plddt 0.88 ptm 0.91 i_ptm 0.86 rg 0.95
55 models [1] recycles 1 hard 0 soft 1 temp 0.64 loss 4.21 helix 1.31 pae 0.18 i_pae 0.17 con 1.97 i_con 2.21 plddt 0.87 ptm 0.90 i_ptm 0.84 rg 1.06
56 models [1] recycles 1 hard 0 soft 1 temp 0.58 loss 3.93 helix 1.36 pae 0.17 i_pae 0.15 con 2.00 i_con 1.95 plddt 0.87 ptm 0.91 i_ptm 0.85 rg 0.97
57 models [0] recycles 1 hard 0 soft 1 temp 0.52 loss 4.27 helix 1.41 pae 0.18 i_pae 0.18 con 2.07 i_con 2.13 plddt 0.85 ptm 0.90 i_ptm 0.83 rg 1.23
58 models [2] recycles 1 hard 0 soft 1 temp 0.47 loss 4.05 helix 1.48 pae 0.17 i_pae 0.17 con 1.92 i_con 2.16 plddt 0.87 ptm 0.90 i_ptm 0.85 rg 1.00
59 models [3] recycles 1 hard 0 soft 1 temp 0.42 loss 3.85 helix 1.52 pae 0.16 i_pae 0.16 con 1.84 i_con 2.07 plddt 0.89 ptm 0.91 i_ptm 0.86 rg 1.00
60 models [3] recycles 1 hard 0 soft 1 temp 0.37 loss 4.08 helix 1.37 pae 0.18 i_pae 0.18 con 1.97 i_con 2.09 plddt 0.87 ptm 0.91 i_ptm 0.85 rg 1.09
61 models [3] recycles 1 hard 0 soft 1 temp 0.32 loss 3.76 helix 1.49 pae 0.16 i_pae 0.15 con 1.87 i_con 1.96 plddt 0.89 ptm 0.91 i_ptm 0.87 rg 0.95
62 models [0] recycles 1 hard 0 soft 1 temp 0.28 loss 3.92 helix 1.43 pae 0.17 i_pae 0.17 con 1.92 i_con 2.03 plddt 0.87 ptm 0.90 i_ptm 0.85 rg 0.98
63 models [3] recycles 1 hard 0 soft 1 temp 0.24 loss 3.57 helix 1.49 pae 0.15 i_pae 0.14 con 1.75 i_con 1.88 plddt 0.90 ptm 0.91 i_ptm 0.88 rg 0.98
64 models [3] recycles 1 hard 0 soft 1 temp 0.20 loss 4.00 helix 1.48 pae 0.17 i_pae 0.17 con 1.76 i_con 2.28 plddt 0.88 ptm 0.90 i_ptm 0.84 rg 0.98
65 models [2] recycles 1 hard 0 soft 1 temp 0.17 loss 7.07 helix 1.11 pae 0.58 i_pae 0.59 con 3.53 i_con 3.54 plddt 0.47 ptm 0.77 i_ptm 0.29 rg -0.13
66 models [1] recycles 1 hard 0 soft 1 temp 0.14 loss 3.53 helix 1.41 pae 0.15 i_pae 0.14 con 1.74 i_con 1.84 plddt 0.90 ptm 0.92 i_ptm 0.87 rg 0.95
67 models [4] recycles 1 hard 0 soft 1 temp 0.11 loss 3.89 helix 1.42 pae 0.16 i_pae 0.16 con 1.77 i_con 2.17 plddt 0.89 ptm 0.91 i_ptm 0.87 rg 0.95
68 models [2] recycles 1 hard 0 soft 1 temp 0.09 loss 8.04 helix 1.09 pae 0.69 i_pae 0.73 con 3.54 i_con 4.53 plddt 0.42 ptm 0.74 i_ptm 0.17 rg -0.51
69 models [3] recycles 1 hard 0 soft 1 temp 0.07 loss 7.44 helix 1.18 pae 0.63 i_pae 0.68 con 3.11 i_con 4.35 plddt 0.47 ptm 0.75 i_ptm 0.21 rg -0.29
70 models [3] recycles 1 hard 0 soft 1 temp 0.05 loss 6.87 helix 1.23 pae 0.55 i_pae 0.61 con 2.81 i_con 4.08 plddt 0.56 ptm 0.76 i_ptm 0.26 rg -0.02
71 models [0] recycles 1 hard 0 soft 1 temp 0.04 loss 3.73 helix 1.39 pae 0.16 i_pae 0.16 con 1.78 i_con 1.99 plddt 0.89 ptm 0.91 i_ptm 0.86 rg 0.92
72 models [0] recycles 1 hard 0 soft 1 temp 0.02 loss 4.02 helix 1.55 pae 0.16 i_pae 0.16 con 1.96 i_con 2.13 plddt 0.87 ptm 0.91 i_ptm 0.85 rg 0.97
73 models [1] recycles 1 hard 0 soft 1 temp 0.02 loss 3.73 helix 1.42 pae 0.16 i_pae 0.16 con 1.80 i_con 1.98 plddt 0.89 ptm 0.91 i_ptm 0.86 rg 0.91
74 models [1] recycles 1 hard 0 soft 1 temp 0.01 loss 3.52 helix 1.43 pae 0.15 i_pae 0.14 con 1.73 i_con 1.85 plddt 0.90 ptm 0.91 i_ptm 0.87 rg 0.92
75 models [2] recycles 1 hard 0 soft 1 temp 0.01 loss 3.94 helix 1.63 pae 0.16 i_pae 0.16 con 1.83 i_con 2.24 plddt 0.89 ptm 0.91 i_ptm 0.86 rg 0.86
Softmax trajectory pLDDT good, continuing: 0.9
Stage 3: One-hot Optimisation
76 models [4] recycles 1 hard 1 soft 1 temp 0.01 loss 3.85 helix 1.40 pae 0.16 i_pae 0.16 con 1.75 i_con 2.12 plddt 0.87 ptm 0.91 i_ptm 0.86 rg 0.98
77 models [2] recycles 1 hard 1 soft 1 temp 0.01 loss 3.98 helix 1.60 pae 0.16 i_pae 0.16 con 1.84 i_con 2.26 plddt 0.87 ptm 0.90 i_ptm 0.85 rg 0.86
78 models [1] recycles 1 hard 1 soft 1 temp 0.01 loss 3.58 helix 1.44 pae 0.15 i_pae 0.14 con 1.74 i_con 1.89 plddt 0.89 ptm 0.92 i_ptm 0.87 rg 0.97
One-hot trajectory pLDDT good, continuing: 0.89
Stage 4: PSSM Semigreedy Optimisation
Running semigreedy optimization...
79 models [3] recycles 1 hard 1 soft 0 temp 1 loss 7.63 helix 1.25 pae 0.64 i_pae 0.70 con 3.07 i_con 4.50 plddt 0.43 ptm 0.75 i_ptm 0.19 rg 0.05
80 models [0] recycles 1 hard 1 soft 0 temp 1 loss 7.84 helix 1.28 pae 0.66 i_pae 0.72 con 3.05 i_con 4.64 plddt 0.41 ptm 0.75 i_ptm 0.18 rg 0.31
81 models [3] recycles 1 hard 1 soft 0 temp 1 loss 4.95 helix 1.55 pae 0.24 i_pae 0.24 con 2.23 i_con 2.84 plddt 0.77 ptm 0.88 i_ptm 0.75 rg 0.63
82 models [2] recycles 1 hard 1 soft 0 temp 1 loss 7.90 helix 1.41 pae 0.68 i_pae 0.73 con 3.19 i_con 4.69 plddt 0.42 ptm 0.74 i_ptm 0.16 rg 0.02
83 models [0] recycles 1 hard 1 soft 0 temp 1 loss 8.16 helix 1.43 pae 0.66 i_pae 0.73 con 2.92 i_con 4.67 plddt 0.42 ptm 0.74 i_ptm 0.17 rg 1.88
Trajectory successful, final pLDDT: 0.89
Starting trajectory took: 0 hours, 27 minutes, 51 seconds

Fixing interface residues: B23,B24,B25,B27,B28,B31,B32,B35,B38,B39,B42,B43,B45,B46,B47,B49,B50,B53,B54,B56,B57,B59,B60,B61
Unmet filter conditions for EGFRd3_p2g1_l61_s924247_mpnn1
Base AF2 filters not passed for EGFRd3_p2g1_l61_s924247_mpnn2, skipping interface scoring
Unmet filter conditions for EGFRd3_p2g1_l61_s924247_mpnn3
Unmet filter conditions for EGFRd3_p2g1_l61_s924247_mpnn4
Base AF2 filters not passed for EGFRd3_p2g1_l61_s924247_mpnn5, skipping interface scoring
Unmet filter conditions for EGFRd3_p2g1_l61_s924247_mpnn6
Unmet filter conditions for EGFRd3_p2g1_l61_s924247_mpnn7
Unmet filter conditions for EGFRd3_p2g1_l61_s924247_mpnn8
No accepted MPNN designs found for this trajectory.

Design and validation of trajectory EGFRd3_p2g1_l61_s924247 took: 0 hours, 21 minutes, 25 seconds
Starting trajectory: EGFRd3_p2g1_l57_s2401
Stage 1: Test Logits
1 models [1] recycles 1 hard 0 soft 0.02 temp 1 loss 10.88 helix 1.66 pae 0.78 i_pae 0.77 con 4.62 i_con 4.38 plddt 0.29 ptm 0.76 i_ptm 0.16 rg 6.24
2 models [4] recycles 1 hard 0 soft 0.04 temp 1 loss 9.05 helix 1.24 pae 0.74 i_pae 0.74 con 4.47 i_con 4.35 plddt 0.28 ptm 0.75 i_ptm 0.17 rg 0.41
3 models [0] recycles 1 hard 0 soft 0.05 temp 1 loss 9.54 helix 0.98 pae 0.70 i_pae 0.70 con 4.38 i_con 3.84 plddt 0.37 ptm 0.76 i_ptm 0.21 rg 3.87
4 models [0] recycles 1 hard 0 soft 0.07 temp 1 loss 9.12 helix 0.81 pae 0.64 i_pae 0.64 con 4.56 i_con 4.17 plddt 0.40 ptm 0.76 i_ptm 0.24 rg 0.72
5 models [4] recycles 1 hard 0 soft 0.09 temp 1 loss 8.65 helix 1.20 pae 0.70 i_pae 0.69 con 4.42 i_con 4.01 plddt 0.32 ptm 0.76 i_ptm 0.20 rg 0.43
6 models [2] recycles 1 hard 0 soft 0.11 temp 1 loss 8.72 helix 1.35 pae 0.69 i_pae 0.68 con 4.23 i_con 4.23 plddt 0.28 ptm 0.76 i_ptm 0.22 rg 0.72
7 models [2] recycles 1 hard 0 soft 0.13 temp 1 loss 8.20 helix 0.82 pae 0.64 i_pae 0.65 con 4.02 i_con 4.06 plddt 0.40 ptm 0.77 i_ptm 0.23 rg -0.18
8 models [2] recycles 1 hard 0 soft 0.14 temp 1 loss 8.05 helix 1.52 pae 0.69 i_pae 0.67 con 4.23 i_con 3.87 plddt 0.33 ptm 0.76 i_ptm 0.22 rg -0.14
9 models [0] recycles 1 hard 0 soft 0.16 temp 1 loss 8.30 helix 0.99 pae 0.65 i_pae 0.67 con 4.15 i_con 3.99 plddt 0.38 ptm 0.77 i_ptm 0.21 rg 0.12
10 models [3] recycles 1 hard 0 soft 0.18 temp 1 loss 7.97 helix 1.23 pae 0.64 i_pae 0.63 con 4.06 i_con 3.84 plddt 0.36 ptm 0.78 i_ptm 0.25 rg 0.06
11 models [3] recycles 1 hard 0 soft 0.20 temp 1 loss 7.90 helix 0.96 pae 0.63 i_pae 0.64 con 3.86 i_con 4.00 plddt 0.40 ptm 0.77 i_ptm 0.24 rg -0.32
12 models [3] recycles 1 hard 0 soft 0.22 temp 1 loss 7.77 helix 1.05 pae 0.62 i_pae 0.63 con 3.81 i_con 3.95 plddt 0.38 ptm 0.77 i_ptm 0.25 rg -0.30
13 models [4] recycles 1 hard 0 soft 0.23 temp 1 loss 7.70 helix 0.98 pae 0.61 i_pae 0.63 con 3.88 i_con 3.90 plddt 0.39 ptm 0.77 i_ptm 0.25 rg -0.64
14 models [3] recycles 1 hard 0 soft 0.25 temp 1 loss 7.69 helix 0.87 pae 0.61 i_pae 0.64 con 3.63 i_con 3.90 plddt 0.44 ptm 0.77 i_ptm 0.24 rg 0.04
15 models [3] recycles 1 hard 0 soft 0.27 temp 1 loss 7.62 helix 1.05 pae 0.61 i_pae 0.62 con 3.81 i_con 3.88 plddt 0.40 ptm 0.77 i_ptm 0.25 rg -0.51
16 models [4] recycles 1 hard 0 soft 0.29 temp 1 loss 7.67 helix 0.95 pae 0.59 i_pae 0.62 con 3.67 i_con 3.86 plddt 0.43 ptm 0.77 i_ptm 0.25 rg 0.12
17 models [3] recycles 1 hard 0 soft 0.31 temp 1 loss 8.86 helix 1.58 pae 0.69 i_pae 0.67 con 4.20 i_con 3.95 plddt 0.32 ptm 0.77 i_ptm 0.23 rg 2.47
18 models [4] recycles 1 hard 0 soft 0.32 temp 1 loss 7.66 helix 0.96 pae 0.61 i_pae 0.64 con 3.62 i_con 4.01 plddt 0.44 ptm 0.76 i_ptm 0.23 rg -0.29
19 models [3] recycles 1 hard 0 soft 0.34 temp 1 loss 7.61 helix 1.07 pae 0.60 i_pae 0.63 con 3.56 i_con 3.95 plddt 0.45 ptm 0.77 i_ptm 0.26 rg 0.06
20 models [0] recycles 1 hard 0 soft 0.36 temp 1 loss 7.44 helix 1.05 pae 0.58 i_pae 0.62 con 3.31 i_con 3.95 plddt 0.50 ptm 0.77 i_ptm 0.25 rg 0.37
21 models [1] recycles 1 hard 0 soft 0.38 temp 1 loss 6.93 helix 0.95 pae 0.51 i_pae 0.55 con 2.64 i_con 3.82 plddt 0.60 ptm 0.78 i_ptm 0.31 rg 1.40
22 models [3] recycles 1 hard 0 soft 0.40 temp 1 loss 6.54 helix 1.08 pae 0.47 i_pae 0.52 con 2.37 i_con 3.71 plddt 0.63 ptm 0.78 i_ptm 0.31 rg 1.58
23 models [0] recycles 1 hard 0 soft 0.41 temp 1 loss 6.65 helix 1.13 pae 0.48 i_pae 0.55 con 2.40 i_con 3.77 plddt 0.64 ptm 0.78 i_ptm 0.31 rg 1.65
24 models [3] recycles 1 hard 0 soft 0.43 temp 1 loss 6.39 helix 1.14 pae 0.44 i_pae 0.49 con 2.32 i_con 3.58 plddt 0.68 ptm 0.80 i_ptm 0.36 rg 1.79
25 models [2] recycles 1 hard 0 soft 0.45 temp 1 loss 6.56 helix 1.15 pae 0.50 i_pae 0.57 con 2.30 i_con 3.80 plddt 0.66 ptm 0.77 i_ptm 0.30 rg 1.57
26 models [3] recycles 1 hard 0 soft 0.47 temp 1 loss 6.32 helix 1.27 pae 0.48 i_pae 0.55 con 2.08 i_con 3.76 plddt 0.70 ptm 0.77 i_ptm 0.28 rg 1.81
27 models [3] recycles 1 hard 0 soft 0.49 temp 1 loss 6.17 helix 1.09 pae 0.42 i_pae 0.47 con 2.15 i_con 3.53 plddt 0.72 ptm 0.80 i_ptm 0.38 rg 1.79
28 models [1] recycles 1 hard 0 soft 0.50 temp 1 loss 5.50 helix 1.11 pae 0.30 i_pae 0.30 con 2.19 i_con 2.90 plddt 0.78 ptm 0.85 i_ptm 0.61 rg 1.87
29 models [3] recycles 1 hard 0 soft 0.52 temp 1 loss 5.47 helix 1.17 pae 0.34 i_pae 0.37 con 1.95 i_con 3.12 plddt 0.78 ptm 0.83 i_ptm 0.52 rg 1.78
30 models [0] recycles 1 hard 0 soft 0.54 temp 1 loss 5.51 helix 1.09 pae 0.31 i_pae 0.32 con 2.19 i_con 2.90 plddt 0.75 ptm 0.84 i_ptm 0.57 rg 1.83
31 models [4] recycles 1 hard 0 soft 0.56 temp 1 loss 5.25 helix 1.18 pae 0.31 i_pae 0.33 con 1.89 i_con 2.95 plddt 0.80 ptm 0.83 i_ptm 0.55 rg 1.86
32 models [0] recycles 1 hard 0 soft 0.58 temp 1 loss 5.31 helix 0.85 pae 0.28 i_pae 0.27 con 2.32 i_con 2.51 plddt 0.75 ptm 0.86 i_ptm 0.67 rg 1.88
33 models [2] recycles 1 hard 0 soft 0.59 temp 1 loss 5.54 helix 1.26 pae 0.36 i_pae 0.37 con 2.26 i_con 2.94 plddt 0.74 ptm 0.83 i_ptm 0.53 rg 1.61
34 models [3] recycles 1 hard 0 soft 0.61 temp 1 loss 5.76 helix 1.47 pae 0.40 i_pae 0.42 con 2.04 i_con 3.35 plddt 0.72 ptm 0.81 i_ptm 0.43 rg 1.83
35 models [1] recycles 1 hard 0 soft 0.63 temp 1 loss 5.21 helix 1.16 pae 0.26 i_pae 0.25 con 2.33 i_con 2.51 plddt 0.76 ptm 0.88 i_ptm 0.72 rg 1.84
36 models [1] recycles 1 hard 0 soft 0.65 temp 1 loss 9.24 helix 1.56 pae 0.67 i_pae 0.68 con 4.14 i_con 4.39 plddt 0.38 ptm 0.77 i_ptm 0.22 rg 2.46
37 models [0] recycles 1 hard 0 soft 0.67 temp 1 loss 7.92 helix 1.36 pae 0.60 i_pae 0.63 con 3.69 i_con 4.15 plddt 0.45 ptm 0.77 i_ptm 0.25 rg 0.30
38 models [3] recycles 1 hard 0 soft 0.68 temp 1 loss 6.57 helix 1.12 pae 0.47 i_pae 0.49 con 2.71 i_con 3.52 plddt 0.61 ptm 0.80 i_ptm 0.39 rg 1.22
39 models [4] recycles 1 hard 0 soft 0.70 temp 1 loss 6.16 helix 1.18 pae 0.38 i_pae 0.39 con 2.62 i_con 3.23 plddt 0.66 ptm 0.83 i_ptm 0.50 rg 1.36
40 models [2] recycles 1 hard 0 soft 0.72 temp 1 loss 6.87 helix 0.97 pae 0.48 i_pae 0.51 con 2.93 i_con 3.56 plddt 0.58 ptm 0.79 i_ptm 0.38 rg 1.17
41 models [3] recycles 1 hard 0 soft 0.74 temp 1 loss 5.89 helix 1.36 pae 0.39 i_pae 0.42 con 2.17 i_con 3.34 plddt 0.72 ptm 0.81 i_ptm 0.45 rg 1.76
42 models [1] recycles 1 hard 0 soft 0.76 temp 1 loss 6.74 helix 1.02 pae 0.47 i_pae 0.50 con 2.72 i_con 3.62 plddt 0.65 ptm 0.80 i_ptm 0.37 rg 1.35
43 models [2] recycles 1 hard 0 soft 0.77 temp 1 loss 6.75 helix 0.86 pae 0.50 i_pae 0.54 con 2.67 i_con 3.64 plddt 0.62 ptm 0.78 i_ptm 0.33 rg 1.23
44 models [4] recycles 1 hard 0 soft 0.79 temp 1 loss 6.44 helix 0.84 pae 0.42 i_pae 0.46 con 2.43 i_con 3.50 plddt 0.68 ptm 0.81 i_ptm 0.41 rg 1.62
45 models [2] recycles 1 hard 0 soft 0.81 temp 1 loss 5.91 helix 0.86 pae 0.33 i_pae 0.34 con 2.34 i_con 3.05 plddt 0.75 ptm 0.84 i_ptm 0.57 rg 1.90
46 models [4] recycles 1 hard 0 soft 0.83 temp 1 loss 4.88 helix 1.03 pae 0.21 i_pae 0.19 con 2.10 i_con 2.35 plddt 0.84 ptm 0.89 i_ptm 0.77 rg 2.01
47 models [3] recycles 1 hard 0 soft 0.85 temp 1 loss 5.03 helix 0.84 pae 0.22 i_pae 0.20 con 2.20 i_con 2.34 plddt 0.81 ptm 0.89 i_ptm 0.77 rg 2.00
48 models [4] recycles 1 hard 0 soft 0.86 temp 1 loss 5.48 helix 0.82 pae 0.26 i_pae 0.25 con 2.35 i_con 2.62 plddt 0.78 ptm 0.87 i_ptm 0.70 rg 1.93
49 models [0] recycles 1 hard 0 soft 0.88 temp 1 loss 5.68 helix 0.90 pae 0.29 i_pae 0.30 con 2.28 i_con 2.89 plddt 0.76 ptm 0.85 i_ptm 0.61 rg 1.97
50 models [3] recycles 1 hard 0 soft 0.90 temp 1 loss 6.22 helix 0.91 pae 0.40 i_pae 0.43 con 2.36 i_con 3.34 plddt 0.69 ptm 0.82 i_ptm 0.45 rg 1.75
Initial trajectory pLDDT good, continuing: 0.84
Stage 2: Softmax Optimisation
51 models [3] recycles 1 hard 0 soft 1 temp 0.92 loss 6.15 helix 0.87 pae 0.40 i_pae 0.40 con 2.59 i_con 3.07 plddt 0.67 ptm 0.83 i_ptm 0.52 rg 1.68
52 models [1] recycles 1 hard 0 soft 1 temp 0.85 loss 5.36 helix 0.93 pae 0.27 i_pae 0.28 con 2.20 i_con 2.70 plddt 0.77 ptm 0.87 i_ptm 0.69 rg 1.87
53 models [0] recycles 1 hard 0 soft 1 temp 0.78 loss 5.82 helix 0.84 pae 0.34 i_pae 0.35 con 2.37 i_con 2.96 plddt 0.73 ptm 0.84 i_ptm 0.55 rg 1.74
54 models [2] recycles 1 hard 0 soft 1 temp 0.71 loss 6.07 helix 0.95 pae 0.38 i_pae 0.38 con 2.67 i_con 2.97 plddt 0.68 ptm 0.83 i_ptm 0.53 rg 1.58
55 models [1] recycles 1 hard 0 soft 1 temp 0.64 loss 5.38 helix 1.02 pae 0.29 i_pae 0.28 con 2.33 i_con 2.66 plddt 0.75 ptm 0.87 i_ptm 0.67 rg 1.70
56 models [0] recycles 1 hard 0 soft 1 temp 0.58 loss 5.51 helix 0.99 pae 0.29 i_pae 0.30 con 2.33 i_con 2.75 plddt 0.75 ptm 0.85 i_ptm 0.63 rg 1.80
57 models [2] recycles 1 hard 0 soft 1 temp 0.52 loss 6.01 helix 1.02 pae 0.40 i_pae 0.42 con 2.46 i_con 3.12 plddt 0.71 ptm 0.82 i_ptm 0.49 rg 1.60
58 models [2] recycles 1 hard 0 soft 1 temp 0.47 loss 5.39 helix 1.10 pae 0.31 i_pae 0.31 con 2.20 i_con 2.79 plddt 0.77 ptm 0.85 i_ptm 0.61 rg 1.77
59 models [4] recycles 1 hard 0 soft 1 temp 0.42 loss 6.68 helix 1.15 pae 0.48 i_pae 0.51 con 2.63 i_con 3.69 plddt 0.60 ptm 0.79 i_ptm 0.35 rg 1.31
60 models [1] recycles 1 hard 0 soft 1 temp 0.37 loss 4.90 helix 1.20 pae 0.23 i_pae 0.22 con 2.07 i_con 2.49 plddt 0.81 ptm 0.88 i_ptm 0.72 rg 1.83
61 models [0] recycles 1 hard 0 soft 1 temp 0.32 loss 5.60 helix 1.11 pae 0.34 i_pae 0.37 con 2.12 i_con 3.09 plddt 0.74 ptm 0.83 i_ptm 0.51 rg 1.68
62 models [1] recycles 1 hard 0 soft 1 temp 0.28 loss 5.95 helix 0.99 pae 0.35 i_pae 0.39 con 2.22 i_con 3.26 plddt 0.74 ptm 0.83 i_ptm 0.51 rg 1.82
63 models [3] recycles 1 hard 0 soft 1 temp 0.24 loss 5.91 helix 1.14 pae 0.41 i_pae 0.46 con 2.10 i_con 3.39 plddt 0.73 ptm 0.80 i_ptm 0.42 rg 1.69
64 models [1] recycles 1 hard 0 soft 1 temp 0.20 loss 5.39 helix 1.07 pae 0.29 i_pae 0.30 con 2.13 i_con 2.85 plddt 0.78 ptm 0.86 i_ptm 0.62 rg 1.77
65 models [4] recycles 1 hard 0 soft 1 temp 0.17 loss 6.06 helix 1.11 pae 0.39 i_pae 0.43 con 2.30 i_con 3.39 plddt 0.70 ptm 0.82 i_ptm 0.44 rg 1.53
66 models [3] recycles 1 hard 0 soft 1 temp 0.14 loss 5.68 helix 0.85 pae 0.32 i_pae 0.33 con 2.35 i_con 2.83 plddt 0.75 ptm 0.85 i_ptm 0.60 rg 1.84
67 models [3] recycles 1 hard 0 soft 1 temp 0.11 loss 7.66 helix 1.12 pae 0.60 i_pae 0.61 con 3.73 i_con 3.80 plddt 0.42 ptm 0.78 i_ptm 0.28 rg 0.23
68 models [4] recycles 1 hard 0 soft 1 temp 0.09 loss 8.01 helix 1.69 pae 0.63 i_pae 0.65 con 3.71 i_con 4.21 plddt 0.37 ptm 0.77 i_ptm 0.23 rg 0.57
69 models [0] recycles 1 hard 0 soft 1 temp 0.07 loss 8.13 helix 1.75 pae 0.65 i_pae 0.68 con 3.68 i_con 4.37 plddt 0.40 ptm 0.76 i_ptm 0.21 rg 0.60
70 models [0] recycles 1 hard 0 soft 1 temp 0.05 loss 8.26 helix 1.83 pae 0.65 i_pae 0.68 con 3.76 i_con 4.32 plddt 0.39 ptm 0.76 i_ptm 0.21 rg 1.00
71 models [1] recycles 1 hard 0 soft 1 temp 0.04 loss 8.10 helix 1.87 pae 0.62 i_pae 0.64 con 3.67 i_con 4.13 plddt 0.42 ptm 0.77 i_ptm 0.24 rg 1.50
72 models [3] recycles 1 hard 0 soft 1 temp 0.02 loss 7.80 helix 1.76 pae 0.65 i_pae 0.65 con 3.80 i_con 4.08 plddt 0.34 ptm 0.77 i_ptm 0.23 rg 0.04
73 models [1] recycles 1 hard 0 soft 1 temp 0.02 loss 8.54 helix 1.42 pae 0.65 i_pae 0.67 con 3.83 i_con 4.27 plddt 0.40 ptm 0.77 i_ptm 0.22 rg 1.47
74 models [1] recycles 1 hard 0 soft 1 temp 0.01 loss 7.97 helix 1.29 pae 0.60 i_pae 0.61 con 3.75 i_con 3.97 plddt 0.44 ptm 0.78 i_ptm 0.27 rg 0.78
75 models [2] recycles 1 hard 0 soft 1 temp 0.01 loss 7.88 helix 1.89 pae 0.64 i_pae 0.65 con 3.68 i_con 4.08 plddt 0.40 ptm 0.76 i_ptm 0.22 rg 0.88
Softmax trajectory pLDDT good, continuing: 0.81
Stage 3: One-hot Optimisation
76 models [3] recycles 1 hard 1 soft 1 temp 0.01 loss 7.89 helix 1.82 pae 0.63 i_pae 0.63 con 3.67 i_con 4.10 plddt 0.32 ptm 0.78 i_ptm 0.25 rg 0.82
77 models [1] recycles 1 hard 1 soft 1 temp 0.01 loss 8.26 helix 1.90 pae 0.62 i_pae 0.64 con 3.65 i_con 4.12 plddt 0.39 ptm 0.77 i_ptm 0.24 rg 2.20
78 models [1] recycles 1 hard 1 soft 1 temp 0.01 loss 8.26 helix 1.90 pae 0.62 i_pae 0.64 con 3.65 i_con 4.12 plddt 0.39 ptm 0.77 i_ptm 0.24 rg 2.20
One-hot trajectory pLDDT too low to continue: 0.32
Severe clashes detected, skipping analysis and MPNN optimisation

Starting trajectory took: 0 hours, 26 minutes, 16 seconds

Starting trajectory: EGFRd3_p2g1_l67_s351501
Stage 1: Test Logits
1 models [0] recycles 1 hard 0 soft 0.02 temp 1 loss 10.24 helix 2.03 pae 0.84 i_pae 0.85 con 4.91 i_con 4.53 plddt 0.29 ptm 0.72 i_ptm 0.11 rg 2.94
2 models [1] recycles 1 hard 0 soft 0.04 temp 1 loss 9.73 helix 1.20 pae 0.72 i_pae 0.71 con 4.45 i_con 4.03 plddt 0.35 ptm 0.75 i_ptm 0.20 rg 3.84
3 models [3] recycles 1 hard 0 soft 0.05 temp 1 loss 8.67 helix 1.12 pae 0.68 i_pae 0.68 con 4.07 i_con 4.02 plddt 0.37 ptm 0.75 i_ptm 0.22 rg 1.59
4 models [2] recycles 1 hard 0 soft 0.07 temp 1 loss 9.06 helix 0.85 pae 0.70 i_pae 0.72 con 3.96 i_con 4.26 plddt 0.41 ptm 0.73 i_ptm 0.19 rg 2.16
5 models [0] recycles 1 hard 0 soft 0.09 temp 1 loss 8.81 helix 1.05 pae 0.71 i_pae 0.73 con 3.95 i_con 4.44 plddt 0.34 ptm 0.73 i_ptm 0.17 rg 0.94
6 models [0] recycles 1 hard 0 soft 0.11 temp 1 loss 8.38 helix 0.94 pae 0.69 i_pae 0.73 con 3.80 i_con 4.48 plddt 0.38 ptm 0.73 i_ptm 0.18 rg -0.25
7 models [2] recycles 1 hard 0 soft 0.13 temp 1 loss 8.34 helix 1.13 pae 0.66 i_pae 0.67 con 3.93 i_con 4.17 plddt 0.38 ptm 0.74 i_ptm 0.22 rg 0.46
8 models [2] recycles 1 hard 0 soft 0.14 temp 1 loss 7.92 helix 1.20 pae 0.65 i_pae 0.68 con 3.78 i_con 4.29 plddt 0.39 ptm 0.74 i_ptm 0.22 rg -0.72
9 models [1] recycles 1 hard 0 soft 0.16 temp 1 loss 7.64 helix 1.20 pae 0.63 i_pae 0.66 con 3.52 i_con 4.27 plddt 0.42 ptm 0.75 i_ptm 0.22 rg -0.71
10 models [2] recycles 1 hard 0 soft 0.18 temp 1 loss 7.09 helix 1.16 pae 0.55 i_pae 0.55 con 3.50 i_con 3.68 plddt 0.46 ptm 0.77 i_ptm 0.32 rg -0.34
11 models [0] recycles 1 hard 0 soft 0.20 temp 1 loss 6.72 helix 1.32 pae 0.53 i_pae 0.53 con 3.47 i_con 3.34 plddt 0.46 ptm 0.78 i_ptm 0.39 rg -0.12
12 models [4] recycles 1 hard 0 soft 0.22 temp 1 loss 7.17 helix 1.17 pae 0.58 i_pae 0.58 con 3.63 i_con 3.68 plddt 0.40 ptm 0.76 i_ptm 0.30 rg -0.57
13 models [3] recycles 1 hard 0 soft 0.23 temp 1 loss 6.92 helix 1.16 pae 0.54 i_pae 0.52 con 3.54 i_con 3.35 plddt 0.45 ptm 0.78 i_ptm 0.38 rg 0.10
14 models [2] recycles 1 hard 0 soft 0.25 temp 1 loss 6.85 helix 1.23 pae 0.52 i_pae 0.49 con 3.46 i_con 3.18 plddt 0.49 ptm 0.79 i_ptm 0.45 rg 0.82
15 models [3] recycles 1 hard 0 soft 0.27 temp 1 loss 6.80 helix 1.19 pae 0.53 i_pae 0.52 con 3.50 i_con 3.37 plddt 0.46 ptm 0.78 i_ptm 0.36 rg -0.21
16 models [3] recycles 1 hard 0 soft 0.29 temp 1 loss 6.71 helix 1.14 pae 0.52 i_pae 0.51 con 3.36 i_con 3.37 plddt 0.49 ptm 0.78 i_ptm 0.38 rg -0.09
17 models [0] recycles 1 hard 0 soft 0.31 temp 1 loss 6.49 helix 1.20 pae 0.50 i_pae 0.49 con 3.35 i_con 3.20 plddt 0.49 ptm 0.79 i_ptm 0.48 rg -0.10
18 models [2] recycles 1 hard 0 soft 0.32 temp 1 loss 6.61 helix 1.23 pae 0.51 i_pae 0.50 con 3.34 i_con 3.20 plddt 0.51 ptm 0.79 i_ptm 0.46 rg 0.37
19 models [0] recycles 1 hard 0 soft 0.34 temp 1 loss 6.15 helix 1.26 pae 0.47 i_pae 0.46 con 3.23 i_con 2.92 plddt 0.53 ptm 0.80 i_ptm 0.55 rg 0.24
20 models [2] recycles 1 hard 0 soft 0.36 temp 1 loss 6.07 helix 1.22 pae 0.50 i_pae 0.48 con 3.18 i_con 3.11 plddt 0.49 ptm 0.79 i_ptm 0.49 rg -0.59
21 models [3] recycles 1 hard 0 soft 0.38 temp 1 loss 6.04 helix 1.27 pae 0.48 i_pae 0.45 con 3.21 i_con 2.84 plddt 0.52 ptm 0.80 i_ptm 0.54 rg 0.17
22 models [3] recycles 1 hard 0 soft 0.40 temp 1 loss 6.20 helix 1.37 pae 0.47 i_pae 0.45 con 3.29 i_con 3.08 plddt 0.52 ptm 0.80 i_ptm 0.50 rg -0.23
23 models [0] recycles 1 hard 0 soft 0.41 temp 1 loss 6.01 helix 1.45 pae 0.46 i_pae 0.44 con 3.36 i_con 2.79 plddt 0.52 ptm 0.81 i_ptm 0.60 rg -0.00
24 models [3] recycles 1 hard 0 soft 0.43 temp 1 loss 7.75 helix 1.39 pae 0.62 i_pae 0.62 con 3.74 i_con 4.10 plddt 0.38 ptm 0.76 i_ptm 0.28 rg -0.26
25 models [1] recycles 1 hard 0 soft 0.45 temp 1 loss 6.23 helix 1.40 pae 0.48 i_pae 0.45 con 3.33 i_con 2.99 plddt 0.51 ptm 0.81 i_ptm 0.51 rg 0.10
26 models [1] recycles 1 hard 0 soft 0.47 temp 1 loss 5.95 helix 1.42 pae 0.43 i_pae 0.40 con 3.25 i_con 2.74 plddt 0.56 ptm 0.82 i_ptm 0.60 rg 0.39
27 models [1] recycles 1 hard 0 soft 0.49 temp 1 loss 6.11 helix 1.50 pae 0.47 i_pae 0.44 con 3.35 i_con 2.92 plddt 0.52 ptm 0.81 i_ptm 0.53 rg -0.03
28 models [0] recycles 1 hard 0 soft 0.50 temp 1 loss 5.73 helix 1.49 pae 0.44 i_pae 0.41 con 3.25 i_con 2.68 plddt 0.54 ptm 0.82 i_ptm 0.64 rg -0.12
29 models [0] recycles 1 hard 0 soft 0.52 temp 1 loss 5.95 helix 1.50 pae 0.44 i_pae 0.41 con 3.30 i_con 2.70 plddt 0.53 ptm 0.82 i_ptm 0.67 rg 0.38
30 models [2] recycles 1 hard 0 soft 0.54 temp 1 loss 6.07 helix 1.45 pae 0.46 i_pae 0.43 con 3.32 i_con 2.94 plddt 0.50 ptm 0.81 i_ptm 0.56 rg -0.16
31 models [4] recycles 1 hard 0 soft 0.56 temp 1 loss 5.71 helix 1.42 pae 0.42 i_pae 0.38 con 3.28 i_con 2.52 plddt 0.53 ptm 0.83 i_ptm 0.67 rg 0.20
32 models [1] recycles 1 hard 0 soft 0.58 temp 1 loss 5.94 helix 1.44 pae 0.43 i_pae 0.40 con 3.28 i_con 2.76 plddt 0.54 ptm 0.83 i_ptm 0.64 rg 0.19
33 models [3] recycles 1 hard 0 soft 0.59 temp 1 loss 6.32 helix 1.34 pae 0.47 i_pae 0.45 con 3.25 i_con 3.23 plddt 0.50 ptm 0.80 i_ptm 0.44 rg -0.26
34 models [1] recycles 1 hard 0 soft 0.61 temp 1 loss 5.83 helix 1.47 pae 0.42 i_pae 0.38 con 3.30 i_con 2.60 plddt 0.56 ptm 0.84 i_ptm 0.66 rg 0.37
35 models [3] recycles 1 hard 0 soft 0.63 temp 1 loss 5.66 helix 1.52 pae 0.41 i_pae 0.37 con 3.12 i_con 2.71 plddt 0.57 ptm 0.83 i_ptm 0.65 rg 0.07
36 models [4] recycles 1 hard 0 soft 0.65 temp 1 loss 5.73 helix 1.42 pae 0.41 i_pae 0.39 con 3.09 i_con 2.84 plddt 0.56 ptm 0.82 i_ptm 0.59 rg -0.15
37 models [1] recycles 1 hard 0 soft 0.67 temp 1 loss 5.45 helix 1.64 pae 0.39 i_pae 0.35 con 3.14 i_con 2.48 plddt 0.59 ptm 0.84 i_ptm 0.71 rg 0.26
38 models [2] recycles 1 hard 0 soft 0.68 temp 1 loss 5.88 helix 1.58 pae 0.42 i_pae 0.40 con 3.05 i_con 3.05 plddt 0.58 ptm 0.82 i_ptm 0.52 rg -0.07
39 models [0] recycles 1 hard 0 soft 0.70 temp 1 loss 5.46 helix 1.61 pae 0.37 i_pae 0.35 con 3.04 i_con 2.67 plddt 0.60 ptm 0.84 i_ptm 0.67 rg -0.03
40 models [3] recycles 1 hard 0 soft 0.72 temp 1 loss 5.68 helix 1.59 pae 0.37 i_pae 0.35 con 2.87 i_con 2.98 plddt 0.63 ptm 0.83 i_ptm 0.57 rg 0.19
41 models [4] recycles 1 hard 0 soft 0.74 temp 1 loss 5.09 helix 1.68 pae 0.33 i_pae 0.30 con 2.82 i_con 2.51 plddt 0.65 ptm 0.86 i_ptm 0.73 rg 0.19
42 models [2] recycles 1 hard 0 soft 0.76 temp 1 loss 4.50 helix 1.92 pae 0.28 i_pae 0.25 con 2.47 i_con 2.42 plddt 0.74 ptm 0.87 i_ptm 0.74 rg 0.05
43 models [4] recycles 1 hard 0 soft 0.77 temp 1 loss 4.97 helix 1.90 pae 0.31 i_pae 0.30 con 2.62 i_con 2.69 plddt 0.70 ptm 0.85 i_ptm 0.67 rg 0.09
44 models [2] recycles 1 hard 0 soft 0.79 temp 1 loss 5.08 helix 1.77 pae 0.34 i_pae 0.31 con 2.81 i_con 2.60 plddt 0.66 ptm 0.85 i_ptm 0.67 rg -0.06
45 models [2] recycles 1 hard 0 soft 0.81 temp 1 loss 6.02 helix 1.66 pae 0.45 i_pae 0.43 con 3.01 i_con 3.20 plddt 0.58 ptm 0.80 i_ptm 0.46 rg 0.04
46 models [2] recycles 1 hard 0 soft 0.83 temp 1 loss 4.85 helix 1.81 pae 0.31 i_pae 0.28 con 2.60 i_con 2.54 plddt 0.71 ptm 0.86 i_ptm 0.69 rg 0.18
47 models [2] recycles 1 hard 0 soft 0.85 temp 1 loss 6.85 helix 1.36 pae 0.55 i_pae 0.54 con 3.41 i_con 3.50 plddt 0.47 ptm 0.77 i_ptm 0.34 rg -0.02
48 models [0] recycles 1 hard 0 soft 0.86 temp 1 loss 6.84 helix 1.48 pae 0.52 i_pae 0.55 con 3.21 i_con 3.83 plddt 0.52 ptm 0.78 i_ptm 0.34 rg -0.33
49 models [2] recycles 1 hard 0 soft 0.88 temp 1 loss 5.38 helix 1.78 pae 0.36 i_pae 0.34 con 2.65 i_con 2.93 plddt 0.67 ptm 0.83 i_ptm 0.59 rg 0.32
50 models [4] recycles 1 hard 0 soft 0.90 temp 1 loss 5.44 helix 1.55 pae 0.37 i_pae 0.34 con 2.97 i_con 2.67 plddt 0.62 ptm 0.84 i_ptm 0.61 rg 0.11
Initial trajectory pLDDT good, continuing: 0.74
Stage 2: Softmax Optimisation
51 models [4] recycles 1 hard 0 soft 1 temp 0.92 loss 6.48 helix 1.27 pae 0.49 i_pae 0.45 con 3.46 i_con 3.01 plddt 0.49 ptm 0.80 i_ptm 0.48 rg 0.23
52 models [4] recycles 1 hard 0 soft 1 temp 0.85 loss 6.18 helix 1.37 pae 0.44 i_pae 0.41 con 3.26 i_con 2.98 plddt 0.55 ptm 0.82 i_ptm 0.51 rg 0.22
53 models [4] recycles 1 hard 0 soft 1 temp 0.78 loss 4.96 helix 1.81 pae 0.32 i_pae 0.29 con 2.64 i_con 2.59 plddt 0.68 ptm 0.86 i_ptm 0.67 rg 0.23
54 models [4] recycles 1 hard 0 soft 1 temp 0.71 loss 5.13 helix 1.93 pae 0.35 i_pae 0.33 con 2.62 i_con 2.81 plddt 0.67 ptm 0.84 i_ptm 0.59 rg 0.17
55 models [2] recycles 1 hard 0 soft 1 temp 0.64 loss 5.46 helix 1.82 pae 0.37 i_pae 0.35 con 2.87 i_con 2.81 plddt 0.64 ptm 0.84 i_ptm 0.59 rg 0.32
56 models [1] recycles 1 hard 0 soft 1 temp 0.58 loss 5.20 helix 1.81 pae 0.35 i_pae 0.32 con 2.81 i_con 2.57 plddt 0.65 ptm 0.86 i_ptm 0.66 rg 0.44
57 models [4] recycles 1 hard 0 soft 1 temp 0.52 loss 5.66 helix 1.61 pae 0.40 i_pae 0.37 con 2.98 i_con 2.82 plddt 0.59 ptm 0.83 i_ptm 0.56 rg 0.30
58 models [2] recycles 1 hard 0 soft 1 temp 0.47 loss 5.52 helix 1.60 pae 0.39 i_pae 0.36 con 2.93 i_con 2.77 plddt 0.62 ptm 0.83 i_ptm 0.57 rg 0.16
59 models [0] recycles 1 hard 0 soft 1 temp 0.42 loss 5.63 helix 1.64 pae 0.37 i_pae 0.34 con 3.03 i_con 2.66 plddt 0.64 ptm 0.85 i_ptm 0.62 rg 0.69
60 models [1] recycles 1 hard 0 soft 1 temp 0.37 loss 5.12 helix 1.72 pae 0.33 i_pae 0.30 con 2.73 i_con 2.46 plddt 0.68 ptm 0.87 i_ptm 0.69 rg 0.80
61 models [4] recycles 1 hard 0 soft 1 temp 0.32 loss 6.82 helix 1.64 pae 0.55 i_pae 0.54 con 3.36 i_con 3.50 plddt 0.48 ptm 0.78 i_ptm 0.35 rg 0.35
62 models [1] recycles 1 hard 0 soft 1 temp 0.28 loss 5.09 helix 1.81 pae 0.33 i_pae 0.30 con 2.68 i_con 2.49 plddt 0.68 ptm 0.86 i_ptm 0.68 rg 0.86
63 models [3] recycles 1 hard 0 soft 1 temp 0.24 loss 5.12 helix 1.82 pae 0.33 i_pae 0.29 con 2.71 i_con 2.48 plddt 0.69 ptm 0.87 i_ptm 0.68 rg 0.87
64 models [1] recycles 1 hard 0 soft 1 temp 0.20 loss 4.88 helix 1.85 pae 0.32 i_pae 0.29 con 2.64 i_con 2.42 plddt 0.68 ptm 0.87 i_ptm 0.70 rg 0.58
65 models [0] recycles 1 hard 0 soft 1 temp 0.17 loss 7.95 helix 1.76 pae 0.69 i_pae 0.76 con 3.31 i_con 4.88 plddt 0.46 ptm 0.73 i_ptm 0.16 rg -0.55
66 models [1] recycles 1 hard 0 soft 1 temp 0.14 loss 5.05 helix 1.78 pae 0.33 i_pae 0.30 con 2.70 i_con 2.48 plddt 0.68 ptm 0.86 i_ptm 0.67 rg 0.64
67 models [2] recycles 1 hard 0 soft 1 temp 0.11 loss 5.92 helix 1.59 pae 0.41 i_pae 0.39 con 2.98 i_con 2.95 plddt 0.62 ptm 0.82 i_ptm 0.54 rg 0.65
68 models [2] recycles 1 hard 0 soft 1 temp 0.09 loss 5.79 helix 1.63 pae 0.40 i_pae 0.39 con 2.99 i_con 2.89 plddt 0.62 ptm 0.82 i_ptm 0.55 rg 0.45
69 models [1] recycles 1 hard 0 soft 1 temp 0.07 loss 5.22 helix 1.77 pae 0.35 i_pae 0.32 con 2.88 i_con 2.40 plddt 0.65 ptm 0.85 i_ptm 0.67 rg 0.82
70 models [4] recycles 1 hard 0 soft 1 temp 0.05 loss 7.79 helix 1.60 pae 0.66 i_pae 0.66 con 3.78 i_con 4.14 plddt 0.35 ptm 0.75 i_ptm 0.23 rg -0.27
71 models [1] recycles 1 hard 0 soft 1 temp 0.04 loss 7.96 helix 1.60 pae 0.66 i_pae 0.67 con 3.66 i_con 4.25 plddt 0.37 ptm 0.75 i_ptm 0.22 rg 0.32
72 models [0] recycles 1 hard 0 soft 1 temp 0.02 loss 5.23 helix 1.76 pae 0.33 i_pae 0.31 con 2.83 i_con 2.50 plddt 0.66 ptm 0.86 i_ptm 0.64 rg 0.69
73 models [1] recycles 1 hard 0 soft 1 temp 0.02 loss 5.49 helix 1.73 pae 0.36 i_pae 0.34 con 2.88 i_con 2.63 plddt 0.64 ptm 0.85 i_ptm 0.61 rg 0.88
74 models [1] recycles 1 hard 0 soft 1 temp 0.01 loss 7.77 helix 1.63 pae 0.65 i_pae 0.67 con 3.64 i_con 4.24 plddt 0.38 ptm 0.75 i_ptm 0.23 rg -0.16
75 models [3] recycles 1 hard 0 soft 1 temp 0.01 loss 5.75 helix 1.67 pae 0.39 i_pae 0.37 con 3.03 i_con 2.78 plddt 0.62 ptm 0.83 i_ptm 0.57 rg 0.65
Softmax trajectory pLDDT good, continuing: 0.68
Stage 3: One-hot Optimisation
76 models [2] recycles 1 hard 1 soft 1 temp 0.01 loss 5.85 helix 1.63 pae 0.39 i_pae 0.38 con 2.92 i_con 2.98 plddt 0.60 ptm 0.83 i_ptm 0.54 rg 0.58
77 models [2] recycles 1 hard 1 soft 1 temp 0.01 loss 5.85 helix 1.63 pae 0.39 i_pae 0.38 con 2.92 i_con 2.98 plddt 0.60 ptm 0.83 i_ptm 0.54 rg 0.58
78 models [0] recycles 1 hard 1 soft 1 temp 0.01 loss 5.19 helix 1.83 pae 0.33 i_pae 0.31 con 2.76 i_con 2.53 plddt 0.63 ptm 0.86 i_ptm 0.64 rg 0.77
One-hot trajectory pLDDT too low to continue: 0.63
Trajectory starting confidence low, skipping analysis and MPNN optimisation

Starting trajectory took: 0 hours, 28 minutes, 10 seconds

Starting trajectory: EGFRd3_p2g1_l64_s994369
Stage 1: Test Logits
1 models [2] recycles 1 hard 0 soft 0.02 temp 1 loss 11.13 helix 1.68 pae 0.79 i_pae 0.77 con 4.69 i_con 3.86 plddt 0.28 ptm 0.74 i_ptm 0.17 rg 8.61
2 models [4] recycles 1 hard 0 soft 0.04 temp 1 loss 10.52 helix 1.57 pae 0.77 i_pae 0.76 con 4.70 i_con 4.19 plddt 0.27 ptm 0.74 i_ptm 0.17 rg 5.36
3 models [3] recycles 1 hard 0 soft 0.05 temp 1 loss 9.74 helix 1.21 pae 0.72 i_pae 0.72 con 4.35 i_con 4.32 plddt 0.29 ptm 0.74 i_ptm 0.19 rg 3.20
4 models [2] recycles 1 hard 0 soft 0.07 temp 1 loss 9.03 helix 0.88 pae 0.73 i_pae 0.74 con 4.34 i_con 4.43 plddt 0.36 ptm 0.74 i_ptm 0.18 rg 0.18
5 models [2] recycles 1 hard 0 soft 0.09 temp 1 loss 9.30 helix 0.95 pae 0.71 i_pae 0.71 con 4.43 i_con 4.27 plddt 0.37 ptm 0.74 i_ptm 0.20 rg 1.44
6 models [3] recycles 1 hard 0 soft 0.11 temp 1 loss 8.90 helix 1.22 pae 0.69 i_pae 0.69 con 4.20 i_con 4.12 plddt 0.35 ptm 0.75 i_ptm 0.22 rg 1.64
7 models [3] recycles 1 hard 0 soft 0.13 temp 1 loss 8.57 helix 1.06 pae 0.67 i_pae 0.68 con 4.05 i_con 4.44 plddt 0.36 ptm 0.75 i_ptm 0.21 rg -0.14
8 models [4] recycles 1 hard 0 soft 0.14 temp 1 loss 8.12 helix 0.90 pae 0.62 i_pae 0.64 con 3.80 i_con 4.21 plddt 0.40 ptm 0.75 i_ptm 0.24 rg -0.10
9 models [1] recycles 1 hard 0 soft 0.16 temp 1 loss 8.13 helix 0.93 pae 0.64 i_pae 0.66 con 3.79 i_con 4.27 plddt 0.41 ptm 0.75 i_ptm 0.23 rg -0.25
10 models [2] recycles 1 hard 0 soft 0.18 temp 1 loss 7.27 helix 0.91 pae 0.56 i_pae 0.58 con 3.34 i_con 3.92 plddt 0.48 ptm 0.76 i_ptm 0.30 rg -0.28
11 models [1] recycles 1 hard 0 soft 0.20 temp 1 loss 7.82 helix 0.94 pae 0.61 i_pae 0.63 con 3.59 i_con 4.12 plddt 0.44 ptm 0.76 i_ptm 0.27 rg -0.01
12 models [4] recycles 1 hard 0 soft 0.22 temp 1 loss 7.42 helix 1.03 pae 0.57 i_pae 0.61 con 3.34 i_con 4.13 plddt 0.46 ptm 0.76 i_ptm 0.29 rg -0.39
13 models [2] recycles 1 hard 0 soft 0.23 temp 1 loss 7.28 helix 1.04 pae 0.56 i_pae 0.60 con 3.22 i_con 4.08 plddt 0.51 ptm 0.75 i_ptm 0.28 rg -0.23
14 models [0] recycles 1 hard 0 soft 0.25 temp 1 loss 7.40 helix 0.92 pae 0.56 i_pae 0.62 con 3.03 i_con 4.22 plddt 0.51 ptm 0.75 i_ptm 0.27 rg 0.16
15 models [4] recycles 1 hard 0 soft 0.27 temp 1 loss 6.95 helix 1.23 pae 0.53 i_pae 0.55 con 3.11 i_con 3.79 plddt 0.52 ptm 0.77 i_ptm 0.33 rg 0.23
16 models [2] recycles 1 hard 0 soft 0.29 temp 1 loss 7.07 helix 1.09 pae 0.53 i_pae 0.59 con 2.98 i_con 4.08 plddt 0.56 ptm 0.76 i_ptm 0.30 rg -0.07
17 models [1] recycles 1 hard 0 soft 0.31 temp 1 loss 6.41 helix 1.18 pae 0.42 i_pae 0.44 con 2.77 i_con 3.58 plddt 0.64 ptm 0.80 i_ptm 0.46 rg 0.45
18 models [4] recycles 1 hard 0 soft 0.32 temp 1 loss 5.36 helix 1.27 pae 0.31 i_pae 0.31 con 2.32 i_con 2.98 plddt 0.73 ptm 0.84 i_ptm 0.59 rg 0.78
19 models [4] recycles 1 hard 0 soft 0.34 temp 1 loss 5.21 helix 1.26 pae 0.26 i_pae 0.25 con 2.50 i_con 2.73 plddt 0.75 ptm 0.88 i_ptm 0.73 rg 0.64
20 models [3] recycles 1 hard 0 soft 0.36 temp 1 loss 6.35 helix 1.25 pae 0.46 i_pae 0.47 con 2.77 i_con 3.59 plddt 0.61 ptm 0.79 i_ptm 0.41 rg 0.24
21 models [1] recycles 1 hard 0 soft 0.38 temp 1 loss 5.60 helix 1.23 pae 0.30 i_pae 0.30 con 2.68 i_con 2.94 plddt 0.70 ptm 0.86 i_ptm 0.65 rg 0.54
22 models [3] recycles 1 hard 0 soft 0.40 temp 1 loss 5.07 helix 1.37 pae 0.27 i_pae 0.26 con 2.43 i_con 2.71 plddt 0.75 ptm 0.87 i_ptm 0.69 rg 0.54
23 models [0] recycles 1 hard 0 soft 0.41 temp 1 loss 4.75 helix 1.47 pae 0.22 i_pae 0.20 con 2.28 i_con 2.54 plddt 0.79 ptm 0.89 i_ptm 0.78 rg 0.78
24 models [4] recycles 1 hard 0 soft 0.43 temp 1 loss 4.28 helix 1.64 pae 0.19 i_pae 0.17 con 2.01 i_con 2.39 plddt 0.85 ptm 0.90 i_ptm 0.83 rg 0.87
25 models [3] recycles 1 hard 0 soft 0.45 temp 1 loss 3.85 helix 1.75 pae 0.17 i_pae 0.16 con 1.78 i_con 2.23 plddt 0.87 ptm 0.91 i_ptm 0.85 rg 0.86
26 models [4] recycles 1 hard 0 soft 0.47 temp 1 loss 4.03 helix 1.76 pae 0.18 i_pae 0.16 con 1.91 i_con 2.30 plddt 0.86 ptm 0.90 i_ptm 0.83 rg 0.80
27 models [3] recycles 1 hard 0 soft 0.49 temp 1 loss 3.62 helix 1.94 pae 0.16 i_pae 0.14 con 1.78 i_con 2.09 plddt 0.89 ptm 0.91 i_ptm 0.86 rg 0.82
28 models [0] recycles 1 hard 0 soft 0.50 temp 1 loss 3.77 helix 1.77 pae 0.17 i_pae 0.15 con 1.93 i_con 2.04 plddt 0.87 ptm 0.91 i_ptm 0.85 rg 0.75
29 models [1] recycles 1 hard 0 soft 0.52 temp 1 loss 3.82 helix 1.86 pae 0.16 i_pae 0.16 con 1.90 i_con 2.18 plddt 0.87 ptm 0.91 i_ptm 0.85 rg 0.67
30 models [0] recycles 1 hard 0 soft 0.54 temp 1 loss 3.53 helix 1.92 pae 0.16 i_pae 0.15 con 1.84 i_con 1.96 plddt 0.88 ptm 0.91 i_ptm 0.86 rg 0.71
31 models [2] recycles 1 hard 0 soft 0.56 temp 1 loss 3.68 helix 1.97 pae 0.16 i_pae 0.15 con 1.84 i_con 2.07 plddt 0.89 ptm 0.91 i_ptm 0.86 rg 0.87
32 models [2] recycles 1 hard 0 soft 0.58 temp 1 loss 6.86 helix 1.34 pae 0.52 i_pae 0.55 con 3.05 i_con 3.87 plddt 0.54 ptm 0.78 i_ptm 0.34 rg 0.02
33 models [4] recycles 1 hard 0 soft 0.59 temp 1 loss 3.75 helix 1.77 pae 0.17 i_pae 0.15 con 1.95 i_con 2.01 plddt 0.87 ptm 0.91 i_ptm 0.86 rg 0.74
34 models [2] recycles 1 hard 0 soft 0.61 temp 1 loss 3.36 helix 2.08 pae 0.15 i_pae 0.13 con 1.73 i_con 1.94 plddt 0.91 ptm 0.91 i_ptm 0.88 rg 0.76
35 models [0] recycles 1 hard 0 soft 0.63 temp 1 loss 3.60 helix 1.89 pae 0.16 i_pae 0.15 con 1.83 i_con 2.04 plddt 0.88 ptm 0.91 i_ptm 0.85 rg 0.69
36 models [0] recycles 1 hard 0 soft 0.65 temp 1 loss 3.68 helix 1.92 pae 0.16 i_pae 0.15 con 1.89 i_con 2.04 plddt 0.88 ptm 0.91 i_ptm 0.86 rg 0.74
37 models [2] recycles 1 hard 0 soft 0.67 temp 1 loss 3.76 helix 1.86 pae 0.16 i_pae 0.15 con 1.94 i_con 2.03 plddt 0.88 ptm 0.91 i_ptm 0.86 rg 0.86
38 models [0] recycles 1 hard 0 soft 0.68 temp 1 loss 3.55 helix 1.99 pae 0.16 i_pae 0.15 con 1.82 i_con 2.01 plddt 0.89 ptm 0.91 i_ptm 0.86 rg 0.76
39 models [4] recycles 1 hard 0 soft 0.70 temp 1 loss 3.44 helix 1.98 pae 0.15 i_pae 0.14 con 1.73 i_con 2.00 plddt 0.89 ptm 0.91 i_ptm 0.86 rg 0.71
40 models [3] recycles 1 hard 0 soft 0.72 temp 1 loss 3.79 helix 1.93 pae 0.16 i_pae 0.15 con 1.94 i_con 2.09 plddt 0.88 ptm 0.91 i_ptm 0.85 rg 0.79
41 models [1] recycles 1 hard 0 soft 0.74 temp 1 loss 7.38 helix 1.36 pae 0.62 i_pae 0.72 con 2.91 i_con 4.53 plddt 0.54 ptm 0.74 i_ptm 0.20 rg -0.19
42 models [3] recycles 1 hard 0 soft 0.76 temp 1 loss 3.42 helix 2.05 pae 0.15 i_pae 0.13 con 1.71 i_con 2.00 plddt 0.90 ptm 0.92 i_ptm 0.87 rg 0.78
43 models [1] recycles 1 hard 0 soft 0.77 temp 1 loss 3.36 helix 2.04 pae 0.15 i_pae 0.14 con 1.67 i_con 2.00 plddt 0.90 ptm 0.91 i_ptm 0.87 rg 0.70
44 models [4] recycles 1 hard 0 soft 0.79 temp 1 loss 6.00 helix 1.45 pae 0.46 i_pae 0.53 con 2.19 i_con 3.83 plddt 0.68 ptm 0.77 i_ptm 0.33 rg 0.37
45 models [0] recycles 1 hard 0 soft 0.81 temp 1 loss 4.08 helix 1.77 pae 0.19 i_pae 0.18 con 2.04 i_con 2.27 plddt 0.84 ptm 0.89 i_ptm 0.80 rg 0.64
46 models [2] recycles 1 hard 0 soft 0.83 temp 1 loss 5.78 helix 1.34 pae 0.38 i_pae 0.42 con 2.46 i_con 3.34 plddt 0.70 ptm 0.81 i_ptm 0.49 rg 0.44
47 models [0] recycles 1 hard 0 soft 0.85 temp 1 loss 3.49 helix 1.99 pae 0.15 i_pae 0.14 con 1.82 i_con 1.94 plddt 0.89 ptm 0.91 i_ptm 0.86 rg 0.79
48 models [1] recycles 1 hard 0 soft 0.86 temp 1 loss 3.41 helix 2.16 pae 0.14 i_pae 0.13 con 1.77 i_con 1.98 plddt 0.90 ptm 0.92 i_ptm 0.88 rg 0.76
49 models [1] recycles 1 hard 0 soft 0.88 temp 1 loss 7.92 helix 1.12 pae 0.62 i_pae 0.64 con 3.59 i_con 4.23 plddt 0.43 ptm 0.76 i_ptm 0.26 rg 0.12
50 models [0] recycles 1 hard 0 soft 0.90 temp 1 loss 3.83 helix 1.75 pae 0.18 i_pae 0.17 con 1.90 i_con 2.13 plddt 0.86 ptm 0.90 i_ptm 0.83 rg 0.72
Initial trajectory pLDDT good, continuing: 0.91
Stage 2: Softmax Optimisation
51 models [1] recycles 1 hard 0 soft 1 temp 0.92 loss 7.80 helix 1.23 pae 0.64 i_pae 0.67 con 3.57 i_con 4.34 plddt 0.43 ptm 0.75 i_ptm 0.22 rg -0.53
52 models [3] recycles 1 hard 0 soft 1 temp 0.85 loss 3.64 helix 1.96 pae 0.16 i_pae 0.14 con 1.89 i_con 2.00 plddt 0.88 ptm 0.91 i_ptm 0.86 rg 0.81
53 models [3] recycles 1 hard 0 soft 1 temp 0.78 loss 7.22 helix 1.26 pae 0.57 i_pae 0.66 con 2.80 i_con 4.46 plddt 0.55 ptm 0.75 i_ptm 0.25 rg -0.13
54 models [3] recycles 1 hard 0 soft 1 temp 0.71 loss 3.46 helix 2.14 pae 0.15 i_pae 0.14 con 1.80 i_con 1.96 plddt 0.90 ptm 0.92 i_ptm 0.87 rg 0.86
55 models [2] recycles 1 hard 0 soft 1 temp 0.64 loss 3.82 helix 1.81 pae 0.17 i_pae 0.15 con 1.96 i_con 2.05 plddt 0.88 ptm 0.91 i_ptm 0.86 rg 0.84
56 models [3] recycles 1 hard 0 soft 1 temp 0.58 loss 3.50 helix 2.02 pae 0.16 i_pae 0.14 con 1.86 i_con 1.90 plddt 0.89 ptm 0.91 i_ptm 0.87 rg 0.82
57 models [0] recycles 1 hard 0 soft 1 temp 0.52 loss 3.79 helix 1.72 pae 0.17 i_pae 0.16 con 1.86 i_con 2.12 plddt 0.87 ptm 0.90 i_ptm 0.84 rg 0.72
58 models [4] recycles 1 hard 0 soft 1 temp 0.47 loss 3.47 helix 2.12 pae 0.15 i_pae 0.14 con 1.84 i_con 1.91 plddt 0.90 ptm 0.91 i_ptm 0.86 rg 0.88
59 models [3] recycles 1 hard 0 soft 1 temp 0.42 loss 3.31 helix 2.08 pae 0.14 i_pae 0.13 con 1.69 i_con 1.91 plddt 0.91 ptm 0.92 i_ptm 0.88 rg 0.84
60 models [0] recycles 1 hard 0 soft 1 temp 0.37 loss 3.58 helix 1.85 pae 0.16 i_pae 0.15 con 1.77 i_con 2.06 plddt 0.88 ptm 0.91 i_ptm 0.85 rg 0.66
61 models [0] recycles 1 hard 0 soft 1 temp 0.32 loss 3.35 helix 1.96 pae 0.15 i_pae 0.14 con 1.69 i_con 1.94 plddt 0.90 ptm 0.91 i_ptm 0.86 rg 0.71
62 models [2] recycles 1 hard 0 soft 1 temp 0.28 loss 5.82 helix 1.47 pae 0.41 i_pae 0.44 con 2.43 i_con 3.46 plddt 0.69 ptm 0.80 i_ptm 0.43 rg 0.35
63 models [3] recycles 1 hard 0 soft 1 temp 0.24 loss 3.14 helix 2.25 pae 0.13 i_pae 0.12 con 1.62 i_con 1.87 plddt 0.92 ptm 0.92 i_ptm 0.88 rg 0.83
64 models [2] recycles 1 hard 0 soft 1 temp 0.20 loss 3.33 helix 2.17 pae 0.15 i_pae 0.13 con 1.68 i_con 1.97 plddt 0.91 ptm 0.91 i_ptm 0.87 rg 0.83
65 models [3] recycles 1 hard 0 soft 1 temp 0.17 loss 4.56 helix 1.71 pae 0.23 i_pae 0.22 con 2.14 i_con 2.57 plddt 0.80 ptm 0.88 i_ptm 0.72 rg 0.71
66 models [0] recycles 1 hard 0 soft 1 temp 0.14 loss 3.70 helix 1.79 pae 0.16 i_pae 0.15 con 1.95 i_con 1.98 plddt 0.87 ptm 0.91 i_ptm 0.85 rg 0.68
67 models [4] recycles 1 hard 0 soft 1 temp 0.11 loss 3.59 helix 1.86 pae 0.16 i_pae 0.14 con 1.89 i_con 1.94 plddt 0.88 ptm 0.91 i_ptm 0.86 rg 0.75
68 models [3] recycles 1 hard 0 soft 1 temp 0.09 loss 3.94 helix 1.67 pae 0.18 i_pae 0.16 con 1.96 i_con 2.17 plddt 0.86 ptm 0.90 i_ptm 0.83 rg 0.68
69 models [2] recycles 1 hard 0 soft 1 temp 0.07 loss 3.37 helix 1.96 pae 0.15 i_pae 0.13 con 1.78 i_con 1.87 plddt 0.90 ptm 0.91 i_ptm 0.87 rg 0.75
70 models [2] recycles 1 hard 0 soft 1 temp 0.05 loss 3.96 helix 1.72 pae 0.18 i_pae 0.16 con 1.96 i_con 2.18 plddt 0.86 ptm 0.90 i_ptm 0.84 rg 0.74
71 models [3] recycles 1 hard 0 soft 1 temp 0.04 loss 4.05 helix 1.66 pae 0.18 i_pae 0.17 con 1.96 i_con 2.26 plddt 0.86 ptm 0.90 i_ptm 0.81 rg 0.71
72 models [2] recycles 1 hard 0 soft 1 temp 0.02 loss 3.60 helix 1.82 pae 0.16 i_pae 0.15 con 1.89 i_con 1.93 plddt 0.88 ptm 0.91 i_ptm 0.85 rg 0.76
73 models [1] recycles 1 hard 0 soft 1 temp 0.02 loss 3.57 helix 1.91 pae 0.16 i_pae 0.14 con 1.76 i_con 2.07 plddt 0.88 ptm 0.91 i_ptm 0.85 rg 0.69
74 models [1] recycles 1 hard 0 soft 1 temp 0.01 loss 3.32 helix 1.98 pae 0.14 i_pae 0.13 con 1.67 i_con 1.96 plddt 0.90 ptm 0.91 i_ptm 0.87 rg 0.70
75 models [4] recycles 1 hard 0 soft 1 temp 0.01 loss 3.97 helix 1.69 pae 0.18 i_pae 0.16 con 1.93 i_con 2.21 plddt 0.86 ptm 0.90 i_ptm 0.83 rg 0.75
Softmax trajectory pLDDT good, continuing: 0.92
Stage 3: One-hot Optimisation
76 models [2] recycles 1 hard 1 soft 1 temp 0.01 loss 3.53 helix 1.90 pae 0.16 i_pae 0.14 con 1.84 i_con 1.93 plddt 0.87 ptm 0.91 i_ptm 0.86 rg 0.77
77 models [4] recycles 1 hard 1 soft 1 temp 0.01 loss 3.29 helix 1.98 pae 0.14 i_pae 0.13 con 1.73 i_con 1.84 plddt 0.89 ptm 0.92 i_ptm 0.88 rg 0.78
78 models [0] recycles 1 hard 1 soft 1 temp 0.01 loss 3.31 helix 1.92 pae 0.14 i_pae 0.13 con 1.68 i_con 1.90 plddt 0.89 ptm 0.91 i_ptm 0.87 rg 0.71
One-hot trajectory pLDDT good, continuing: 0.89
Stage 4: PSSM Semigreedy Optimisation
Running semigreedy optimization...
79 models [2] recycles 1 hard 1 soft 0 temp 1 loss 3.22 helix 1.97 pae 0.14 i_pae 0.13 con 1.68 i_con 1.83 plddt 0.90 ptm 0.92 i_ptm 0.88 rg 0.72
80 models [0] recycles 1 hard 1 soft 0 temp 1 loss 5.18 helix 1.41 pae 0.29 i_pae 0.34 con 1.93 i_con 3.39 plddt 0.76 ptm 0.83 i_ptm 0.56 rg 0.33
81 models [1] recycles 1 hard 1 soft 0 temp 1 loss 3.47 helix 1.76 pae 0.16 i_pae 0.14 con 1.67 i_con 2.02 plddt 0.88 ptm 0.92 i_ptm 0.86 rg 0.72
82 models [0] recycles 1 hard 1 soft 0 temp 1 loss 5.57 helix 1.39 pae 0.36 i_pae 0.42 con 1.93 i_con 3.71 plddt 0.74 ptm 0.80 i_ptm 0.44 rg 0.37
83 models [3] recycles 1 hard 1 soft 0 temp 1 loss 5.39 helix 1.38 pae 0.32 i_pae 0.37 con 1.92 i_con 3.53 plddt 0.77 ptm 0.83 i_ptm 0.56 rg 0.48
Trajectory successful, final pLDDT: 0.9
Starting trajectory took: 0 hours, 27 minutes, 52 seconds

Fixing interface residues: B3,B19,B22,B23,B27,B30,B31,B34,B42,B46,B47,B49,B50,B51,B56,B58,B59,B60,B61,B62,B64
Unmet filter conditions for EGFRd3_p2g1_l64_s994369_mpnn1
Unmet filter conditions for EGFRd3_p2g1_l64_s994369_mpnn2
Unmet filter conditions for EGFRd3_p2g1_l64_s994369_mpnn3
Unmet filter conditions for EGFRd3_p2g1_l64_s994369_mpnn4
Unmet filter conditions for EGFRd3_p2g1_l64_s994369_mpnn5
Unmet filter conditions for EGFRd3_p2g1_l64_s994369_mpnn6
Unmet filter conditions for EGFRd3_p2g1_l64_s994369_mpnn7
Unmet filter conditions for EGFRd3_p2g1_l64_s994369_mpnn8
No accepted MPNN designs found for this trajectory.

Design and validation of trajectory EGFRd3_p2g1_l64_s994369 took: 0 hours, 29 minutes, 11 seconds
Starting trajectory: EGFRd3_p2g1_l55_s473498
Stage 1: Test Logits
1 models [4] recycles 1 hard 0 soft 0.02 temp 1 loss 9.39 helix 1.37 pae 0.73 i_pae 0.70 con 4.52 i_con 3.99 plddt 0.27 ptm 0.77 i_ptm 0.19 rg 2.71
2 models [3] recycles 1 hard 0 soft 0.04 temp 1 loss 9.11 helix 1.33 pae 0.70 i_pae 0.68 con 4.29 i_con 3.93 plddt 0.32 ptm 0.77 i_ptm 0.22 rg 2.77
3 models [1] recycles 1 hard 0 soft 0.05 temp 1 loss 8.09 helix 0.97 pae 0.66 i_pae 0.66 con 3.96 i_con 4.13 plddt 0.33 ptm 0.77 i_ptm 0.23 rg -0.48
4 models [4] recycles 1 hard 0 soft 0.07 temp 1 loss 8.66 helix 0.98 pae 0.64 i_pae 0.65 con 4.34 i_con 3.88 plddt 0.37 ptm 0.77 i_ptm 0.24 rg 1.05
5 models [2] recycles 1 hard 0 soft 0.09 temp 1 loss 8.59 helix 1.00 pae 0.65 i_pae 0.64 con 4.13 i_con 4.08 plddt 0.39 ptm 0.77 i_ptm 0.23 rg 0.89
6 models [0] recycles 1 hard 0 soft 0.11 temp 1 loss 8.07 helix 0.80 pae 0.60 i_pae 0.62 con 3.71 i_con 4.06 plddt 0.44 ptm 0.78 i_ptm 0.27 rg 0.50
7 models [3] recycles 1 hard 0 soft 0.13 temp 1 loss 8.29 helix 0.91 pae 0.62 i_pae 0.63 con 3.83 i_con 4.11 plddt 0.40 ptm 0.77 i_ptm 0.25 rg 0.68
8 models [0] recycles 1 hard 0 soft 0.14 temp 1 loss 8.18 helix 0.85 pae 0.61 i_pae 0.64 con 3.62 i_con 4.09 plddt 0.44 ptm 0.77 i_ptm 0.23 rg 1.09
9 models [1] recycles 1 hard 0 soft 0.16 temp 1 loss 7.93 helix 0.77 pae 0.59 i_pae 0.62 con 3.60 i_con 3.92 plddt 0.45 ptm 0.78 i_ptm 0.25 rg 0.84
10 models [2] recycles 1 hard 0 soft 0.18 temp 1 loss 7.74 helix 1.00 pae 0.62 i_pae 0.63 con 3.65 i_con 3.91 plddt 0.43 ptm 0.77 i_ptm 0.25 rg 0.28
11 models [1] recycles 1 hard 0 soft 0.20 temp 1 loss 7.84 helix 0.93 pae 0.60 i_pae 0.60 con 3.61 i_con 3.91 plddt 0.42 ptm 0.78 i_ptm 0.26 rg 0.70
12 models [2] recycles 1 hard 0 soft 0.22 temp 1 loss 7.43 helix 1.06 pae 0.61 i_pae 0.62 con 3.65 i_con 3.82 plddt 0.41 ptm 0.77 i_ptm 0.25 rg -0.41
13 models [3] recycles 1 hard 0 soft 0.23 temp 1 loss 6.94 helix 1.06 pae 0.50 i_pae 0.50 con 3.45 i_con 3.57 plddt 0.50 ptm 0.80 i_ptm 0.37 rg -0.33
14 models [4] recycles 1 hard 0 soft 0.25 temp 1 loss 6.51 helix 1.15 pae 0.46 i_pae 0.46 con 3.26 i_con 3.37 plddt 0.55 ptm 0.81 i_ptm 0.41 rg -0.25
15 models [2] recycles 1 hard 0 soft 0.27 temp 1 loss 6.52 helix 1.19 pae 0.45 i_pae 0.45 con 3.09 i_con 3.56 plddt 0.59 ptm 0.81 i_ptm 0.42 rg -0.24
16 models [0] recycles 1 hard 0 soft 0.29 temp 1 loss 5.23 helix 1.38 pae 0.32 i_pae 0.33 con 2.40 i_con 3.03 plddt 0.71 ptm 0.84 i_ptm 0.56 rg 0.01
17 models [3] recycles 1 hard 0 soft 0.31 temp 1 loss 4.17 helix 1.43 pae 0.22 i_pae 0.20 con 2.25 i_con 2.21 plddt 0.80 ptm 0.89 i_ptm 0.77 rg -0.01
18 models [1] recycles 1 hard 0 soft 0.32 temp 1 loss 6.50 helix 1.29 pae 0.52 i_pae 0.57 con 2.86 i_con 3.83 plddt 0.56 ptm 0.78 i_ptm 0.28 rg -0.48
19 models [4] recycles 1 hard 0 soft 0.34 temp 1 loss 4.68 helix 1.36 pae 0.25 i_pae 0.23 con 2.55 i_con 2.35 plddt 0.75 ptm 0.88 i_ptm 0.72 rg 0.09
20 models [1] recycles 1 hard 0 soft 0.36 temp 1 loss 6.09 helix 1.44 pae 0.46 i_pae 0.50 con 2.69 i_con 3.59 plddt 0.61 ptm 0.80 i_ptm 0.37 rg -0.24
21 models [0] recycles 1 hard 0 soft 0.38 temp 1 loss 4.80 helix 1.33 pae 0.28 i_pae 0.26 con 2.63 i_con 2.39 plddt 0.71 ptm 0.86 i_ptm 0.67 rg -0.01
22 models [1] recycles 1 hard 0 soft 0.40 temp 1 loss 4.35 helix 1.37 pae 0.22 i_pae 0.20 con 2.58 i_con 2.02 plddt 0.77 ptm 0.89 i_ptm 0.78 rg 0.09
23 models [3] recycles 1 hard 0 soft 0.41 temp 1 loss 3.81 helix 1.55 pae 0.20 i_pae 0.17 con 2.17 i_con 1.91 plddt 0.82 ptm 0.89 i_ptm 0.82 rg 0.23
24 models [0] recycles 1 hard 0 soft 0.43 temp 1 loss 3.90 helix 1.54 pae 0.20 i_pae 0.18 con 2.16 i_con 2.01 plddt 0.81 ptm 0.89 i_ptm 0.80 rg 0.19
25 models [2] recycles 1 hard 0 soft 0.45 temp 1 loss 4.14 helix 1.56 pae 0.21 i_pae 0.19 con 2.23 i_con 2.18 plddt 0.82 ptm 0.89 i_ptm 0.79 rg 0.22
26 models [2] recycles 1 hard 0 soft 0.47 temp 1 loss 3.92 helix 1.63 pae 0.20 i_pae 0.17 con 2.15 i_con 2.08 plddt 0.84 ptm 0.89 i_ptm 0.81 rg 0.21
27 models [2] recycles 1 hard 0 soft 0.49 temp 1 loss 3.61 helix 1.74 pae 0.19 i_pae 0.16 con 2.02 i_con 1.94 plddt 0.86 ptm 0.89 i_ptm 0.82 rg 0.22
28 models [1] recycles 1 hard 0 soft 0.50 temp 1 loss 7.08 helix 1.34 pae 0.57 i_pae 0.59 con 3.47 i_con 3.81 plddt 0.46 ptm 0.78 i_ptm 0.29 rg -0.55
29 models [3] recycles 1 hard 0 soft 0.52 temp 1 loss 4.75 helix 1.29 pae 0.29 i_pae 0.25 con 2.91 i_con 1.97 plddt 0.70 ptm 0.88 i_ptm 0.77 rg 0.25
30 models [4] recycles 1 hard 0 soft 0.54 temp 1 loss 3.47 helix 1.59 pae 0.18 i_pae 0.15 con 2.05 i_con 1.75 plddt 0.85 ptm 0.91 i_ptm 0.85 rg 0.13
31 models [0] recycles 1 hard 0 soft 0.56 temp 1 loss 3.74 helix 1.65 pae 0.19 i_pae 0.17 con 2.14 i_con 1.94 plddt 0.83 ptm 0.90 i_ptm 0.82 rg 0.12
32 models [4] recycles 1 hard 0 soft 0.58 temp 1 loss 3.36 helix 1.67 pae 0.17 i_pae 0.14 con 1.97 i_con 1.75 plddt 0.86 ptm 0.91 i_ptm 0.85 rg 0.09
33 models [4] recycles 1 hard 0 soft 0.59 temp 1 loss 3.53 helix 1.72 pae 0.17 i_pae 0.15 con 2.00 i_con 1.88 plddt 0.86 ptm 0.90 i_ptm 0.84 rg 0.21
34 models [0] recycles 1 hard 0 soft 0.61 temp 1 loss 3.75 helix 1.53 pae 0.19 i_pae 0.16 con 2.17 i_con 1.89 plddt 0.84 ptm 0.89 i_ptm 0.81 rg 0.14
35 models [3] recycles 1 hard 0 soft 0.63 temp 1 loss 4.00 helix 1.43 pae 0.22 i_pae 0.19 con 2.27 i_con 2.01 plddt 0.81 ptm 0.89 i_ptm 0.78 rg 0.06
36 models [1] recycles 1 hard 0 soft 0.65 temp 1 loss 3.67 helix 1.70 pae 0.19 i_pae 0.17 con 2.00 i_con 1.99 plddt 0.83 ptm 0.90 i_ptm 0.80 rg 0.21
37 models [3] recycles 1 hard 0 soft 0.67 temp 1 loss 3.71 helix 1.54 pae 0.20 i_pae 0.17 con 2.14 i_con 1.88 plddt 0.83 ptm 0.89 i_ptm 0.81 rg 0.09
38 models [0] recycles 1 hard 0 soft 0.68 temp 1 loss 3.56 helix 1.75 pae 0.18 i_pae 0.15 con 2.07 i_con 1.86 plddt 0.84 ptm 0.90 i_ptm 0.84 rg 0.11
39 models [1] recycles 1 hard 0 soft 0.70 temp 1 loss 4.25 helix 1.42 pae 0.22 i_pae 0.20 con 2.67 i_con 1.84 plddt 0.76 ptm 0.90 i_ptm 0.82 rg 0.07
40 models [2] recycles 1 hard 0 soft 0.72 temp 1 loss 5.44 helix 1.64 pae 0.43 i_pae 0.47 con 2.16 i_con 3.54 plddt 0.70 ptm 0.79 i_ptm 0.37 rg -0.16
41 models [4] recycles 1 hard 0 soft 0.74 temp 1 loss 3.39 helix 1.75 pae 0.16 i_pae 0.14 con 1.94 i_con 1.84 plddt 0.88 ptm 0.91 i_ptm 0.85 rg 0.12
42 models [4] recycles 1 hard 0 soft 0.76 temp 1 loss 3.35 helix 1.80 pae 0.17 i_pae 0.15 con 1.82 i_con 1.92 plddt 0.89 ptm 0.90 i_ptm 0.83 rg 0.12
43 models [4] recycles 1 hard 0 soft 0.77 temp 1 loss 4.90 helix 1.36 pae 0.28 i_pae 0.25 con 2.76 i_con 2.38 plddt 0.72 ptm 0.87 i_ptm 0.70 rg -0.03
44 models [3] recycles 1 hard 0 soft 0.79 temp 1 loss 2.98 helix 1.87 pae 0.16 i_pae 0.13 con 1.75 i_con 1.69 plddt 0.89 ptm 0.91 i_ptm 0.86 rg 0.03
45 models [0] recycles 1 hard 0 soft 0.81 temp 1 loss 3.15 helix 1.92 pae 0.16 i_pae 0.13 con 1.83 i_con 1.81 plddt 0.88 ptm 0.91 i_ptm 0.86 rg -0.03
46 models [0] recycles 1 hard 0 soft 0.83 temp 1 loss 3.25 helix 1.83 pae 0.16 i_pae 0.14 con 1.81 i_con 1.88 plddt 0.88 ptm 0.90 i_ptm 0.85 rg 0.02
47 models [3] recycles 1 hard 0 soft 0.85 temp 1 loss 2.94 helix 1.90 pae 0.16 i_pae 0.13 con 1.74 i_con 1.68 plddt 0.88 ptm 0.91 i_ptm 0.86 rg -0.02
48 models [1] recycles 1 hard 0 soft 0.86 temp 1 loss 6.05 helix 1.34 pae 0.45 i_pae 0.49 con 2.68 i_con 3.60 plddt 0.62 ptm 0.80 i_ptm 0.41 rg -0.39
49 models [3] recycles 1 hard 0 soft 0.88 temp 1 loss 2.88 helix 1.97 pae 0.15 i_pae 0.12 con 1.65 i_con 1.74 plddt 0.90 ptm 0.91 i_ptm 0.86 rg -0.01
50 models [3] recycles 1 hard 0 soft 0.90 temp 1 loss 2.93 helix 1.84 pae 0.15 i_pae 0.12 con 1.77 i_con 1.63 plddt 0.90 ptm 0.91 i_ptm 0.88 rg -0.02
Initial trajectory pLDDT good, continuing: 0.9
Stage 2: Softmax Optimisation
51 models [1] recycles 1 hard 0 soft 1 temp 0.92 loss 8.33 helix 1.33 pae 0.67 i_pae 0.65 con 4.23 i_con 4.12 plddt 0.34 ptm 0.77 i_ptm 0.22 rg -0.20
52 models [4] recycles 1 hard 0 soft 1 temp 0.85 loss 7.72 helix 1.25 pae 0.62 i_pae 0.62 con 3.82 i_con 3.97 plddt 0.40 ptm 0.77 i_ptm 0.26 rg -0.38
53 models [2] recycles 1 hard 0 soft 1 temp 0.78 loss 6.53 helix 1.12 pae 0.46 i_pae 0.45 con 3.35 i_con 3.30 plddt 0.56 ptm 0.82 i_ptm 0.45 rg -0.28
54 models [2] recycles 1 hard 0 soft 1 temp 0.71 loss 5.58 helix 1.34 pae 0.31 i_pae 0.31 con 2.62 i_con 3.14 plddt 0.71 ptm 0.85 i_ptm 0.61 rg 0.06
55 models [0] recycles 1 hard 0 soft 1 temp 0.64 loss 3.91 helix 1.44 pae 0.20 i_pae 0.18 con 2.26 i_con 1.97 plddt 0.81 ptm 0.89 i_ptm 0.79 rg -0.03
56 models [2] recycles 1 hard 0 soft 1 temp 0.58 loss 3.70 helix 1.53 pae 0.18 i_pae 0.16 con 2.11 i_con 1.93 plddt 0.85 ptm 0.90 i_ptm 0.83 rg 0.02
57 models [3] recycles 1 hard 0 soft 1 temp 0.52 loss 3.21 helix 1.90 pae 0.16 i_pae 0.13 con 1.81 i_con 1.83 plddt 0.88 ptm 0.90 i_ptm 0.85 rg 0.18
58 models [3] recycles 1 hard 0 soft 1 temp 0.47 loss 3.04 helix 1.83 pae 0.16 i_pae 0.13 con 1.77 i_con 1.72 plddt 0.89 ptm 0.91 i_ptm 0.86 rg 0.05
59 models [2] recycles 1 hard 0 soft 1 temp 0.42 loss 3.20 helix 2.00 pae 0.16 i_pae 0.14 con 1.78 i_con 1.90 plddt 0.90 ptm 0.90 i_ptm 0.85 rg 0.10
60 models [2] recycles 1 hard 0 soft 1 temp 0.37 loss 2.95 helix 1.99 pae 0.15 i_pae 0.12 con 1.74 i_con 1.71 plddt 0.91 ptm 0.91 i_ptm 0.88 rg 0.03
61 models [2] recycles 1 hard 0 soft 1 temp 0.32 loss 2.87 helix 2.07 pae 0.14 i_pae 0.11 con 1.70 i_con 1.68 plddt 0.92 ptm 0.91 i_ptm 0.88 rg 0.10
62 models [2] recycles 1 hard 0 soft 1 temp 0.28 loss 3.11 helix 1.92 pae 0.16 i_pae 0.14 con 1.71 i_con 1.89 plddt 0.90 ptm 0.90 i_ptm 0.85 rg -0.02
63 models [0] recycles 1 hard 0 soft 1 temp 0.24 loss 4.02 helix 1.75 pae 0.20 i_pae 0.20 con 1.92 i_con 2.49 plddt 0.83 ptm 0.88 i_ptm 0.75 rg 0.05
64 models [1] recycles 1 hard 0 soft 1 temp 0.20 loss 2.84 helix 2.14 pae 0.14 i_pae 0.12 con 1.62 i_con 1.76 plddt 0.91 ptm 0.91 i_ptm 0.87 rg 0.05
65 models [0] recycles 1 hard 0 soft 1 temp 0.17 loss 3.00 helix 1.93 pae 0.15 i_pae 0.12 con 1.76 i_con 1.73 plddt 0.89 ptm 0.91 i_ptm 0.86 rg 0.02
66 models [1] recycles 1 hard 0 soft 1 temp 0.14 loss 3.08 helix 2.05 pae 0.15 i_pae 0.13 con 1.64 i_con 1.97 plddt 0.89 ptm 0.91 i_ptm 0.85 rg -0.02
67 models [0] recycles 1 hard 0 soft 1 temp 0.11 loss 3.08 helix 2.05 pae 0.15 i_pae 0.13 con 1.68 i_con 1.92 plddt 0.89 ptm 0.91 i_ptm 0.85 rg 0.01
68 models [0] recycles 1 hard 0 soft 1 temp 0.09 loss 3.46 helix 1.77 pae 0.17 i_pae 0.15 con 1.97 i_con 1.91 plddt 0.85 ptm 0.90 i_ptm 0.83 rg 0.02
69 models [4] recycles 1 hard 0 soft 1 temp 0.07 loss 2.83 helix 2.02 pae 0.14 i_pae 0.12 con 1.61 i_con 1.75 plddt 0.91 ptm 0.91 i_ptm 0.87 rg -0.02
70 models [3] recycles 1 hard 0 soft 1 temp 0.05 loss 2.76 helix 2.04 pae 0.15 i_pae 0.12 con 1.62 i_con 1.67 plddt 0.90 ptm 0.91 i_ptm 0.87 rg 0.00
71 models [1] recycles 1 hard 0 soft 1 temp 0.04 loss 5.39 helix 1.34 pae 0.31 i_pae 0.32 con 2.66 i_con 2.94 plddt 0.70 ptm 0.85 i_ptm 0.60 rg -0.03
72 models [0] recycles 1 hard 0 soft 1 temp 0.02 loss 4.68 helix 1.40 pae 0.25 i_pae 0.23 con 2.65 i_con 2.27 plddt 0.73 ptm 0.88 i_ptm 0.72 rg 0.07
73 models [2] recycles 1 hard 0 soft 1 temp 0.02 loss 2.99 helix 1.86 pae 0.15 i_pae 0.12 con 1.74 i_con 1.73 plddt 0.91 ptm 0.91 i_ptm 0.87 rg -0.03
74 models [1] recycles 1 hard 0 soft 1 temp 0.01 loss 5.04 helix 1.31 pae 0.26 i_pae 0.26 con 2.60 i_con 2.65 plddt 0.74 ptm 0.87 i_ptm 0.68 rg 0.04
75 models [4] recycles 1 hard 0 soft 1 temp 0.01 loss 3.87 helix 1.66 pae 0.20 i_pae 0.18 con 2.03 i_con 2.21 plddt 0.84 ptm 0.89 i_ptm 0.77 rg -0.01
Softmax trajectory pLDDT good, continuing: 0.9
Stage 3: One-hot Optimisation
76 models [4] recycles 1 hard 1 soft 1 temp 0.01 loss 2.97 helix 1.95 pae 0.14 i_pae 0.12 con 1.73 i_con 1.73 plddt 0.89 ptm 0.92 i_ptm 0.88 rg 0.02
77 models [0] recycles 1 hard 1 soft 1 temp 0.01 loss 2.73 helix 2.02 pae 0.14 i_pae 0.11 con 1.62 i_con 1.64 plddt 0.90 ptm 0.91 i_ptm 0.88 rg 0.01
78 models [1] recycles 1 hard 1 soft 1 temp 0.01 loss 5.11 helix 1.19 pae 0.31 i_pae 0.29 con 3.05 i_con 2.16 plddt 0.66 ptm 0.87 i_ptm 0.75 rg 0.19
One-hot trajectory pLDDT good, continuing: 0.9
Stage 4: PSSM Semigreedy Optimisation
Running semigreedy optimization...
79 models [4] recycles 1 hard 1 soft 0 temp 1 loss 8.11 helix 1.17 pae 0.62 i_pae 0.64 con 3.79 i_con 4.23 plddt 0.35 ptm 0.78 i_ptm 0.25 rg 0.10
80 models [1] recycles 1 hard 1 soft 0 temp 1 loss 8.07 helix 1.25 pae 0.58 i_pae 0.59 con 3.88 i_con 3.82 plddt 0.33 ptm 0.79 i_ptm 0.31 rg 1.17
81 models [3] recycles 1 hard 1 soft 0 temp 1 loss 7.04 helix 1.38 pae 0.60 i_pae 0.68 con 2.60 i_con 4.59 plddt 0.55 ptm 0.77 i_ptm 0.21 rg -0.42
82 models [2] recycles 1 hard 1 soft 0 temp 1 loss 7.88 helix 1.21 pae 0.62 i_pae 0.69 con 3.32 i_con 4.59 plddt 0.46 ptm 0.77 i_ptm 0.20 rg -0.25
83 models [4] recycles 1 hard 1 soft 0 temp 1 loss 8.12 helix 1.39 pae 0.62 i_pae 0.64 con 3.91 i_con 4.00 plddt 0.34 ptm 0.78 i_ptm 0.24 rg 0.70
Trajectory successful, final pLDDT: 0.9
Starting trajectory took: 0 hours, 27 minutes, 9 seconds

Fixing interface residues: B12,B15,B16,B17,B19,B20,B23,B35,B37,B40,B41,B44,B45,B47,B48,B49,B51,B52,B54,B55
EGFRd3_p2g1_l55_s473498_mpnn1 passed all filters
Found 1 MPNN designs passing filters

Design and validation of trajectory EGFRd3_p2g1_l55_s473498 took: 0 hours, 4 minutes, 54 seconds
Starting trajectory: EGFRd3_p2g1_l67_s13530
Stage 1: Test Logits
1 models [2] recycles 1 hard 0 soft 0.02 temp 1 loss 10.74 helix 1.46 pae 0.76 i_pae 0.74 con 4.72 i_con 4.03 plddt 0.28 ptm 0.74 i_ptm 0.18 rg 6.44
2 models [1] recycles 1 hard 0 soft 0.04 temp 1 loss 10.27 helix 0.65 pae 0.68 i_pae 0.71 con 4.33 i_con 4.08 plddt 0.51 ptm 0.74 i_ptm 0.19 rg 5.40
3 models [0] recycles 1 hard 0 soft 0.05 temp 1 loss 8.93 helix 1.05 pae 0.70 i_pae 0.70 con 4.19 i_con 4.00 plddt 0.33 ptm 0.74 i_ptm 0.21 rg 1.97
4 models [0] recycles 1 hard 0 soft 0.07 temp 1 loss 8.32 helix 1.05 pae 0.67 i_pae 0.67 con 3.96 i_con 4.05 plddt 0.37 ptm 0.74 i_ptm 0.23 rg 0.63
5 models [0] recycles 1 hard 0 soft 0.09 temp 1 loss 8.04 helix 0.98 pae 0.65 i_pae 0.67 con 3.76 i_con 4.16 plddt 0.38 ptm 0.74 i_ptm 0.23 rg -0.06
6 models [3] recycles 1 hard 0 soft 0.11 temp 1 loss 7.57 helix 1.16 pae 0.60 i_pae 0.61 con 3.67 i_con 3.93 plddt 0.41 ptm 0.76 i_ptm 0.28 rg -0.25
7 models [3] recycles 1 hard 0 soft 0.13 temp 1 loss 6.87 helix 1.05 pae 0.55 i_pae 0.56 con 3.26 i_con 3.63 plddt 0.51 ptm 0.77 i_ptm 0.35 rg -0.20
8 models [3] recycles 1 hard 0 soft 0.14 temp 1 loss 6.03 helix 0.96 pae 0.39 i_pae 0.39 con 3.04 i_con 3.10 plddt 0.62 ptm 0.82 i_ptm 0.56 rg -0.27
9 models [1] recycles 1 hard 0 soft 0.16 temp 1 loss 8.31 helix 0.93 pae 0.68 i_pae 0.67 con 4.04 i_con 3.91 plddt 0.37 ptm 0.75 i_ptm 0.22 rg 0.64
10 models [3] recycles 1 hard 0 soft 0.18 temp 1 loss 5.97 helix 1.00 pae 0.39 i_pae 0.39 con 2.99 i_con 3.11 plddt 0.63 ptm 0.83 i_ptm 0.58 rg -0.26
11 models [3] recycles 1 hard 0 soft 0.20 temp 1 loss 7.44 helix 1.02 pae 0.60 i_pae 0.61 con 3.41 i_con 4.04 plddt 0.44 ptm 0.76 i_ptm 0.28 rg -0.33
12 models [1] recycles 1 hard 0 soft 0.22 temp 1 loss 6.02 helix 0.95 pae 0.39 i_pae 0.37 con 3.25 i_con 2.73 plddt 0.61 ptm 0.84 i_ptm 0.70 rg 0.27
13 models [0] recycles 1 hard 0 soft 0.23 temp 1 loss 5.88 helix 0.93 pae 0.37 i_pae 0.37 con 3.06 i_con 2.84 plddt 0.60 ptm 0.84 i_ptm 0.70 rg 0.07
14 models [0] recycles 1 hard 0 soft 0.25 temp 1 loss 5.64 helix 0.93 pae 0.36 i_pae 0.36 con 3.04 i_con 2.73 plddt 0.64 ptm 0.84 i_ptm 0.75 rg -0.28
15 models [1] recycles 1 hard 0 soft 0.27 temp 1 loss 5.67 helix 0.94 pae 0.35 i_pae 0.34 con 3.27 i_con 2.51 plddt 0.64 ptm 0.86 i_ptm 0.81 rg -0.16
16 models [0] recycles 1 hard 0 soft 0.29 temp 1 loss 5.38 helix 1.05 pae 0.34 i_pae 0.33 con 2.99 i_con 2.54 plddt 0.65 ptm 0.86 i_ptm 0.80 rg -0.14
17 models [4] recycles 1 hard 0 soft 0.31 temp 1 loss 5.20 helix 1.01 pae 0.33 i_pae 0.32 con 2.95 i_con 2.41 plddt 0.65 ptm 0.86 i_ptm 0.83 rg -0.21
18 models [0] recycles 1 hard 0 soft 0.32 temp 1 loss 5.21 helix 1.02 pae 0.32 i_pae 0.31 con 2.94 i_con 2.41 plddt 0.67 ptm 0.86 i_ptm 0.81 rg -0.13
19 models [1] recycles 1 hard 0 soft 0.34 temp 1 loss 5.11 helix 1.14 pae 0.31 i_pae 0.30 con 2.76 i_con 2.54 plddt 0.69 ptm 0.87 i_ptm 0.76 rg -0.14
20 models [2] recycles 1 hard 0 soft 0.36 temp 1 loss 5.47 helix 1.14 pae 0.35 i_pae 0.34 con 3.02 i_con 2.49 plddt 0.66 ptm 0.85 i_ptm 0.78 rg 0.24
21 models [4] recycles 1 hard 0 soft 0.38 temp 1 loss 5.06 helix 1.09 pae 0.30 i_pae 0.29 con 2.76 i_con 2.49 plddt 0.70 ptm 0.87 i_ptm 0.81 rg -0.17
22 models [3] recycles 1 hard 0 soft 0.40 temp 1 loss 4.75 helix 1.16 pae 0.26 i_pae 0.25 con 2.55 i_con 2.45 plddt 0.75 ptm 0.89 i_ptm 0.81 rg -0.22
23 models [0] recycles 1 hard 0 soft 0.41 temp 1 loss 4.86 helix 1.15 pae 0.26 i_pae 0.25 con 2.59 i_con 2.51 plddt 0.74 ptm 0.88 i_ptm 0.78 rg -0.21
24 models [1] recycles 1 hard 0 soft 0.43 temp 1 loss 4.51 helix 1.13 pae 0.21 i_pae 0.20 con 2.32 i_con 2.46 plddt 0.81 ptm 0.91 i_ptm 0.82 rg -0.20
25 models [2] recycles 1 hard 0 soft 0.45 temp 1 loss 4.90 helix 1.09 pae 0.25 i_pae 0.24 con 2.54 i_con 2.56 plddt 0.76 ptm 0.88 i_ptm 0.79 rg -0.11
26 models [2] recycles 1 hard 0 soft 0.47 temp 1 loss 4.33 helix 1.26 pae 0.20 i_pae 0.20 con 2.10 i_con 2.52 plddt 0.83 ptm 0.90 i_ptm 0.81 rg -0.12
27 models [2] recycles 1 hard 0 soft 0.49 temp 1 loss 5.14 helix 1.06 pae 0.30 i_pae 0.28 con 2.87 i_con 2.42 plddt 0.70 ptm 0.87 i_ptm 0.81 rg -0.06
28 models [0] recycles 1 hard 0 soft 0.50 temp 1 loss 3.93 helix 1.36 pae 0.18 i_pae 0.17 con 1.94 i_con 2.35 plddt 0.86 ptm 0.91 i_ptm 0.85 rg -0.22
29 models [0] recycles 1 hard 0 soft 0.52 temp 1 loss 3.53 helix 1.59 pae 0.15 i_pae 0.14 con 1.65 i_con 2.31 plddt 0.90 ptm 0.91 i_ptm 0.86 rg -0.19
30 models [3] recycles 1 hard 0 soft 0.54 temp 1 loss 4.20 helix 1.25 pae 0.19 i_pae 0.18 con 2.26 i_con 2.26 plddt 0.82 ptm 0.91 i_ptm 0.86 rg -0.25
31 models [3] recycles 1 hard 0 soft 0.56 temp 1 loss 3.42 helix 1.65 pae 0.15 i_pae 0.14 con 1.64 i_con 2.24 plddt 0.91 ptm 0.92 i_ptm 0.87 rg -0.21
32 models [2] recycles 1 hard 0 soft 0.58 temp 1 loss 3.60 helix 1.76 pae 0.14 i_pae 0.14 con 1.69 i_con 2.43 plddt 0.91 ptm 0.91 i_ptm 0.88 rg -0.23
33 models [0] recycles 1 hard 0 soft 0.59 temp 1 loss 3.50 helix 1.65 pae 0.15 i_pae 0.14 con 1.65 i_con 2.32 plddt 0.90 ptm 0.91 i_ptm 0.87 rg -0.22
34 models [0] recycles 1 hard 0 soft 0.61 temp 1 loss 3.57 helix 1.60 pae 0.16 i_pae 0.15 con 1.72 i_con 2.29 plddt 0.89 ptm 0.91 i_ptm 0.87 rg -0.20
35 models [0] recycles 1 hard 0 soft 0.63 temp 1 loss 3.42 helix 1.71 pae 0.15 i_pae 0.14 con 1.62 i_con 2.28 plddt 0.90 ptm 0.92 i_ptm 0.87 rg -0.21
36 models [3] recycles 1 hard 0 soft 0.65 temp 1 loss 3.40 helix 1.78 pae 0.14 i_pae 0.13 con 1.65 i_con 2.27 plddt 0.91 ptm 0.92 i_ptm 0.88 rg -0.26
37 models [2] recycles 1 hard 0 soft 0.67 temp 1 loss 3.39 helix 1.83 pae 0.14 i_pae 0.13 con 1.56 i_con 2.37 plddt 0.92 ptm 0.92 i_ptm 0.88 rg -0.25
38 models [3] recycles 1 hard 0 soft 0.68 temp 1 loss 3.18 helix 1.88 pae 0.13 i_pae 0.12 con 1.57 i_con 2.18 plddt 0.92 ptm 0.92 i_ptm 0.89 rg -0.28
39 models [4] recycles 1 hard 0 soft 0.70 temp 1 loss 3.35 helix 1.89 pae 0.14 i_pae 0.14 con 1.59 i_con 2.33 plddt 0.91 ptm 0.91 i_ptm 0.87 rg -0.28
40 models [4] recycles 1 hard 0 soft 0.72 temp 1 loss 3.23 helix 1.94 pae 0.13 i_pae 0.12 con 1.50 i_con 2.33 plddt 0.93 ptm 0.92 i_ptm 0.88 rg -0.31
41 models [1] recycles 1 hard 0 soft 0.74 temp 1 loss 3.55 helix 1.64 pae 0.15 i_pae 0.14 con 1.74 i_con 2.30 plddt 0.90 ptm 0.92 i_ptm 0.88 rg -0.30
42 models [1] recycles 1 hard 0 soft 0.76 temp 1 loss 3.47 helix 1.68 pae 0.14 i_pae 0.13 con 1.63 i_con 2.35 plddt 0.91 ptm 0.92 i_ptm 0.88 rg -0.29
43 models [3] recycles 1 hard 0 soft 0.77 temp 1 loss 3.46 helix 1.68 pae 0.14 i_pae 0.13 con 1.66 i_con 2.30 plddt 0.91 ptm 0.92 i_ptm 0.88 rg -0.28
44 models [4] recycles 1 hard 0 soft 0.79 temp 1 loss 3.46 helix 1.72 pae 0.14 i_pae 0.13 con 1.60 i_con 2.38 plddt 0.92 ptm 0.91 i_ptm 0.88 rg -0.29
45 models [4] recycles 1 hard 0 soft 0.81 temp 1 loss 3.50 helix 1.74 pae 0.14 i_pae 0.14 con 1.61 i_con 2.41 plddt 0.91 ptm 0.92 i_ptm 0.88 rg -0.29
46 models [1] recycles 1 hard 0 soft 0.83 temp 1 loss 3.25 helix 1.92 pae 0.13 i_pae 0.13 con 1.52 i_con 2.32 plddt 0.92 ptm 0.92 i_ptm 0.89 rg -0.29
47 models [3] recycles 1 hard 0 soft 0.85 temp 1 loss 3.39 helix 1.90 pae 0.14 i_pae 0.13 con 1.67 i_con 2.32 plddt 0.91 ptm 0.92 i_ptm 0.88 rg -0.33
48 models [4] recycles 1 hard 0 soft 0.86 temp 1 loss 3.35 helix 1.76 pae 0.13 i_pae 0.13 con 1.56 i_con 2.34 plddt 0.92 ptm 0.92 i_ptm 0.89 rg -0.34
49 models [4] recycles 1 hard 0 soft 0.88 temp 1 loss 3.33 helix 1.89 pae 0.13 i_pae 0.13 con 1.52 i_con 2.39 plddt 0.93 ptm 0.92 i_ptm 0.88 rg -0.30
50 models [2] recycles 1 hard 0 soft 0.90 temp 1 loss 3.49 helix 1.75 pae 0.15 i_pae 0.14 con 1.62 i_con 2.40 plddt 0.90 ptm 0.91 i_ptm 0.87 rg -0.34
Initial trajectory pLDDT good, continuing: 0.92
Stage 2: Softmax Optimisation
51 models [4] recycles 1 hard 0 soft 1 temp 0.92 loss 5.98 helix 1.08 pae 0.40 i_pae 0.38 con 3.28 i_con 2.48 plddt 0.63 ptm 0.85 i_ptm 0.82 rg 1.02
52 models [1] recycles 1 hard 0 soft 1 temp 0.85 loss 5.34 helix 1.09 pae 0.37 i_pae 0.35 con 3.10 i_con 2.38 plddt 0.67 ptm 0.86 i_ptm 0.82 rg -0.10
53 models [4] recycles 1 hard 0 soft 1 temp 0.78 loss 4.27 helix 1.42 pae 0.22 i_pae 0.21 con 2.23 i_con 2.38 plddt 0.80 ptm 0.90 i_ptm 0.84 rg -0.16
54 models [2] recycles 1 hard 0 soft 1 temp 0.71 loss 3.39 helix 1.86 pae 0.15 i_pae 0.14 con 1.58 i_con 2.39 plddt 0.91 ptm 0.91 i_ptm 0.88 rg -0.33
55 models [1] recycles 1 hard 0 soft 1 temp 0.64 loss 3.71 helix 1.63 pae 0.16 i_pae 0.15 con 1.83 i_con 2.36 plddt 0.87 ptm 0.91 i_ptm 0.86 rg -0.30
56 models [1] recycles 1 hard 0 soft 1 temp 0.58 loss 3.23 helix 1.99 pae 0.14 i_pae 0.13 con 1.49 i_con 2.37 plddt 0.92 ptm 0.92 i_ptm 0.88 rg -0.36
57 models [2] recycles 1 hard 0 soft 1 temp 0.52 loss 3.33 helix 1.83 pae 0.14 i_pae 0.13 con 1.54 i_con 2.35 plddt 0.92 ptm 0.91 i_ptm 0.88 rg -0.34
58 models [0] recycles 1 hard 0 soft 1 temp 0.47 loss 3.19 helix 2.01 pae 0.14 i_pae 0.13 con 1.48 i_con 2.32 plddt 0.92 ptm 0.91 i_ptm 0.88 rg -0.31
59 models [4] recycles 1 hard 0 soft 1 temp 0.42 loss 3.14 helix 2.01 pae 0.13 i_pae 0.12 con 1.44 i_con 2.33 plddt 0.93 ptm 0.92 i_ptm 0.88 rg -0.34
60 models [2] recycles 1 hard 0 soft 1 temp 0.37 loss 3.21 helix 2.00 pae 0.13 i_pae 0.12 con 1.45 i_con 2.38 plddt 0.93 ptm 0.92 i_ptm 0.87 rg -0.33
61 models [1] recycles 1 hard 0 soft 1 temp 0.32 loss 3.31 helix 1.94 pae 0.14 i_pae 0.14 con 1.50 i_con 2.41 plddt 0.91 ptm 0.91 i_ptm 0.87 rg -0.32
62 models [3] recycles 1 hard 0 soft 1 temp 0.28 loss 2.88 helix 2.12 pae 0.12 i_pae 0.11 con 1.38 i_con 2.16 plddt 0.94 ptm 0.92 i_ptm 0.90 rg -0.32
63 models [4] recycles 1 hard 0 soft 1 temp 0.24 loss 3.21 helix 1.98 pae 0.13 i_pae 0.13 con 1.49 i_con 2.33 plddt 0.93 ptm 0.92 i_ptm 0.88 rg -0.33
64 models [2] recycles 1 hard 0 soft 1 temp 0.20 loss 3.18 helix 1.95 pae 0.14 i_pae 0.13 con 1.46 i_con 2.33 plddt 0.93 ptm 0.91 i_ptm 0.88 rg -0.35
65 models [0] recycles 1 hard 0 soft 1 temp 0.17 loss 3.10 helix 1.97 pae 0.14 i_pae 0.13 con 1.46 i_con 2.26 plddt 0.92 ptm 0.91 i_ptm 0.87 rg -0.37
66 models [4] recycles 1 hard 0 soft 1 temp 0.14 loss 3.15 helix 1.94 pae 0.13 i_pae 0.13 con 1.48 i_con 2.27 plddt 0.92 ptm 0.92 i_ptm 0.89 rg -0.33
67 models [4] recycles 1 hard 0 soft 1 temp 0.11 loss 3.22 helix 2.05 pae 0.14 i_pae 0.14 con 1.47 i_con 2.39 plddt 0.92 ptm 0.91 i_ptm 0.88 rg -0.34
68 models [0] recycles 1 hard 0 soft 1 temp 0.09 loss 3.33 helix 1.90 pae 0.15 i_pae 0.14 con 1.61 i_con 2.31 plddt 0.90 ptm 0.91 i_ptm 0.86 rg -0.34
69 models [2] recycles 1 hard 0 soft 1 temp 0.07 loss 3.30 helix 1.96 pae 0.14 i_pae 0.14 con 1.46 i_con 2.44 plddt 0.93 ptm 0.90 i_ptm 0.86 rg -0.33
70 models [2] recycles 1 hard 0 soft 1 temp 0.05 loss 3.25 helix 1.95 pae 0.14 i_pae 0.13 con 1.43 i_con 2.42 plddt 0.93 ptm 0.91 i_ptm 0.88 rg -0.34
71 models [0] recycles 1 hard 0 soft 1 temp 0.04 loss 3.08 helix 1.97 pae 0.14 i_pae 0.13 con 1.45 i_con 2.24 plddt 0.92 ptm 0.91 i_ptm 0.87 rg -0.35
72 models [4] recycles 1 hard 0 soft 1 temp 0.02 loss 3.25 helix 1.97 pae 0.13 i_pae 0.13 con 1.49 i_con 2.38 plddt 0.93 ptm 0.92 i_ptm 0.88 rg -0.35
73 models [2] recycles 1 hard 0 soft 1 temp 0.02 loss 3.34 helix 1.97 pae 0.14 i_pae 0.14 con 1.48 i_con 2.46 plddt 0.92 ptm 0.91 i_ptm 0.87 rg -0.35
74 models [4] recycles 1 hard 0 soft 1 temp 0.01 loss 3.24 helix 2.00 pae 0.14 i_pae 0.13 con 1.51 i_con 2.35 plddt 0.92 ptm 0.91 i_ptm 0.87 rg -0.36
75 models [4] recycles 1 hard 0 soft 1 temp 0.01 loss 7.66 helix 1.14 pae 0.60 i_pae 0.63 con 3.50 i_con 4.24 plddt 0.42 ptm 0.75 i_ptm 0.26 rg -0.48
Softmax trajectory pLDDT good, continuing: 0.94
Stage 3: One-hot Optimisation
76 models [0] recycles 1 hard 1 soft 1 temp 0.01 loss 2.99 helix 2.00 pae 0.13 i_pae 0.12 con 1.42 i_con 2.20 plddt 0.93 ptm 0.92 i_ptm 0.90 rg -0.33
77 models [0] recycles 1 hard 1 soft 1 temp 0.01 loss 2.99 helix 2.00 pae 0.13 i_pae 0.12 con 1.42 i_con 2.20 plddt 0.93 ptm 0.92 i_ptm 0.90 rg -0.33
78 models [1] recycles 1 hard 1 soft 1 temp 0.01 loss 2.98 helix 2.02 pae 0.12 i_pae 0.11 con 1.39 i_con 2.23 plddt 0.93 ptm 0.93 i_ptm 0.90 rg -0.35
One-hot trajectory pLDDT good, continuing: 0.93
Stage 4: PSSM Semigreedy Optimisation
Running semigreedy optimization...
79 models [0] recycles 1 hard 1 soft 0 temp 1 loss 2.96 helix 1.97 pae 0.13 i_pae 0.12 con 1.37 i_con 2.21 plddt 0.93 ptm 0.92 i_ptm 0.88 rg -0.35
80 models [1] recycles 1 hard 1 soft 0 temp 1 loss 3.06 helix 2.00 pae 0.13 i_pae 0.13 con 1.35 i_con 2.33 plddt 0.93 ptm 0.92 i_ptm 0.87 rg -0.36
81 models [2] recycles 1 hard 1 soft 0 temp 1 loss 3.28 helix 1.97 pae 0.14 i_pae 0.14 con 1.45 i_con 2.45 plddt 0.92 ptm 0.91 i_ptm 0.86 rg -0.39
82 models [3] recycles 1 hard 1 soft 0 temp 1 loss 3.12 helix 2.02 pae 0.13 i_pae 0.13 con 1.41 i_con 2.35 plddt 0.93 ptm 0.92 i_ptm 0.87 rg -0.35
83 models [2] recycles 1 hard 1 soft 0 temp 1 loss 3.34 helix 1.94 pae 0.14 i_pae 0.14 con 1.51 i_con 2.43 plddt 0.91 ptm 0.91 i_ptm 0.86 rg -0.36
Trajectory successful, final pLDDT: 0.93
Starting trajectory took: 0 hours, 29 minutes, 2 seconds

Fixing interface residues: B30,B31,B33,B34,B38,B41,B47,B48,B51,B52,B53,B54,B55,B56,B58,B59,B62,B63,B65,B66
Base AF2 filters not passed for EGFRd3_p2g1_l67_s13530_mpnn1, skipping interface scoring
Base AF2 filters not passed for EGFRd3_p2g1_l67_s13530_mpnn2, skipping interface scoring
Base AF2 filters not passed for EGFRd3_p2g1_l67_s13530_mpnn3, skipping interface scoring
Unmet filter conditions for EGFRd3_p2g1_l67_s13530_mpnn4
Base AF2 filters not passed for EGFRd3_p2g1_l67_s13530_mpnn5, skipping interface scoring
Unmet filter conditions for EGFRd3_p2g1_l67_s13530_mpnn6
Base AF2 filters not passed for EGFRd3_p2g1_l67_s13530_mpnn7, skipping interface scoring
Base AF2 filters not passed for EGFRd3_p2g1_l67_s13530_mpnn8, skipping interface scoring
No accepted MPNN designs found for this trajectory.

Design and validation of trajectory EGFRd3_p2g1_l67_s13530 took: 0 hours, 10 minutes, 8 seconds
Starting trajectory: EGFRd3_p2g1_l60_s819131
Stage 1: Test Logits
1 models [4] recycles 1 hard 0 soft 0.02 temp 1 loss 9.96 helix 1.38 pae 0.75 i_pae 0.73 con 4.55 i_con 4.14 plddt 0.28 ptm 0.75 i_ptm 0.18 rg 4.00
2 models [0] recycles 1 hard 0 soft 0.04 temp 1 loss 9.61 helix 1.58 pae 0.76 i_pae 0.75 con 4.50 i_con 4.40 plddt 0.27 ptm 0.75 i_ptm 0.17 rg 2.31
3 models [2] recycles 1 hard 0 soft 0.05 temp 1 loss 9.47 helix 0.75 pae 0.70 i_pae 0.71 con 4.49 i_con 4.23 plddt 0.42 ptm 0.75 i_ptm 0.20 rg 1.77
4 models [2] recycles 1 hard 0 soft 0.07 temp 1 loss 8.79 helix 0.98 pae 0.67 i_pae 0.66 con 4.35 i_con 4.02 plddt 0.36 ptm 0.76 i_ptm 0.23 rg 0.97
5 models [3] recycles 1 hard 0 soft 0.09 temp 1 loss 8.30 helix 1.02 pae 0.64 i_pae 0.64 con 4.05 i_con 4.25 plddt 0.34 ptm 0.77 i_ptm 0.25 rg -0.39
6 models [2] recycles 1 hard 0 soft 0.11 temp 1 loss 8.35 helix 0.96 pae 0.66 i_pae 0.64 con 4.16 i_con 4.13 plddt 0.35 ptm 0.76 i_ptm 0.24 rg -0.30
7 models [2] recycles 1 hard 0 soft 0.13 temp 1 loss 8.40 helix 1.00 pae 0.67 i_pae 0.67 con 4.16 i_con 4.06 plddt 0.36 ptm 0.76 i_ptm 0.23 rg 0.14
8 models [2] recycles 1 hard 0 soft 0.14 temp 1 loss 8.04 helix 1.02 pae 0.64 i_pae 0.65 con 3.95 i_con 4.00 plddt 0.39 ptm 0.76 i_ptm 0.25 rg -0.08
9 models [4] recycles 1 hard 0 soft 0.16 temp 1 loss 7.77 helix 0.97 pae 0.63 i_pae 0.64 con 3.79 i_con 3.95 plddt 0.39 ptm 0.77 i_ptm 0.25 rg -0.31
10 models [4] recycles 1 hard 0 soft 0.18 temp 1 loss 7.17 helix 1.04 pae 0.56 i_pae 0.55 con 3.67 i_con 3.53 plddt 0.45 ptm 0.78 i_ptm 0.33 rg -0.29
11 models [4] recycles 1 hard 0 soft 0.20 temp 1 loss 6.01 helix 0.90 pae 0.44 i_pae 0.42 con 3.54 i_con 2.42 plddt 0.56 ptm 0.82 i_ptm 0.64 rg 0.14
12 models [0] recycles 1 hard 0 soft 0.22 temp 1 loss 5.59 helix 0.92 pae 0.39 i_pae 0.36 con 3.44 i_con 2.07 plddt 0.59 ptm 0.84 i_ptm 0.74 rg 0.34
13 models [2] recycles 1 hard 0 soft 0.23 temp 1 loss 5.96 helix 1.04 pae 0.45 i_pae 0.42 con 3.54 i_con 2.37 plddt 0.56 ptm 0.82 i_ptm 0.67 rg 0.27
14 models [2] recycles 1 hard 0 soft 0.25 temp 1 loss 6.16 helix 1.12 pae 0.48 i_pae 0.46 con 3.56 i_con 2.57 plddt 0.53 ptm 0.81 i_ptm 0.60 rg 0.17
15 models [1] recycles 1 hard 0 soft 0.27 temp 1 loss 5.18 helix 1.16 pae 0.35 i_pae 0.32 con 3.25 i_con 1.90 plddt 0.64 ptm 0.86 i_ptm 0.80 rg 0.54
16 models [1] recycles 1 hard 0 soft 0.29 temp 1 loss 4.95 helix 1.27 pae 0.31 i_pae 0.28 con 3.11 i_con 1.81 plddt 0.68 ptm 0.88 i_ptm 0.83 rg 0.74
17 models [2] recycles 1 hard 0 soft 0.31 temp 1 loss 4.47 helix 1.40 pae 0.25 i_pae 0.22 con 2.68 i_con 1.86 plddt 0.75 ptm 0.89 i_ptm 0.83 rg 0.63
18 models [2] recycles 1 hard 0 soft 0.32 temp 1 loss 4.44 helix 1.35 pae 0.25 i_pae 0.22 con 2.63 i_con 1.90 plddt 0.75 ptm 0.89 i_ptm 0.81 rg 0.54
19 models [1] recycles 1 hard 0 soft 0.34 temp 1 loss 4.08 helix 1.49 pae 0.23 i_pae 0.20 con 2.48 i_con 1.77 plddt 0.77 ptm 0.90 i_ptm 0.84 rg 0.47
20 models [4] recycles 1 hard 0 soft 0.36 temp 1 loss 3.36 helix 1.71 pae 0.17 i_pae 0.15 con 1.91 i_con 1.72 plddt 0.87 ptm 0.91 i_ptm 0.86 rg 0.46
21 models [3] recycles 1 hard 0 soft 0.38 temp 1 loss 4.28 helix 1.49 pae 0.23 i_pae 0.20 con 2.44 i_con 1.94 plddt 0.77 ptm 0.90 i_ptm 0.80 rg 0.69
22 models [2] recycles 1 hard 0 soft 0.40 temp 1 loss 3.44 helix 1.86 pae 0.17 i_pae 0.15 con 1.97 i_con 1.78 plddt 0.88 ptm 0.91 i_ptm 0.85 rg 0.49
23 models [1] recycles 1 hard 0 soft 0.41 temp 1 loss 3.63 helix 1.70 pae 0.20 i_pae 0.17 con 2.16 i_con 1.69 plddt 0.82 ptm 0.91 i_ptm 0.86 rg 0.56
24 models [0] recycles 1 hard 0 soft 0.43 temp 1 loss 3.50 helix 1.75 pae 0.17 i_pae 0.15 con 2.03 i_con 1.73 plddt 0.87 ptm 0.91 i_ptm 0.85 rg 0.54
25 models [0] recycles 1 hard 0 soft 0.45 temp 1 loss 3.41 helix 1.87 pae 0.16 i_pae 0.14 con 1.96 i_con 1.75 plddt 0.87 ptm 0.91 i_ptm 0.86 rg 0.55
26 models [4] recycles 1 hard 0 soft 0.47 temp 1 loss 3.41 helix 1.82 pae 0.18 i_pae 0.15 con 2.00 i_con 1.69 plddt 0.86 ptm 0.91 i_ptm 0.86 rg 0.54
27 models [0] recycles 1 hard 0 soft 0.49 temp 1 loss 3.27 helix 1.87 pae 0.16 i_pae 0.14 con 1.90 i_con 1.69 plddt 0.88 ptm 0.91 i_ptm 0.86 rg 0.50
28 models [4] recycles 1 hard 0 soft 0.50 temp 1 loss 3.07 helix 2.09 pae 0.15 i_pae 0.13 con 1.76 i_con 1.68 plddt 0.90 ptm 0.92 i_ptm 0.88 rg 0.56
29 models [4] recycles 1 hard 0 soft 0.52 temp 1 loss 6.82 helix 1.36 pae 0.57 i_pae 0.63 con 2.86 i_con 4.16 plddt 0.51 ptm 0.77 i_ptm 0.25 rg -0.56
30 models [4] recycles 1 hard 0 soft 0.54 temp 1 loss 2.96 helix 2.36 pae 0.14 i_pae 0.12 con 1.72 i_con 1.70 plddt 0.92 ptm 0.92 i_ptm 0.88 rg 0.57
31 models [4] recycles 1 hard 0 soft 0.56 temp 1 loss 3.69 helix 2.05 pae 0.19 i_pae 0.17 con 2.11 i_con 2.00 plddt 0.84 ptm 0.90 i_ptm 0.82 rg 0.27
32 models [2] recycles 1 hard 0 soft 0.58 temp 1 loss 3.13 helix 2.21 pae 0.15 i_pae 0.13 con 1.87 i_con 1.67 plddt 0.90 ptm 0.92 i_ptm 0.88 rg 0.53
33 models [2] recycles 1 hard 0 soft 0.59 temp 1 loss 3.16 helix 2.18 pae 0.15 i_pae 0.13 con 1.85 i_con 1.71 plddt 0.90 ptm 0.92 i_ptm 0.88 rg 0.52
34 models [0] recycles 1 hard 0 soft 0.61 temp 1 loss 2.97 helix 2.17 pae 0.14 i_pae 0.12 con 1.77 i_con 1.59 plddt 0.91 ptm 0.92 i_ptm 0.89 rg 0.58
35 models [0] recycles 1 hard 0 soft 0.63 temp 1 loss 2.92 helix 2.17 pae 0.13 i_pae 0.12 con 1.74 i_con 1.60 plddt 0.92 ptm 0.92 i_ptm 0.89 rg 0.52
36 models [4] recycles 1 hard 0 soft 0.65 temp 1 loss 2.86 helix 2.43 pae 0.13 i_pae 0.12 con 1.69 i_con 1.66 plddt 0.93 ptm 0.92 i_ptm 0.89 rg 0.55
37 models [0] recycles 1 hard 0 soft 0.67 temp 1 loss 2.80 helix 2.47 pae 0.13 i_pae 0.11 con 1.68 i_con 1.61 plddt 0.93 ptm 0.92 i_ptm 0.89 rg 0.56
38 models [3] recycles 1 hard 0 soft 0.68 temp 1 loss 2.82 helix 2.44 pae 0.13 i_pae 0.11 con 1.71 i_con 1.59 plddt 0.92 ptm 0.92 i_ptm 0.90 rg 0.60
39 models [3] recycles 1 hard 0 soft 0.70 temp 1 loss 3.66 helix 2.02 pae 0.18 i_pae 0.17 con 2.08 i_con 1.99 plddt 0.84 ptm 0.91 i_ptm 0.83 rg 0.31
40 models [0] recycles 1 hard 0 soft 0.72 temp 1 loss 3.05 helix 2.06 pae 0.15 i_pae 0.13 con 1.84 i_con 1.61 plddt 0.90 ptm 0.92 i_ptm 0.88 rg 0.46
41 models [3] recycles 1 hard 0 soft 0.74 temp 1 loss 2.72 helix 2.33 pae 0.13 i_pae 0.11 con 1.65 i_con 1.52 plddt 0.94 ptm 0.92 i_ptm 0.90 rg 0.56
42 models [3] recycles 1 hard 0 soft 0.76 temp 1 loss 6.24 helix 1.70 pae 0.52 i_pae 0.61 con 2.47 i_con 4.05 plddt 0.60 ptm 0.77 i_ptm 0.25 rg -0.35
43 models [4] recycles 1 hard 0 soft 0.77 temp 1 loss 2.91 helix 2.30 pae 0.14 i_pae 0.12 con 1.69 i_con 1.65 plddt 0.93 ptm 0.92 i_ptm 0.88 rg 0.61
44 models [3] recycles 1 hard 0 soft 0.79 temp 1 loss 3.34 helix 2.17 pae 0.16 i_pae 0.14 con 2.01 i_con 1.74 plddt 0.87 ptm 0.91 i_ptm 0.85 rg 0.48
45 models [3] recycles 1 hard 0 soft 0.81 temp 1 loss 4.80 helix 2.15 pae 0.37 i_pae 0.42 con 1.88 i_con 3.35 plddt 0.64 ptm 0.81 i_ptm 0.43 rg -0.12
46 models [1] recycles 1 hard 0 soft 0.83 temp 1 loss 4.20 helix 1.42 pae 0.24 i_pae 0.23 con 2.51 i_con 1.85 plddt 0.77 ptm 0.89 i_ptm 0.81 rg 0.35
47 models [3] recycles 1 hard 0 soft 0.85 temp 1 loss 2.80 helix 2.57 pae 0.13 i_pae 0.11 con 1.70 i_con 1.61 plddt 0.92 ptm 0.92 i_ptm 0.88 rg 0.60
48 models [3] recycles 1 hard 0 soft 0.86 temp 1 loss 2.82 helix 2.49 pae 0.13 i_pae 0.11 con 1.75 i_con 1.58 plddt 0.93 ptm 0.92 i_ptm 0.89 rg 0.53
49 models [0] recycles 1 hard 0 soft 0.88 temp 1 loss 3.59 helix 1.70 pae 0.19 i_pae 0.17 con 2.16 i_con 1.68 plddt 0.83 ptm 0.90 i_ptm 0.84 rg 0.49
50 models [3] recycles 1 hard 0 soft 0.90 temp 1 loss 3.07 helix 2.29 pae 0.14 i_pae 0.12 con 1.80 i_con 1.72 plddt 0.91 ptm 0.92 i_ptm 0.88 rg 0.51
Initial trajectory pLDDT good, continuing: 0.94
Stage 2: Softmax Optimisation
51 models [4] recycles 1 hard 0 soft 1 temp 0.92 loss 5.05 helix 1.33 pae 0.35 i_pae 0.32 con 3.15 i_con 2.05 plddt 0.65 ptm 0.86 i_ptm 0.78 rg 0.09
52 models [1] recycles 1 hard 0 soft 1 temp 0.85 loss 3.75 helix 1.82 pae 0.19 i_pae 0.17 con 2.23 i_con 1.81 plddt 0.83 ptm 0.91 i_ptm 0.83 rg 0.47
53 models [3] recycles 1 hard 0 soft 1 temp 0.78 loss 2.96 helix 2.42 pae 0.14 i_pae 0.12 con 1.83 i_con 1.60 plddt 0.92 ptm 0.92 i_ptm 0.89 rg 0.59
54 models [4] recycles 1 hard 0 soft 1 temp 0.71 loss 3.41 helix 2.05 pae 0.17 i_pae 0.15 con 2.01 i_con 1.78 plddt 0.88 ptm 0.91 i_ptm 0.85 rg 0.43
55 models [4] recycles 1 hard 0 soft 1 temp 0.64 loss 2.95 helix 2.35 pae 0.14 i_pae 0.12 con 1.76 i_con 1.66 plddt 0.93 ptm 0.92 i_ptm 0.88 rg 0.52
56 models [2] recycles 1 hard 0 soft 1 temp 0.58 loss 3.26 helix 2.35 pae 0.16 i_pae 0.14 con 1.99 i_con 1.71 plddt 0.89 ptm 0.91 i_ptm 0.86 rg 0.56
57 models [1] recycles 1 hard 0 soft 1 temp 0.52 loss 7.76 helix 1.43 pae 0.63 i_pae 0.67 con 3.55 i_con 4.36 plddt 0.43 ptm 0.76 i_ptm 0.22 rg -0.44
58 models [3] recycles 1 hard 0 soft 1 temp 0.47 loss 2.87 helix 2.53 pae 0.13 i_pae 0.12 con 1.78 i_con 1.60 plddt 0.92 ptm 0.92 i_ptm 0.89 rg 0.56
59 models [4] recycles 1 hard 0 soft 1 temp 0.42 loss 4.93 helix 1.43 pae 0.29 i_pae 0.27 con 3.01 i_con 2.11 plddt 0.69 ptm 0.87 i_ptm 0.75 rg 0.18
60 models [0] recycles 1 hard 0 soft 1 temp 0.37 loss 3.83 helix 1.63 pae 0.19 i_pae 0.17 con 2.26 i_con 1.80 plddt 0.83 ptm 0.90 i_ptm 0.82 rg 0.45
61 models [1] recycles 1 hard 0 soft 1 temp 0.32 loss 7.77 helix 1.39 pae 0.63 i_pae 0.68 con 3.41 i_con 4.32 plddt 0.43 ptm 0.76 i_ptm 0.21 rg 0.12
62 models [1] recycles 1 hard 0 soft 1 temp 0.28 loss 4.09 helix 1.91 pae 0.20 i_pae 0.19 con 2.15 i_con 2.30 plddt 0.82 ptm 0.90 i_ptm 0.79 rg 0.26
63 models [3] recycles 1 hard 0 soft 1 temp 0.24 loss 4.15 helix 1.95 pae 0.20 i_pae 0.19 con 2.13 i_con 2.35 plddt 0.83 ptm 0.89 i_ptm 0.79 rg 0.41
64 models [1] recycles 1 hard 0 soft 1 temp 0.20 loss 3.18 helix 2.13 pae 0.15 i_pae 0.13 con 1.87 i_con 1.72 plddt 0.90 ptm 0.92 i_ptm 0.87 rg 0.45
65 models [2] recycles 1 hard 0 soft 1 temp 0.17 loss 7.45 helix 1.55 pae 0.63 i_pae 0.68 con 3.19 i_con 4.48 plddt 0.46 ptm 0.76 i_ptm 0.22 rg -0.56
66 models [0] recycles 1 hard 0 soft 1 temp 0.14 loss 3.52 helix 1.80 pae 0.18 i_pae 0.16 con 2.19 i_con 1.67 plddt 0.83 ptm 0.91 i_ptm 0.84 rg 0.27
67 models [1] recycles 1 hard 0 soft 1 temp 0.11 loss 4.81 helix 1.41 pae 0.31 i_pae 0.29 con 2.90 i_con 2.13 plddt 0.68 ptm 0.87 i_ptm 0.72 rg 0.02
68 models [0] recycles 1 hard 0 soft 1 temp 0.09 loss 7.17 helix 1.34 pae 0.55 i_pae 0.59 con 3.28 i_con 4.05 plddt 0.50 ptm 0.77 i_ptm 0.29 rg -0.38
69 models [0] recycles 1 hard 0 soft 1 temp 0.07 loss 4.88 helix 1.47 pae 0.28 i_pae 0.27 con 2.65 i_con 2.46 plddt 0.73 ptm 0.87 i_ptm 0.68 rg 0.12
70 models [2] recycles 1 hard 0 soft 1 temp 0.05 loss 7.66 helix 1.43 pae 0.63 i_pae 0.68 con 3.29 i_con 4.50 plddt 0.47 ptm 0.76 i_ptm 0.21 rg -0.36
71 models [3] recycles 1 hard 0 soft 1 temp 0.04 loss 4.70 helix 1.46 pae 0.28 i_pae 0.26 con 2.84 i_con 2.09 plddt 0.71 ptm 0.88 i_ptm 0.74 rg 0.12
72 models [0] recycles 1 hard 0 soft 1 temp 0.02 loss 4.05 helix 1.67 pae 0.21 i_pae 0.19 con 2.43 i_con 1.88 plddt 0.79 ptm 0.89 i_ptm 0.80 rg 0.35
73 models [4] recycles 1 hard 0 soft 1 temp 0.02 loss 7.98 helix 1.34 pae 0.63 i_pae 0.66 con 3.78 i_con 4.30 plddt 0.39 ptm 0.76 i_ptm 0.23 rg -0.38
74 models [0] recycles 1 hard 0 soft 1 temp 0.01 loss 5.37 helix 1.41 pae 0.33 i_pae 0.32 con 2.98 i_con 2.62 plddt 0.66 ptm 0.85 i_ptm 0.60 rg -0.09
75 models [0] recycles 1 hard 0 soft 1 temp 0.01 loss 5.84 helix 1.31 pae 0.37 i_pae 0.36 con 3.20 i_con 2.80 plddt 0.62 ptm 0.84 i_ptm 0.56 rg -0.01
Softmax trajectory pLDDT good, continuing: 0.92
Stage 3: One-hot Optimisation
76 models [3] recycles 1 hard 1 soft 1 temp 0.01 loss 7.10 helix 1.32 pae 0.53 i_pae 0.54 con 3.62 i_con 3.56 plddt 0.42 ptm 0.79 i_ptm 0.35 rg -0.14
77 models [1] recycles 1 hard 1 soft 1 temp 0.01 loss 7.65 helix 1.33 pae 0.58 i_pae 0.63 con 3.46 i_con 4.35 plddt 0.44 ptm 0.77 i_ptm 0.25 rg -0.50
78 models [3] recycles 1 hard 1 soft 1 temp 0.01 loss 7.48 helix 1.33 pae 0.57 i_pae 0.59 con 3.65 i_con 3.91 plddt 0.40 ptm 0.78 i_ptm 0.30 rg -0.21
One-hot trajectory pLDDT too low to continue: 0.42
Trajectory starting confidence low, skipping analysis and MPNN optimisation

Starting trajectory took: 0 hours, 25 minutes, 50 seconds

Starting trajectory: EGFRd3_p2g1_l68_s609893
Stage 1: Test Logits
1 models [0] recycles 1 hard 0 soft 0.02 temp 1 loss 10.21 helix 1.66 pae 0.81 i_pae 0.83 con 4.63 i_con 4.58 plddt 0.27 ptm 0.72 i_ptm 0.12 rg 3.24
2 models [2] recycles 1 hard 0 soft 0.04 temp 1 loss 13.20 helix 1.06 pae 0.76 i_pae 0.76 con 4.91 i_con 3.94 plddt 0.40 ptm 0.74 i_ptm 0.19 rg 14.00
3 models [3] recycles 1 hard 0 soft 0.05 temp 1 loss 9.81 helix 0.95 pae 0.73 i_pae 0.74 con 4.43 i_con 4.45 plddt 0.34 ptm 0.73 i_ptm 0.18 rg 2.51
4 models [2] recycles 1 hard 0 soft 0.07 temp 1 loss 9.41 helix 1.26 pae 0.72 i_pae 0.71 con 4.29 i_con 4.00 plddt 0.31 ptm 0.74 i_ptm 0.20 rg 3.44
5 models [1] recycles 1 hard 0 soft 0.09 temp 1 loss 9.03 helix 1.01 pae 0.68 i_pae 0.69 con 4.08 i_con 4.24 plddt 0.36 ptm 0.74 i_ptm 0.21 rg 1.91
6 models [0] recycles 1 hard 0 soft 0.11 temp 1 loss 8.84 helix 1.02 pae 0.70 i_pae 0.72 con 4.14 i_con 4.22 plddt 0.35 ptm 0.73 i_ptm 0.20 rg 1.10
7 models [3] recycles 1 hard 0 soft 0.13 temp 1 loss 8.84 helix 1.29 pae 0.70 i_pae 0.68 con 4.19 i_con 4.15 plddt 0.32 ptm 0.74 i_ptm 0.21 rg 1.44
8 models [2] recycles 1 hard 0 soft 0.14 temp 1 loss 9.18 helix 1.22 pae 0.71 i_pae 0.70 con 4.42 i_con 3.88 plddt 0.36 ptm 0.74 i_ptm 0.20 rg 2.61
9 models [4] recycles 1 hard 0 soft 0.16 temp 1 loss 8.68 helix 0.74 pae 0.67 i_pae 0.70 con 3.83 i_con 4.15 plddt 0.42 ptm 0.73 i_ptm 0.19 rg 1.61
10 models [2] recycles 1 hard 0 soft 0.18 temp 1 loss 8.42 helix 1.01 pae 0.66 i_pae 0.65 con 4.11 i_con 3.71 plddt 0.39 ptm 0.75 i_ptm 0.24 rg 1.59
11 models [1] recycles 1 hard 0 soft 0.20 temp 1 loss 8.27 helix 0.96 pae 0.62 i_pae 0.63 con 3.88 i_con 3.78 plddt 0.45 ptm 0.76 i_ptm 0.26 rg 1.70
12 models [2] recycles 1 hard 0 soft 0.22 temp 1 loss 8.07 helix 0.91 pae 0.63 i_pae 0.64 con 3.74 i_con 3.90 plddt 0.43 ptm 0.74 i_ptm 0.24 rg 1.00
13 models [3] recycles 1 hard 0 soft 0.23 temp 1 loss 7.82 helix 1.03 pae 0.61 i_pae 0.61 con 3.75 i_con 3.73 plddt 0.41 ptm 0.75 i_ptm 0.27 rg 0.82
14 models [4] recycles 1 hard 0 soft 0.25 temp 1 loss 7.60 helix 0.96 pae 0.62 i_pae 0.66 con 3.58 i_con 4.11 plddt 0.41 ptm 0.75 i_ptm 0.23 rg -0.72
15 models [3] recycles 1 hard 0 soft 0.27 temp 1 loss 7.45 helix 1.03 pae 0.61 i_pae 0.62 con 3.64 i_con 3.95 plddt 0.42 ptm 0.75 i_ptm 0.26 rg -0.76
16 models [0] recycles 1 hard 0 soft 0.29 temp 1 loss 7.48 helix 0.97 pae 0.60 i_pae 0.63 con 3.60 i_con 3.98 plddt 0.44 ptm 0.75 i_ptm 0.25 rg -0.70
17 models [1] recycles 1 hard 0 soft 0.31 temp 1 loss 7.11 helix 1.14 pae 0.55 i_pae 0.55 con 3.31 i_con 3.57 plddt 0.52 ptm 0.77 i_ptm 0.33 rg 0.70
18 models [1] recycles 1 hard 0 soft 0.32 temp 1 loss 6.73 helix 1.15 pae 0.50 i_pae 0.51 con 3.17 i_con 3.58 plddt 0.57 ptm 0.78 i_ptm 0.37 rg -0.02
19 models [1] recycles 1 hard 0 soft 0.34 temp 1 loss 5.93 helix 1.18 pae 0.40 i_pae 0.40 con 2.81 i_con 3.13 plddt 0.66 ptm 0.81 i_ptm 0.50 rg 0.29
20 models [1] recycles 1 hard 0 soft 0.36 temp 1 loss 5.77 helix 1.20 pae 0.39 i_pae 0.41 con 2.60 i_con 3.19 plddt 0.68 ptm 0.81 i_ptm 0.49 rg 0.28
21 models [0] recycles 1 hard 0 soft 0.38 temp 1 loss 5.36 helix 1.33 pae 0.34 i_pae 0.35 con 2.43 i_con 2.99 plddt 0.71 ptm 0.83 i_ptm 0.57 rg 0.40
22 models [1] recycles 1 hard 0 soft 0.40 temp 1 loss 4.88 helix 1.33 pae 0.29 i_pae 0.29 con 2.29 i_con 2.62 plddt 0.76 ptm 0.85 i_ptm 0.64 rg 0.59
23 models [0] recycles 1 hard 0 soft 0.41 temp 1 loss 7.84 helix 1.21 pae 0.63 i_pae 0.65 con 3.75 i_con 4.16 plddt 0.40 ptm 0.74 i_ptm 0.23 rg -0.42
24 models [1] recycles 1 hard 0 soft 0.43 temp 1 loss 6.81 helix 1.35 pae 0.58 i_pae 0.59 con 3.33 i_con 3.66 plddt 0.49 ptm 0.76 i_ptm 0.30 rg -0.49
25 models [4] recycles 1 hard 0 soft 0.45 temp 1 loss 7.36 helix 1.54 pae 0.64 i_pae 0.67 con 3.38 i_con 4.16 plddt 0.41 ptm 0.74 i_ptm 0.22 rg -0.46
26 models [4] recycles 1 hard 0 soft 0.47 temp 1 loss 6.73 helix 1.45 pae 0.59 i_pae 0.63 con 3.10 i_con 3.86 plddt 0.49 ptm 0.75 i_ptm 0.26 rg -0.63
27 models [4] recycles 1 hard 0 soft 0.49 temp 1 loss 6.41 helix 1.67 pae 0.60 i_pae 0.66 con 2.74 i_con 3.92 plddt 0.55 ptm 0.74 i_ptm 0.23 rg -0.49
28 models [0] recycles 1 hard 0 soft 0.50 temp 1 loss 6.03 helix 1.63 pae 0.54 i_pae 0.58 con 2.63 i_con 3.67 plddt 0.62 ptm 0.76 i_ptm 0.30 rg -0.42
29 models [4] recycles 1 hard 0 soft 0.52 temp 1 loss 6.34 helix 1.64 pae 0.60 i_pae 0.66 con 2.67 i_con 3.93 plddt 0.57 ptm 0.74 i_ptm 0.23 rg -0.53
30 models [1] recycles 1 hard 0 soft 0.54 temp 1 loss 5.36 helix 2.00 pae 0.48 i_pae 0.53 con 2.18 i_con 3.57 plddt 0.71 ptm 0.77 i_ptm 0.29 rg -0.35
31 models [3] recycles 1 hard 0 soft 0.56 temp 1 loss 5.63 helix 1.90 pae 0.49 i_pae 0.54 con 2.37 i_con 3.62 plddt 0.72 ptm 0.77 i_ptm 0.33 rg -0.33
32 models [4] recycles 1 hard 0 soft 0.58 temp 1 loss 5.62 helix 1.99 pae 0.53 i_pae 0.59 con 2.36 i_con 3.63 plddt 0.68 ptm 0.75 i_ptm 0.27 rg -0.37
33 models [0] recycles 1 hard 0 soft 0.59 temp 1 loss 4.96 helix 2.05 pae 0.39 i_pae 0.42 con 2.16 i_con 3.23 plddt 0.76 ptm 0.80 i_ptm 0.45 rg -0.23
34 models [0] recycles 1 hard 0 soft 0.61 temp 1 loss 5.68 helix 1.85 pae 0.51 i_pae 0.56 con 2.40 i_con 3.62 plddt 0.67 ptm 0.76 i_ptm 0.30 rg -0.37
35 models [0] recycles 1 hard 0 soft 0.63 temp 1 loss 5.04 helix 2.14 pae 0.42 i_pae 0.46 con 2.08 i_con 3.41 plddt 0.76 ptm 0.79 i_ptm 0.40 rg -0.25
36 models [1] recycles 1 hard 0 soft 0.65 temp 1 loss 4.83 helix 2.17 pae 0.38 i_pae 0.42 con 2.04 i_con 3.25 plddt 0.79 ptm 0.81 i_ptm 0.44 rg -0.20
37 models [1] recycles 1 hard 0 soft 0.67 temp 1 loss 4.66 helix 2.43 pae 0.39 i_pae 0.43 con 1.87 i_con 3.31 plddt 0.80 ptm 0.79 i_ptm 0.41 rg -0.13
38 models [4] recycles 1 hard 0 soft 0.68 temp 1 loss 4.81 helix 2.41 pae 0.43 i_pae 0.49 con 1.92 i_con 3.40 plddt 0.79 ptm 0.78 i_ptm 0.37 rg -0.22
39 models [4] recycles 1 hard 0 soft 0.70 temp 1 loss 4.14 helix 2.42 pae 0.30 i_pae 0.32 con 1.90 i_con 2.84 plddt 0.83 ptm 0.84 i_ptm 0.59 rg -0.21
40 models [2] recycles 1 hard 0 soft 0.72 temp 1 loss 4.22 helix 2.39 pae 0.30 i_pae 0.31 con 1.91 i_con 2.88 plddt 0.84 ptm 0.84 i_ptm 0.59 rg -0.13
41 models [3] recycles 1 hard 0 soft 0.74 temp 1 loss 4.53 helix 2.15 pae 0.31 i_pae 0.31 con 2.09 i_con 2.95 plddt 0.80 ptm 0.83 i_ptm 0.58 rg -0.21
42 models [2] recycles 1 hard 0 soft 0.76 temp 1 loss 4.59 helix 2.26 pae 0.36 i_pae 0.39 con 1.99 i_con 3.11 plddt 0.82 ptm 0.81 i_ptm 0.48 rg -0.23
43 models [1] recycles 1 hard 0 soft 0.77 temp 1 loss 4.62 helix 2.14 pae 0.33 i_pae 0.36 con 2.07 i_con 3.04 plddt 0.79 ptm 0.82 i_ptm 0.52 rg -0.18
44 models [0] recycles 1 hard 0 soft 0.79 temp 1 loss 6.06 helix 1.91 pae 0.54 i_pae 0.62 con 2.43 i_con 4.01 plddt 0.63 ptm 0.75 i_ptm 0.24 rg -0.55
45 models [0] recycles 1 hard 0 soft 0.81 temp 1 loss 4.28 helix 2.41 pae 0.30 i_pae 0.32 con 1.91 i_con 2.97 plddt 0.82 ptm 0.83 i_ptm 0.57 rg -0.23
46 models [2] recycles 1 hard 0 soft 0.83 temp 1 loss 5.55 helix 2.14 pae 0.52 i_pae 0.59 con 2.18 i_con 3.79 plddt 0.71 ptm 0.75 i_ptm 0.26 rg -0.38
47 models [0] recycles 1 hard 0 soft 0.85 temp 1 loss 5.23 helix 2.02 pae 0.43 i_pae 0.47 con 2.15 i_con 3.48 plddt 0.73 ptm 0.78 i_ptm 0.37 rg -0.23
48 models [0] recycles 1 hard 0 soft 0.86 temp 1 loss 5.35 helix 2.00 pae 0.45 i_pae 0.50 con 2.15 i_con 3.56 plddt 0.73 ptm 0.77 i_ptm 0.36 rg -0.16
49 models [3] recycles 1 hard 0 soft 0.88 temp 1 loss 3.78 helix 2.37 pae 0.24 i_pae 0.21 con 1.96 i_con 2.42 plddt 0.85 ptm 0.88 i_ptm 0.72 rg -0.10
50 models [3] recycles 1 hard 0 soft 0.90 temp 1 loss 3.90 helix 2.33 pae 0.25 i_pae 0.23 con 2.02 i_con 2.43 plddt 0.83 ptm 0.87 i_ptm 0.71 rg -0.03
Initial trajectory pLDDT good, continuing: 0.85
Stage 2: Softmax Optimisation
51 models [3] recycles 1 hard 0 soft 1 temp 0.92 loss 7.77 helix 1.15 pae 0.65 i_pae 0.64 con 3.94 i_con 3.93 plddt 0.39 ptm 0.75 i_ptm 0.25 rg -0.58
52 models [0] recycles 1 hard 0 soft 1 temp 0.85 loss 6.66 helix 1.53 pae 0.54 i_pae 0.54 con 3.26 i_con 3.62 plddt 0.51 ptm 0.77 i_ptm 0.32 rg -0.38
53 models [0] recycles 1 hard 0 soft 1 temp 0.78 loss 3.80 helix 2.40 pae 0.24 i_pae 0.22 con 2.01 i_con 2.37 plddt 0.83 ptm 0.87 i_ptm 0.74 rg -0.02
54 models [3] recycles 1 hard 0 soft 1 temp 0.71 loss 3.83 helix 2.61 pae 0.25 i_pae 0.24 con 1.94 i_con 2.50 plddt 0.84 ptm 0.86 i_ptm 0.69 rg 0.07
55 models [0] recycles 1 hard 0 soft 1 temp 0.64 loss 4.14 helix 2.41 pae 0.28 i_pae 0.29 con 2.00 i_con 2.70 plddt 0.83 ptm 0.85 i_ptm 0.65 rg -0.06
56 models [3] recycles 1 hard 0 soft 1 temp 0.58 loss 5.61 helix 2.35 pae 0.49 i_pae 0.58 con 2.15 i_con 3.93 plddt 0.73 ptm 0.75 i_ptm 0.26 rg -0.25
57 models [4] recycles 1 hard 0 soft 1 temp 0.52 loss 5.27 helix 2.35 pae 0.50 i_pae 0.57 con 1.97 i_con 3.78 plddt 0.76 ptm 0.75 i_ptm 0.27 rg -0.31
58 models [3] recycles 1 hard 0 soft 1 temp 0.47 loss 5.53 helix 2.20 pae 0.47 i_pae 0.52 con 2.29 i_con 3.67 plddt 0.71 ptm 0.77 i_ptm 0.33 rg -0.23
59 models [0] recycles 1 hard 0 soft 1 temp 0.42 loss 5.29 helix 2.17 pae 0.43 i_pae 0.47 con 2.31 i_con 3.42 plddt 0.72 ptm 0.78 i_ptm 0.39 rg -0.21
60 models [4] recycles 1 hard 0 soft 1 temp 0.37 loss 4.58 helix 2.29 pae 0.33 i_pae 0.33 con 2.14 i_con 2.96 plddt 0.78 ptm 0.82 i_ptm 0.56 rg -0.14
61 models [3] recycles 1 hard 0 soft 1 temp 0.32 loss 5.99 helix 2.11 pae 0.55 i_pae 0.63 con 2.31 i_con 4.05 plddt 0.69 ptm 0.75 i_ptm 0.23 rg -0.30
62 models [3] recycles 1 hard 0 soft 1 temp 0.28 loss 3.99 helix 2.38 pae 0.28 i_pae 0.27 con 1.95 i_con 2.60 plddt 0.84 ptm 0.85 i_ptm 0.65 rg -0.04
63 models [0] recycles 1 hard 0 soft 1 temp 0.24 loss 3.20 helix 2.65 pae 0.19 i_pae 0.17 con 1.72 i_con 2.18 plddt 0.88 ptm 0.89 i_ptm 0.79 rg -0.06
64 models [2] recycles 1 hard 0 soft 1 temp 0.20 loss 3.44 helix 2.56 pae 0.22 i_pae 0.21 con 1.82 i_con 2.28 plddt 0.87 ptm 0.88 i_ptm 0.74 rg -0.10
65 models [1] recycles 1 hard 0 soft 1 temp 0.17 loss 3.03 helix 2.78 pae 0.19 i_pae 0.16 con 1.70 i_con 2.06 plddt 0.89 ptm 0.90 i_ptm 0.81 rg -0.03
66 models [4] recycles 1 hard 0 soft 1 temp 0.14 loss 4.46 helix 2.47 pae 0.36 i_pae 0.40 con 1.85 i_con 3.17 plddt 0.82 ptm 0.81 i_ptm 0.45 rg -0.16
67 models [0] recycles 1 hard 0 soft 1 temp 0.11 loss 4.97 helix 2.14 pae 0.38 i_pae 0.38 con 2.30 i_con 3.11 plddt 0.72 ptm 0.81 i_ptm 0.49 rg -0.13
68 models [2] recycles 1 hard 0 soft 1 temp 0.09 loss 3.31 helix 2.71 pae 0.21 i_pae 0.19 con 1.72 i_con 2.30 plddt 0.89 ptm 0.88 i_ptm 0.75 rg -0.07
69 models [2] recycles 1 hard 0 soft 1 temp 0.07 loss 3.47 helix 2.49 pae 0.22 i_pae 0.20 con 1.85 i_con 2.26 plddt 0.87 ptm 0.88 i_ptm 0.75 rg -0.07
70 models [0] recycles 1 hard 0 soft 1 temp 0.05 loss 3.45 helix 2.59 pae 0.22 i_pae 0.20 con 1.77 i_con 2.35 plddt 0.87 ptm 0.88 i_ptm 0.74 rg -0.09
71 models [3] recycles 1 hard 0 soft 1 temp 0.04 loss 3.73 helix 2.60 pae 0.24 i_pae 0.22 con 1.83 i_con 2.54 plddt 0.86 ptm 0.86 i_ptm 0.69 rg 0.00
72 models [3] recycles 1 hard 0 soft 1 temp 0.02 loss 3.19 helix 2.63 pae 0.21 i_pae 0.18 con 1.78 i_con 2.08 plddt 0.88 ptm 0.89 i_ptm 0.79 rg 0.00
73 models [3] recycles 1 hard 0 soft 1 temp 0.02 loss 3.29 helix 2.67 pae 0.20 i_pae 0.18 con 1.74 i_con 2.24 plddt 0.88 ptm 0.89 i_ptm 0.77 rg -0.02
74 models [4] recycles 1 hard 0 soft 1 temp 0.01 loss 6.11 helix 1.91 pae 0.57 i_pae 0.62 con 2.50 i_con 3.94 plddt 0.60 ptm 0.75 i_ptm 0.26 rg -0.41
75 models [1] recycles 1 hard 0 soft 1 temp 0.01 loss 6.00 helix 1.99 pae 0.54 i_pae 0.59 con 2.51 i_con 3.83 plddt 0.63 ptm 0.76 i_ptm 0.28 rg -0.30
Softmax trajectory pLDDT good, continuing: 0.89
Stage 3: One-hot Optimisation
76 models [3] recycles 1 hard 1 soft 1 temp 0.01 loss 3.76 helix 2.48 pae 0.24 i_pae 0.22 con 1.84 i_con 2.50 plddt 0.84 ptm 0.87 i_ptm 0.70 rg 0.05
77 models [3] recycles 1 hard 1 soft 1 temp 0.01 loss 3.76 helix 2.48 pae 0.24 i_pae 0.22 con 1.84 i_con 2.50 plddt 0.84 ptm 0.87 i_ptm 0.70 rg 0.05
78 models [3] recycles 1 hard 1 soft 1 temp 0.01 loss 3.99 helix 2.44 pae 0.26 i_pae 0.25 con 1.87 i_con 2.67 plddt 0.82 ptm 0.86 i_ptm 0.64 rg 0.05
One-hot trajectory pLDDT good, continuing: 0.84
Stage 4: PSSM Semigreedy Optimisation
Running semigreedy optimization...
79 models [0] recycles 1 hard 1 soft 0 temp 1 loss 5.68 helix 2.05 pae 0.50 i_pae 0.53 con 2.43 i_con 3.64 plddt 0.61 ptm 0.77 i_ptm 0.32 rg -0.32
80 models [4] recycles 1 hard 1 soft 0 temp 1 loss 6.92 helix 2.11 pae 0.64 i_pae 0.69 con 2.68 i_con 4.34 plddt 0.45 ptm 0.74 i_ptm 0.20 rg 0.42
81 models [0] recycles 1 hard 1 soft 0 temp 1 loss 6.38 helix 2.07 pae 0.60 i_pae 0.65 con 2.61 i_con 4.12 plddt 0.51 ptm 0.75 i_ptm 0.22 rg -0.39
82 models [1] recycles 1 hard 1 soft 0 temp 1 loss 5.98 helix 2.09 pae 0.53 i_pae 0.57 con 2.64 i_con 3.67 plddt 0.56 ptm 0.77 i_ptm 0.29 rg -0.18
83 models [1] recycles 1 hard 1 soft 0 temp 1 loss 6.11 helix 2.06 pae 0.54 i_pae 0.57 con 2.77 i_con 3.66 plddt 0.54 ptm 0.77 i_ptm 0.29 rg -0.18
Trajectory successful, final pLDDT: 0.84
Starting trajectory took: 0 hours, 28 minutes, 33 seconds

Fixing interface residues: B16,B17,B20,B21,B23,B24,B25,B28,B41,B45,B49
Base AF2 filters not passed for EGFRd3_p2g1_l68_s609893_mpnn1, skipping interface scoring
Base AF2 filters not passed for EGFRd3_p2g1_l68_s609893_mpnn2, skipping interface scoring
Base AF2 filters not passed for EGFRd3_p2g1_l68_s609893_mpnn3, skipping interface scoring
Base AF2 filters not passed for EGFRd3_p2g1_l68_s609893_mpnn4, skipping interface scoring
Base AF2 filters not passed for EGFRd3_p2g1_l68_s609893_mpnn5, skipping interface scoring
Base AF2 filters not passed for EGFRd3_p2g1_l68_s609893_mpnn6, skipping interface scoring
Base AF2 filters not passed for EGFRd3_p2g1_l68_s609893_mpnn7, skipping interface scoring
Base AF2 filters not passed for EGFRd3_p2g1_l68_s609893_mpnn8, skipping interface scoring
No accepted MPNN designs found for this trajectory.

Design and validation of trajectory EGFRd3_p2g1_l68_s609893 took: 0 hours, 3 minutes, 33 seconds
Starting trajectory: EGFRd3_p2g1_l66_s66715
Stage 1: Test Logits
1 models [4] recycles 1 hard 0 soft 0.02 temp 1 loss 9.97 helix 0.93 pae 0.73 i_pae 0.72 con 4.68 i_con 4.27 plddt 0.34 ptm 0.74 i_ptm 0.18 rg 2.79
2 models [2] recycles 1 hard 0 soft 0.04 temp 1 loss 9.28 helix 1.00 pae 0.68 i_pae 0.67 con 4.42 i_con 3.87 plddt 0.38 ptm 0.75 i_ptm 0.23 rg 2.85
3 models [1] recycles 1 hard 0 soft 0.05 temp 1 loss 9.86 helix 1.74 pae 0.73 i_pae 0.71 con 4.77 i_con 3.66 plddt 0.35 ptm 0.75 i_ptm 0.23 rg 4.94
4 models [0] recycles 1 hard 0 soft 0.07 temp 1 loss 9.17 helix 1.61 pae 0.72 i_pae 0.70 con 4.55 i_con 4.08 plddt 0.31 ptm 0.74 i_ptm 0.20 rg 1.83
5 models [4] recycles 1 hard 0 soft 0.09 temp 1 loss 8.60 helix 1.29 pae 0.69 i_pae 0.67 con 4.34 i_con 4.10 plddt 0.31 ptm 0.74 i_ptm 0.21 rg 0.33
6 models [2] recycles 1 hard 0 soft 0.11 temp 1 loss 9.07 helix 1.67 pae 0.70 i_pae 0.68 con 4.31 i_con 4.04 plddt 0.29 ptm 0.75 i_ptm 0.21 rg 2.54
7 models [4] recycles 1 hard 0 soft 0.13 temp 1 loss 8.37 helix 0.98 pae 0.66 i_pae 0.67 con 4.09 i_con 4.20 plddt 0.34 ptm 0.74 i_ptm 0.22 rg -0.19
8 models [4] recycles 1 hard 0 soft 0.14 temp 1 loss 8.01 helix 0.82 pae 0.65 i_pae 0.67 con 3.85 i_con 4.11 plddt 0.39 ptm 0.74 i_ptm 0.22 rg -0.44
9 models [4] recycles 1 hard 0 soft 0.16 temp 1 loss 7.86 helix 0.84 pae 0.64 i_pae 0.66 con 3.86 i_con 4.00 plddt 0.38 ptm 0.75 i_ptm 0.23 rg -0.57
10 models [4] recycles 1 hard 0 soft 0.18 temp 1 loss 7.75 helix 0.93 pae 0.64 i_pae 0.64 con 3.89 i_con 3.82 plddt 0.36 ptm 0.75 i_ptm 0.25 rg -0.34
11 models [4] recycles 1 hard 0 soft 0.20 temp 1 loss 7.58 helix 0.84 pae 0.60 i_pae 0.62 con 3.71 i_con 3.81 plddt 0.42 ptm 0.76 i_ptm 0.26 rg -0.30
12 models [2] recycles 1 hard 0 soft 0.22 temp 1 loss 7.43 helix 0.81 pae 0.58 i_pae 0.60 con 3.60 i_con 3.79 plddt 0.45 ptm 0.76 i_ptm 0.29 rg -0.34
13 models [0] recycles 1 hard 0 soft 0.23 temp 1 loss 7.45 helix 0.83 pae 0.57 i_pae 0.60 con 3.50 i_con 3.92 plddt 0.47 ptm 0.76 i_ptm 0.28 rg -0.30
14 models [2] recycles 1 hard 0 soft 0.25 temp 1 loss 7.41 helix 0.95 pae 0.61 i_pae 0.64 con 3.45 i_con 3.91 plddt 0.47 ptm 0.75 i_ptm 0.26 rg -0.20
15 models [4] recycles 1 hard 0 soft 0.27 temp 1 loss 6.54 helix 0.93 pae 0.49 i_pae 0.54 con 2.84 i_con 3.67 plddt 0.62 ptm 0.77 i_ptm 0.31 rg -0.03
16 models [2] recycles 1 hard 0 soft 0.29 temp 1 loss 6.79 helix 0.86 pae 0.48 i_pae 0.52 con 3.06 i_con 3.73 plddt 0.58 ptm 0.77 i_ptm 0.36 rg -0.18
17 models [1] recycles 1 hard 0 soft 0.31 temp 1 loss 6.55 helix 0.93 pae 0.52 i_pae 0.59 con 2.50 i_con 3.95 plddt 0.66 ptm 0.76 i_ptm 0.28 rg 0.13
18 models [0] recycles 1 hard 0 soft 0.32 temp 1 loss 5.71 helix 1.09 pae 0.45 i_pae 0.51 con 1.98 i_con 3.73 plddt 0.74 ptm 0.77 i_ptm 0.34 rg 0.13
19 models [0] recycles 1 hard 0 soft 0.34 temp 1 loss 7.51 helix 0.93 pae 0.60 i_pae 0.68 con 3.10 i_con 4.41 plddt 0.51 ptm 0.74 i_ptm 0.22 rg -0.41
20 models [3] recycles 1 hard 0 soft 0.36 temp 1 loss 6.98 helix 0.94 pae 0.55 i_pae 0.59 con 3.24 i_con 3.76 plddt 0.52 ptm 0.76 i_ptm 0.29 rg -0.34
21 models [4] recycles 1 hard 0 soft 0.38 temp 1 loss 7.34 helix 0.87 pae 0.60 i_pae 0.65 con 3.33 i_con 3.97 plddt 0.50 ptm 0.75 i_ptm 0.24 rg -0.31
22 models [2] recycles 1 hard 0 soft 0.40 temp 1 loss 6.31 helix 1.03 pae 0.48 i_pae 0.55 con 2.48 i_con 3.79 plddt 0.69 ptm 0.76 i_ptm 0.31 rg 0.12
23 models [0] recycles 1 hard 0 soft 0.41 temp 1 loss 7.52 helix 0.82 pae 0.61 i_pae 0.66 con 3.39 i_con 4.12 plddt 0.48 ptm 0.75 i_ptm 0.24 rg -0.49
24 models [4] recycles 1 hard 0 soft 0.43 temp 1 loss 7.19 helix 0.88 pae 0.57 i_pae 0.61 con 3.27 i_con 3.88 plddt 0.51 ptm 0.75 i_ptm 0.26 rg -0.24
25 models [1] recycles 1 hard 0 soft 0.45 temp 1 loss 6.51 helix 0.95 pae 0.48 i_pae 0.52 con 2.81 i_con 3.67 plddt 0.61 ptm 0.77 i_ptm 0.32 rg -0.03
26 models [1] recycles 1 hard 0 soft 0.47 temp 1 loss 6.77 helix 0.82 pae 0.49 i_pae 0.52 con 3.11 i_con 3.60 plddt 0.57 ptm 0.78 i_ptm 0.34 rg -0.05
27 models [1] recycles 1 hard 0 soft 0.49 temp 1 loss 5.95 helix 1.02 pae 0.39 i_pae 0.42 con 2.58 i_con 3.39 plddt 0.69 ptm 0.80 i_ptm 0.44 rg 0.12
28 models [1] recycles 1 hard 0 soft 0.50 temp 1 loss 6.01 helix 1.02 pae 0.38 i_pae 0.40 con 2.65 i_con 3.37 plddt 0.69 ptm 0.80 i_ptm 0.43 rg 0.13
29 models [3] recycles 1 hard 0 soft 0.52 temp 1 loss 5.47 helix 1.14 pae 0.34 i_pae 0.37 con 2.24 i_con 3.25 plddt 0.77 ptm 0.82 i_ptm 0.50 rg 0.33
30 models [1] recycles 1 hard 0 soft 0.54 temp 1 loss 5.30 helix 1.18 pae 0.31 i_pae 0.33 con 2.19 i_con 3.17 plddt 0.78 ptm 0.83 i_ptm 0.55 rg 0.32
31 models [2] recycles 1 hard 0 soft 0.56 temp 1 loss 5.45 helix 1.08 pae 0.34 i_pae 0.37 con 2.27 i_con 3.23 plddt 0.77 ptm 0.81 i_ptm 0.49 rg 0.20
32 models [3] recycles 1 hard 0 soft 0.58 temp 1 loss 5.19 helix 1.20 pae 0.35 i_pae 0.39 con 1.89 i_con 3.34 plddt 0.80 ptm 0.80 i_ptm 0.45 rg 0.31
33 models [2] recycles 1 hard 0 soft 0.59 temp 1 loss 4.98 helix 1.19 pae 0.33 i_pae 0.35 con 1.85 i_con 3.19 plddt 0.82 ptm 0.81 i_ptm 0.49 rg 0.28
34 models [4] recycles 1 hard 0 soft 0.61 temp 1 loss 5.93 helix 1.14 pae 0.41 i_pae 0.46 con 2.35 i_con 3.54 plddt 0.71 ptm 0.78 i_ptm 0.39 rg 0.36
35 models [0] recycles 1 hard 0 soft 0.63 temp 1 loss 4.94 helix 1.23 pae 0.28 i_pae 0.30 con 1.90 i_con 3.13 plddt 0.82 ptm 0.83 i_ptm 0.57 rg 0.36
36 models [1] recycles 1 hard 0 soft 0.65 temp 1 loss 4.87 helix 1.29 pae 0.28 i_pae 0.31 con 1.77 i_con 3.18 plddt 0.83 ptm 0.83 i_ptm 0.55 rg 0.40
37 models [0] recycles 1 hard 0 soft 0.67 temp 1 loss 6.87 helix 1.03 pae 0.54 i_pae 0.61 con 2.73 i_con 4.06 plddt 0.58 ptm 0.75 i_ptm 0.28 rg 0.09
38 models [1] recycles 1 hard 0 soft 0.68 temp 1 loss 6.97 helix 0.85 pae 0.49 i_pae 0.50 con 3.33 i_con 3.49 plddt 0.55 ptm 0.78 i_ptm 0.36 rg 0.27
39 models [4] recycles 1 hard 0 soft 0.70 temp 1 loss 6.93 helix 0.97 pae 0.53 i_pae 0.57 con 2.95 i_con 3.91 plddt 0.55 ptm 0.76 i_ptm 0.30 rg 0.03
40 models [1] recycles 1 hard 0 soft 0.72 temp 1 loss 5.45 helix 1.15 pae 0.30 i_pae 0.31 con 2.38 i_con 3.06 plddt 0.75 ptm 0.84 i_ptm 0.57 rg 0.52
41 models [1] recycles 1 hard 0 soft 0.74 temp 1 loss 5.80 helix 0.86 pae 0.37 i_pae 0.37 con 2.88 i_con 2.71 plddt 0.67 ptm 0.83 i_ptm 0.57 rg 0.76
42 models [0] recycles 1 hard 0 soft 0.76 temp 1 loss 6.98 helix 0.90 pae 0.53 i_pae 0.58 con 3.20 i_con 3.62 plddt 0.53 ptm 0.76 i_ptm 0.31 rg 0.24
43 models [1] recycles 1 hard 0 soft 0.77 temp 1 loss 5.66 helix 1.26 pae 0.43 i_pae 0.48 con 2.17 i_con 3.59 plddt 0.65 ptm 0.78 i_ptm 0.36 rg -0.01
44 models [2] recycles 1 hard 0 soft 0.79 temp 1 loss 7.63 helix 0.87 pae 0.60 i_pae 0.64 con 3.48 i_con 4.09 plddt 0.47 ptm 0.75 i_ptm 0.26 rg -0.26
45 models [0] recycles 1 hard 0 soft 0.81 temp 1 loss 5.45 helix 1.28 pae 0.37 i_pae 0.41 con 2.12 i_con 3.34 plddt 0.73 ptm 0.80 i_ptm 0.45 rg 0.42
46 models [1] recycles 1 hard 0 soft 0.83 temp 1 loss 5.78 helix 1.05 pae 0.34 i_pae 0.35 con 2.54 i_con 3.21 plddt 0.72 ptm 0.83 i_ptm 0.54 rg 0.42
47 models [4] recycles 1 hard 0 soft 0.85 temp 1 loss 6.20 helix 1.04 pae 0.47 i_pae 0.53 con 2.66 i_con 3.64 plddt 0.58 ptm 0.77 i_ptm 0.33 rg -0.34
48 models [0] recycles 1 hard 0 soft 0.86 temp 1 loss 5.12 helix 1.28 pae 0.31 i_pae 0.34 con 2.01 i_con 3.21 plddt 0.79 ptm 0.82 i_ptm 0.53 rg 0.26
49 models [0] recycles 1 hard 0 soft 0.88 temp 1 loss 5.29 helix 1.41 pae 0.41 i_pae 0.46 con 1.84 i_con 3.55 plddt 0.74 ptm 0.78 i_ptm 0.35 rg 0.19
50 models [4] recycles 1 hard 0 soft 0.90 temp 1 loss 5.11 helix 1.12 pae 0.29 i_pae 0.31 con 2.12 i_con 3.04 plddt 0.79 ptm 0.84 i_ptm 0.58 rg 0.32
Initial trajectory pLDDT good, continuing: 0.83
Stage 2: Softmax Optimisation
51 models [1] recycles 1 hard 0 soft 1 temp 0.92 loss 5.04 helix 1.12 pae 0.27 i_pae 0.28 con 2.06 i_con 3.03 plddt 0.81 ptm 0.84 i_ptm 0.61 rg 0.39
52 models [4] recycles 1 hard 0 soft 1 temp 0.85 loss 5.34 helix 1.01 pae 0.32 i_pae 0.34 con 2.13 i_con 3.20 plddt 0.80 ptm 0.82 i_ptm 0.53 rg 0.34
53 models [1] recycles 1 hard 0 soft 1 temp 0.78 loss 4.19 helix 1.26 pae 0.20 i_pae 0.20 con 1.78 i_con 2.53 plddt 0.86 ptm 0.88 i_ptm 0.74 rg 0.42
54 models [0] recycles 1 hard 0 soft 1 temp 0.71 loss 4.36 helix 1.35 pae 0.23 i_pae 0.23 con 1.69 i_con 2.78 plddt 0.86 ptm 0.85 i_ptm 0.66 rg 0.49
55 models [4] recycles 1 hard 0 soft 1 temp 0.64 loss 4.78 helix 1.12 pae 0.26 i_pae 0.27 con 1.89 i_con 2.93 plddt 0.83 ptm 0.84 i_ptm 0.62 rg 0.43
56 models [2] recycles 1 hard 0 soft 1 temp 0.58 loss 4.58 helix 1.29 pae 0.27 i_pae 0.29 con 1.79 i_con 2.89 plddt 0.86 ptm 0.83 i_ptm 0.60 rg 0.41
57 models [3] recycles 1 hard 0 soft 1 temp 0.52 loss 4.48 helix 1.29 pae 0.27 i_pae 0.29 con 1.70 i_con 2.90 plddt 0.85 ptm 0.83 i_ptm 0.59 rg 0.32
58 models [3] recycles 1 hard 0 soft 1 temp 0.47 loss 4.00 helix 1.37 pae 0.21 i_pae 0.20 con 1.64 i_con 2.50 plddt 0.89 ptm 0.87 i_ptm 0.74 rg 0.48
59 models [4] recycles 1 hard 0 soft 1 temp 0.42 loss 4.02 helix 1.35 pae 0.20 i_pae 0.20 con 1.57 i_con 2.61 plddt 0.89 ptm 0.87 i_ptm 0.70 rg 0.41
60 models [3] recycles 1 hard 0 soft 1 temp 0.37 loss 4.28 helix 1.36 pae 0.24 i_pae 0.25 con 1.63 i_con 2.79 plddt 0.88 ptm 0.85 i_ptm 0.67 rg 0.41
61 models [2] recycles 1 hard 0 soft 1 temp 0.32 loss 4.39 helix 1.31 pae 0.25 i_pae 0.26 con 1.73 i_con 2.77 plddt 0.87 ptm 0.85 i_ptm 0.64 rg 0.40
62 models [3] recycles 1 hard 0 soft 1 temp 0.28 loss 4.46 helix 1.25 pae 0.24 i_pae 0.24 con 1.84 i_con 2.73 plddt 0.87 ptm 0.85 i_ptm 0.67 rg 0.41
63 models [4] recycles 1 hard 0 soft 1 temp 0.24 loss 4.33 helix 1.35 pae 0.25 i_pae 0.26 con 1.63 i_con 2.81 plddt 0.88 ptm 0.85 i_ptm 0.63 rg 0.46
64 models [2] recycles 1 hard 0 soft 1 temp 0.20 loss 7.34 helix 0.86 pae 0.56 i_pae 0.67 con 2.82 i_con 4.47 plddt 0.63 ptm 0.75 i_ptm 0.22 rg -0.22
65 models [1] recycles 1 hard 0 soft 1 temp 0.17 loss 3.80 helix 1.36 pae 0.17 i_pae 0.16 con 1.63 i_con 2.33 plddt 0.90 ptm 0.89 i_ptm 0.79 rg 0.46
66 models [2] recycles 1 hard 0 soft 1 temp 0.14 loss 6.41 helix 1.12 pae 0.52 i_pae 0.64 con 2.04 i_con 4.32 plddt 0.78 ptm 0.75 i_ptm 0.23 rg 0.18
67 models [3] recycles 1 hard 0 soft 1 temp 0.11 loss 3.85 helix 1.28 pae 0.19 i_pae 0.18 con 1.60 i_con 2.38 plddt 0.90 ptm 0.88 i_ptm 0.76 rg 0.47
68 models [0] recycles 1 hard 0 soft 1 temp 0.09 loss 4.34 helix 1.25 pae 0.20 i_pae 0.21 con 1.81 i_con 2.66 plddt 0.87 ptm 0.87 i_ptm 0.72 rg 0.40
69 models [2] recycles 1 hard 0 soft 1 temp 0.07 loss 4.66 helix 1.23 pae 0.28 i_pae 0.31 con 1.77 i_con 2.98 plddt 0.87 ptm 0.83 i_ptm 0.57 rg 0.32
70 models [1] recycles 1 hard 0 soft 1 temp 0.05 loss 3.98 helix 1.32 pae 0.19 i_pae 0.20 con 1.58 i_con 2.54 plddt 0.90 ptm 0.88 i_ptm 0.73 rg 0.44
71 models [1] recycles 1 hard 0 soft 1 temp 0.04 loss 3.97 helix 1.31 pae 0.18 i_pae 0.18 con 1.72 i_con 2.41 plddt 0.89 ptm 0.88 i_ptm 0.76 rg 0.40
72 models [4] recycles 1 hard 0 soft 1 temp 0.02 loss 3.94 helix 1.33 pae 0.19 i_pae 0.19 con 1.62 i_con 2.48 plddt 0.90 ptm 0.87 i_ptm 0.75 rg 0.42
73 models [1] recycles 1 hard 0 soft 1 temp 0.02 loss 4.10 helix 1.32 pae 0.20 i_pae 0.20 con 1.61 i_con 2.64 plddt 0.89 ptm 0.87 i_ptm 0.71 rg 0.41
74 models [0] recycles 1 hard 0 soft 1 temp 0.01 loss 3.99 helix 1.39 pae 0.19 i_pae 0.19 con 1.57 i_con 2.59 plddt 0.90 ptm 0.87 i_ptm 0.73 rg 0.42
75 models [4] recycles 1 hard 0 soft 1 temp 0.01 loss 4.02 helix 1.27 pae 0.20 i_pae 0.20 con 1.62 i_con 2.53 plddt 0.89 ptm 0.87 i_ptm 0.72 rg 0.43
Softmax trajectory pLDDT good, continuing: 0.9
Stage 3: One-hot Optimisation
76 models [3] recycles 1 hard 1 soft 1 temp 0.01 loss 3.80 helix 1.34 pae 0.19 i_pae 0.19 con 1.52 i_con 2.43 plddt 0.90 ptm 0.88 i_ptm 0.75 rg 0.45
77 models [4] recycles 1 hard 1 soft 1 temp 0.01 loss 5.52 helix 1.25 pae 0.44 i_pae 0.52 con 1.71 i_con 3.75 plddt 0.75 ptm 0.76 i_ptm 0.29 rg 0.49
78 models [0] recycles 1 hard 1 soft 1 temp 0.01 loss 4.17 helix 1.36 pae 0.22 i_pae 0.24 con 1.58 i_con 2.73 plddt 0.87 ptm 0.86 i_ptm 0.67 rg 0.42
One-hot trajectory pLDDT good, continuing: 0.9
Stage 4: PSSM Semigreedy Optimisation
Running semigreedy optimization...
79 models [1] recycles 1 hard 1 soft 0 temp 1 loss 3.88 helix 1.26 pae 0.19 i_pae 0.19 con 1.58 i_con 2.43 plddt 0.89 ptm 0.88 i_ptm 0.75 rg 0.45
80 models [4] recycles 1 hard 1 soft 0 temp 1 loss 5.56 helix 1.01 pae 0.32 i_pae 0.35 con 2.29 i_con 3.24 plddt 0.73 ptm 0.82 i_ptm 0.53 rg 0.37
81 models [4] recycles 1 hard 1 soft 0 temp 1 loss 5.77 helix 1.01 pae 0.36 i_pae 0.40 con 2.34 i_con 3.39 plddt 0.70 ptm 0.81 i_ptm 0.47 rg 0.32
82 models [2] recycles 1 hard 1 soft 0 temp 1 loss 7.39 helix 1.13 pae 0.57 i_pae 0.67 con 2.73 i_con 4.63 plddt 0.57 ptm 0.75 i_ptm 0.22 rg 0.01
83 models [4] recycles 1 hard 1 soft 0 temp 1 loss 7.20 helix 1.10 pae 0.55 i_pae 0.63 con 2.70 i_con 4.39 plddt 0.55 ptm 0.75 i_ptm 0.24 rg 0.24
Trajectory successful, final pLDDT: 0.9
Starting trajectory took: 0 hours, 28 minutes, 32 seconds

Fixing interface residues: B2,B3,B4,B6,B7,B10,B11,B14,B15,B17,B18,B19,B20,B33,B34,B37,B38,B41,B42
Unmet filter conditions for EGFRd3_p2g1_l66_s66715_mpnn1
Unmet filter conditions for EGFRd3_p2g1_l66_s66715_mpnn2
Unmet filter conditions for EGFRd3_p2g1_l66_s66715_mpnn3
EGFRd3_p2g1_l66_s66715_mpnn4 passed all filters
Found 1 MPNN designs passing filters

Design and validation of trajectory EGFRd3_p2g1_l66_s66715 took: 0 hours, 16 minutes, 37 seconds
Starting trajectory: EGFRd3_p2g1_l57_s169122
Stage 1: Test Logits
1 models [2] recycles 1 hard 0 soft 0.02 temp 1 loss 11.45 helix 1.37 pae 0.77 i_pae 0.77 con 4.57 i_con 4.32 plddt 0.30 ptm 0.75 i_ptm 0.16 rg 8.22
2 models [2] recycles 1 hard 0 soft 0.04 temp 1 loss 12.03 helix 0.77 pae 0.66 i_pae 0.67 con 4.89 i_con 3.82 plddt 0.51 ptm 0.77 i_ptm 0.23 rg 10.43
3 models [0] recycles 1 hard 0 soft 0.05 temp 1 loss 9.46 helix 1.02 pae 0.70 i_pae 0.71 con 4.35 i_con 4.29 plddt 0.36 ptm 0.76 i_ptm 0.20 rg 2.24
4 models [2] recycles 1 hard 0 soft 0.07 temp 1 loss 9.43 helix 0.85 pae 0.69 i_pae 0.69 con 4.44 i_con 4.03 plddt 0.40 ptm 0.76 i_ptm 0.21 rg 2.52
5 models [0] recycles 1 hard 0 soft 0.09 temp 1 loss 8.21 helix 0.91 pae 0.66 i_pae 0.66 con 4.11 i_con 4.02 plddt 0.36 ptm 0.76 i_ptm 0.24 rg -0.28
6 models [2] recycles 1 hard 0 soft 0.11 temp 1 loss 7.96 helix 0.96 pae 0.63 i_pae 0.64 con 3.98 i_con 3.91 plddt 0.37 ptm 0.77 i_ptm 0.26 rg -0.22
7 models [3] recycles 1 hard 0 soft 0.13 temp 1 loss 8.08 helix 1.17 pae 0.65 i_pae 0.63 con 4.04 i_con 3.95 plddt 0.35 ptm 0.78 i_ptm 0.26 rg 0.07
8 models [2] recycles 1 hard 0 soft 0.14 temp 1 loss 7.79 helix 0.85 pae 0.59 i_pae 0.62 con 3.84 i_con 3.96 plddt 0.44 ptm 0.77 i_ptm 0.29 rg -0.48
9 models [2] recycles 1 hard 0 soft 0.16 temp 1 loss 7.58 helix 0.86 pae 0.59 i_pae 0.61 con 3.71 i_con 3.90 plddt 0.46 ptm 0.77 i_ptm 0.27 rg -0.54
10 models [2] recycles 1 hard 0 soft 0.18 temp 1 loss 6.86 helix 0.96 pae 0.52 i_pae 0.57 con 3.06 i_con 3.87 plddt 0.54 ptm 0.77 i_ptm 0.29 rg -0.43
11 models [4] recycles 1 hard 0 soft 0.20 temp 1 loss 7.00 helix 0.95 pae 0.54 i_pae 0.58 con 3.12 i_con 3.92 plddt 0.51 ptm 0.77 i_ptm 0.28 rg -0.41
12 models [3] recycles 1 hard 0 soft 0.22 temp 1 loss 6.76 helix 1.01 pae 0.51 i_pae 0.56 con 3.04 i_con 3.79 plddt 0.54 ptm 0.78 i_ptm 0.30 rg -0.36
13 models [1] recycles 1 hard 0 soft 0.23 temp 1 loss 7.10 helix 0.96 pae 0.54 i_pae 0.58 con 3.23 i_con 3.81 plddt 0.54 ptm 0.78 i_ptm 0.28 rg -0.03
14 models [3] recycles 1 hard 0 soft 0.25 temp 1 loss 6.46 helix 0.98 pae 0.49 i_pae 0.53 con 2.93 i_con 3.62 plddt 0.55 ptm 0.79 i_ptm 0.33 rg -0.42
15 models [1] recycles 1 hard 0 soft 0.27 temp 1 loss 5.47 helix 1.35 pae 0.43 i_pae 0.50 con 1.89 i_con 3.69 plddt 0.74 ptm 0.79 i_ptm 0.33 rg 0.05
16 models [2] recycles 1 hard 0 soft 0.29 temp 1 loss 6.10 helix 1.15 pae 0.46 i_pae 0.53 con 2.42 i_con 3.79 plddt 0.67 ptm 0.79 i_ptm 0.34 rg -0.25
17 models [3] recycles 1 hard 0 soft 0.31 temp 1 loss 4.52 helix 1.25 pae 0.26 i_pae 0.27 con 1.78 i_con 2.91 plddt 0.82 ptm 0.86 i_ptm 0.65 rg 0.11
18 models [4] recycles 1 hard 0 soft 0.32 temp 1 loss 3.69 helix 1.40 pae 0.17 i_pae 0.16 con 1.68 i_con 2.29 plddt 0.88 ptm 0.90 i_ptm 0.82 rg 0.08
19 models [1] recycles 1 hard 0 soft 0.34 temp 1 loss 3.76 helix 1.39 pae 0.16 i_pae 0.15 con 1.74 i_con 2.27 plddt 0.88 ptm 0.90 i_ptm 0.84 rg 0.21
20 models [3] recycles 1 hard 0 soft 0.36 temp 1 loss 3.61 helix 1.48 pae 0.16 i_pae 0.16 con 1.66 i_con 2.24 plddt 0.89 ptm 0.91 i_ptm 0.83 rg 0.18
21 models [1] recycles 1 hard 0 soft 0.38 temp 1 loss 4.38 helix 1.14 pae 0.19 i_pae 0.19 con 2.21 i_con 2.26 plddt 0.82 ptm 0.90 i_ptm 0.81 rg 0.44
22 models [0] recycles 1 hard 0 soft 0.40 temp 1 loss 4.05 helix 1.31 pae 0.17 i_pae 0.17 con 1.99 i_con 2.20 plddt 0.85 ptm 0.90 i_ptm 0.83 rg 0.44
23 models [3] recycles 1 hard 0 soft 0.41 temp 1 loss 4.48 helix 1.16 pae 0.21 i_pae 0.20 con 2.24 i_con 2.30 plddt 0.80 ptm 0.88 i_ptm 0.75 rg 0.45
24 models [4] recycles 1 hard 0 soft 0.43 temp 1 loss 4.12 helix 1.32 pae 0.19 i_pae 0.18 con 1.95 i_con 2.34 plddt 0.84 ptm 0.89 i_ptm 0.79 rg 0.36
25 models [1] recycles 1 hard 0 soft 0.45 temp 1 loss 3.88 helix 1.28 pae 0.17 i_pae 0.17 con 1.82 i_con 2.22 plddt 0.86 ptm 0.90 i_ptm 0.82 rg 0.40
26 models [2] recycles 1 hard 0 soft 0.47 temp 1 loss 3.69 helix 1.38 pae 0.17 i_pae 0.16 con 1.76 i_con 2.17 plddt 0.88 ptm 0.90 i_ptm 0.84 rg 0.25
27 models [4] recycles 1 hard 0 soft 0.49 temp 1 loss 3.63 helix 1.52 pae 0.15 i_pae 0.14 con 1.73 i_con 2.17 plddt 0.90 ptm 0.91 i_ptm 0.87 rg 0.30
28 models [0] recycles 1 hard 0 soft 0.50 temp 1 loss 4.84 helix 1.11 pae 0.24 i_pae 0.25 con 2.13 i_con 2.76 plddt 0.79 ptm 0.87 i_ptm 0.71 rg 0.44
29 models [3] recycles 1 hard 0 soft 0.52 temp 1 loss 3.90 helix 1.27 pae 0.17 i_pae 0.16 con 1.92 i_con 2.13 plddt 0.87 ptm 0.90 i_ptm 0.85 rg 0.43
30 models [2] recycles 1 hard 0 soft 0.54 temp 1 loss 3.73 helix 1.42 pae 0.17 i_pae 0.16 con 1.67 i_con 2.29 plddt 0.88 ptm 0.89 i_ptm 0.83 rg 0.32
31 models [3] recycles 1 hard 0 soft 0.56 temp 1 loss 3.31 helix 1.41 pae 0.14 i_pae 0.13 con 1.57 i_con 1.99 plddt 0.92 ptm 0.92 i_ptm 0.88 rg 0.30
32 models [1] recycles 1 hard 0 soft 0.58 temp 1 loss 3.95 helix 1.32 pae 0.18 i_pae 0.20 con 1.67 i_con 2.48 plddt 0.87 ptm 0.90 i_ptm 0.81 rg 0.24
33 models [0] recycles 1 hard 0 soft 0.59 temp 1 loss 3.61 helix 1.35 pae 0.16 i_pae 0.15 con 1.70 i_con 2.14 plddt 0.89 ptm 0.91 i_ptm 0.86 rg 0.28
34 models [4] recycles 1 hard 0 soft 0.61 temp 1 loss 5.36 helix 1.07 pae 0.42 i_pae 0.45 con 2.04 i_con 3.46 plddt 0.63 ptm 0.80 i_ptm 0.40 rg -0.33
35 models [0] recycles 1 hard 0 soft 0.63 temp 1 loss 3.90 helix 1.33 pae 0.17 i_pae 0.18 con 1.76 i_con 2.35 plddt 0.87 ptm 0.89 i_ptm 0.83 rg 0.28
36 models [0] recycles 1 hard 0 soft 0.65 temp 1 loss 7.98 helix 0.91 pae 0.63 i_pae 0.63 con 3.90 i_con 3.99 plddt 0.40 ptm 0.77 i_ptm 0.25 rg -0.18
37 models [1] recycles 1 hard 0 soft 0.67 temp 1 loss 7.77 helix 0.99 pae 0.61 i_pae 0.62 con 3.97 i_con 3.68 plddt 0.44 ptm 0.78 i_ptm 0.29 rg 0.06
38 models [1] recycles 1 hard 0 soft 0.68 temp 1 loss 3.57 helix 1.38 pae 0.15 i_pae 0.15 con 1.62 i_con 2.18 plddt 0.90 ptm 0.91 i_ptm 0.87 rg 0.27
39 models [0] recycles 1 hard 0 soft 0.70 temp 1 loss 3.81 helix 1.39 pae 0.17 i_pae 0.16 con 1.79 i_con 2.26 plddt 0.87 ptm 0.90 i_ptm 0.85 rg 0.26
40 models [1] recycles 1 hard 0 soft 0.72 temp 1 loss 4.08 helix 1.23 pae 0.17 i_pae 0.16 con 2.00 i_con 2.24 plddt 0.87 ptm 0.92 i_ptm 0.86 rg 0.37
41 models [2] recycles 1 hard 0 soft 0.74 temp 1 loss 3.69 helix 1.34 pae 0.17 i_pae 0.15 con 1.85 i_con 2.08 plddt 0.88 ptm 0.90 i_ptm 0.84 rg 0.18
42 models [2] recycles 1 hard 0 soft 0.76 temp 1 loss 3.26 helix 1.50 pae 0.15 i_pae 0.14 con 1.59 i_con 1.98 plddt 0.91 ptm 0.91 i_ptm 0.88 rg 0.20
43 models [2] recycles 1 hard 0 soft 0.77 temp 1 loss 3.43 helix 1.42 pae 0.16 i_pae 0.14 con 1.67 i_con 2.04 plddt 0.90 ptm 0.90 i_ptm 0.86 rg 0.20
44 models [2] recycles 1 hard 0 soft 0.79 temp 1 loss 3.64 helix 1.37 pae 0.17 i_pae 0.16 con 1.75 i_con 2.15 plddt 0.88 ptm 0.90 i_ptm 0.85 rg 0.18
45 models [3] recycles 1 hard 0 soft 0.81 temp 1 loss 3.46 helix 1.47 pae 0.15 i_pae 0.14 con 1.58 i_con 2.14 plddt 0.90 ptm 0.91 i_ptm 0.86 rg 0.32
46 models [3] recycles 1 hard 0 soft 0.83 temp 1 loss 3.38 helix 1.43 pae 0.15 i_pae 0.14 con 1.65 i_con 1.99 plddt 0.90 ptm 0.91 i_ptm 0.87 rg 0.25
47 models [0] recycles 1 hard 0 soft 0.85 temp 1 loss 3.54 helix 1.39 pae 0.16 i_pae 0.15 con 1.68 i_con 2.08 plddt 0.88 ptm 0.90 i_ptm 0.85 rg 0.32
48 models [3] recycles 1 hard 0 soft 0.86 temp 1 loss 3.43 helix 1.48 pae 0.15 i_pae 0.14 con 1.65 i_con 2.02 plddt 0.90 ptm 0.91 i_ptm 0.87 rg 0.36
49 models [0] recycles 1 hard 0 soft 0.88 temp 1 loss 3.35 helix 1.36 pae 0.15 i_pae 0.14 con 1.60 i_con 1.97 plddt 0.90 ptm 0.91 i_ptm 0.88 rg 0.35
50 models [2] recycles 1 hard 0 soft 0.90 temp 1 loss 3.26 helix 1.47 pae 0.15 i_pae 0.14 con 1.55 i_con 1.99 plddt 0.92 ptm 0.91 i_ptm 0.87 rg 0.23
Initial trajectory pLDDT good, continuing: 0.92
Stage 2: Softmax Optimisation
51 models [2] recycles 1 hard 0 soft 1 temp 0.92 loss 3.83 helix 1.36 pae 0.17 i_pae 0.17 con 1.72 i_con 2.34 plddt 0.89 ptm 0.89 i_ptm 0.84 rg 0.24
52 models [2] recycles 1 hard 0 soft 1 temp 0.85 loss 3.36 helix 1.48 pae 0.16 i_pae 0.15 con 1.57 i_con 2.07 plddt 0.90 ptm 0.90 i_ptm 0.85 rg 0.25
53 models [2] recycles 1 hard 0 soft 1 temp 0.78 loss 3.78 helix 1.38 pae 0.18 i_pae 0.17 con 1.63 i_con 2.41 plddt 0.89 ptm 0.90 i_ptm 0.84 rg 0.16
54 models [0] recycles 1 hard 0 soft 1 temp 0.71 loss 3.40 helix 1.38 pae 0.15 i_pae 0.14 con 1.56 i_con 2.10 plddt 0.90 ptm 0.91 i_ptm 0.86 rg 0.21
55 models [4] recycles 1 hard 0 soft 1 temp 0.64 loss 3.60 helix 1.45 pae 0.17 i_pae 0.16 con 1.56 i_con 2.28 plddt 0.89 ptm 0.90 i_ptm 0.82 rg 0.28
56 models [3] recycles 1 hard 0 soft 1 temp 0.58 loss 3.03 helix 1.56 pae 0.14 i_pae 0.12 con 1.42 i_con 1.94 plddt 0.93 ptm 0.91 i_ptm 0.89 rg 0.18
57 models [0] recycles 1 hard 0 soft 1 temp 0.52 loss 3.31 helix 1.47 pae 0.16 i_pae 0.15 con 1.48 i_con 2.12 plddt 0.89 ptm 0.90 i_ptm 0.84 rg 0.16
58 models [0] recycles 1 hard 0 soft 1 temp 0.47 loss 3.23 helix 1.52 pae 0.15 i_pae 0.14 con 1.44 i_con 2.09 plddt 0.91 ptm 0.90 i_ptm 0.86 rg 0.20
59 models [4] recycles 1 hard 0 soft 1 temp 0.42 loss 3.35 helix 1.53 pae 0.15 i_pae 0.14 con 1.46 i_con 2.20 plddt 0.91 ptm 0.91 i_ptm 0.87 rg 0.20
60 models [1] recycles 1 hard 0 soft 1 temp 0.37 loss 3.04 helix 1.61 pae 0.14 i_pae 0.13 con 1.37 i_con 2.03 plddt 0.92 ptm 0.91 i_ptm 0.88 rg 0.12
61 models [1] recycles 1 hard 0 soft 1 temp 0.32 loss 3.03 helix 1.57 pae 0.14 i_pae 0.13 con 1.37 i_con 2.00 plddt 0.92 ptm 0.91 i_ptm 0.87 rg 0.15
62 models [0] recycles 1 hard 0 soft 1 temp 0.28 loss 3.39 helix 1.43 pae 0.15 i_pae 0.15 con 1.46 i_con 2.20 plddt 0.90 ptm 0.90 i_ptm 0.85 rg 0.23
63 models [1] recycles 1 hard 0 soft 1 temp 0.24 loss 2.97 helix 1.51 pae 0.14 i_pae 0.13 con 1.36 i_con 1.95 plddt 0.92 ptm 0.91 i_ptm 0.87 rg 0.10
64 models [1] recycles 1 hard 0 soft 1 temp 0.20 loss 3.08 helix 1.58 pae 0.14 i_pae 0.13 con 1.34 i_con 2.10 plddt 0.92 ptm 0.91 i_ptm 0.87 rg 0.11
65 models [3] recycles 1 hard 0 soft 1 temp 0.17 loss 2.92 helix 1.59 pae 0.14 i_pae 0.13 con 1.36 i_con 1.90 plddt 0.93 ptm 0.91 i_ptm 0.89 rg 0.19
66 models [3] recycles 1 hard 0 soft 1 temp 0.14 loss 3.05 helix 1.57 pae 0.14 i_pae 0.13 con 1.38 i_con 2.00 plddt 0.92 ptm 0.91 i_ptm 0.87 rg 0.18
67 models [3] recycles 1 hard 0 soft 1 temp 0.11 loss 2.90 helix 1.61 pae 0.13 i_pae 0.13 con 1.35 i_con 1.90 plddt 0.93 ptm 0.92 i_ptm 0.89 rg 0.18
68 models [4] recycles 1 hard 0 soft 1 temp 0.09 loss 3.34 helix 1.56 pae 0.15 i_pae 0.14 con 1.49 i_con 2.18 plddt 0.91 ptm 0.91 i_ptm 0.87 rg 0.15
69 models [4] recycles 1 hard 0 soft 1 temp 0.07 loss 2.99 helix 1.61 pae 0.13 i_pae 0.13 con 1.37 i_con 2.00 plddt 0.93 ptm 0.91 i_ptm 0.89 rg 0.10
70 models [3] recycles 1 hard 0 soft 1 temp 0.05 loss 2.96 helix 1.55 pae 0.14 i_pae 0.13 con 1.37 i_con 1.92 plddt 0.93 ptm 0.91 i_ptm 0.88 rg 0.19
71 models [1] recycles 1 hard 0 soft 1 temp 0.04 loss 2.87 helix 1.61 pae 0.14 i_pae 0.12 con 1.34 i_con 1.91 plddt 0.92 ptm 0.92 i_ptm 0.88 rg 0.08
72 models [0] recycles 1 hard 0 soft 1 temp 0.02 loss 3.07 helix 1.51 pae 0.14 i_pae 0.14 con 1.41 i_con 1.97 plddt 0.91 ptm 0.91 i_ptm 0.86 rg 0.19
73 models [2] recycles 1 hard 0 soft 1 temp 0.02 loss 3.19 helix 1.48 pae 0.15 i_pae 0.14 con 1.47 i_con 2.02 plddt 0.92 ptm 0.91 i_ptm 0.87 rg 0.19
74 models [3] recycles 1 hard 0 soft 1 temp 0.01 loss 2.98 helix 1.57 pae 0.14 i_pae 0.13 con 1.35 i_con 1.96 plddt 0.92 ptm 0.91 i_ptm 0.88 rg 0.18
75 models [3] recycles 1 hard 0 soft 1 temp 0.01 loss 3.02 helix 1.50 pae 0.14 i_pae 0.12 con 1.39 i_con 1.95 plddt 0.93 ptm 0.92 i_ptm 0.89 rg 0.17
Softmax trajectory pLDDT good, continuing: 0.92
Stage 3: One-hot Optimisation
76 models [1] recycles 1 hard 1 soft 1 temp 0.01 loss 2.80 helix 1.62 pae 0.13 i_pae 0.12 con 1.29 i_con 1.87 plddt 0.92 ptm 0.92 i_ptm 0.89 rg 0.17
77 models [4] recycles 1 hard 1 soft 1 temp 0.01 loss 8.53 helix 1.38 pae 0.64 i_pae 0.66 con 3.81 i_con 4.15 plddt 0.32 ptm 0.77 i_ptm 0.24 rg 1.84
78 models [0] recycles 1 hard 1 soft 1 temp 0.01 loss 3.26 helix 1.49 pae 0.14 i_pae 0.14 con 1.37 i_con 2.18 plddt 0.90 ptm 0.91 i_ptm 0.86 rg 0.21
One-hot trajectory pLDDT good, continuing: 0.92
Stage 4: PSSM Semigreedy Optimisation
Running semigreedy optimization...
79 models [1] recycles 1 hard 1 soft 0 temp 1 loss 3.17 helix 1.50 pae 0.14 i_pae 0.13 con 1.53 i_con 1.96 plddt 0.90 ptm 0.91 i_ptm 0.88 rg 0.17
80 models [3] recycles 1 hard 1 soft 0 temp 1 loss 3.90 helix 1.15 pae 0.18 i_pae 0.17 con 2.11 i_con 1.94 plddt 0.81 ptm 0.91 i_ptm 0.84 rg 0.26
81 models [0] recycles 1 hard 1 soft 0 temp 1 loss 3.70 helix 1.21 pae 0.16 i_pae 0.15 con 1.87 i_con 2.00 plddt 0.85 ptm 0.91 i_ptm 0.85 rg 0.30
82 models [1] recycles 1 hard 1 soft 0 temp 1 loss 3.55 helix 1.29 pae 0.16 i_pae 0.14 con 1.76 i_con 1.97 plddt 0.87 ptm 0.91 i_ptm 0.86 rg 0.38
83 models [0] recycles 1 hard 1 soft 0 temp 1 loss 4.06 helix 1.15 pae 0.20 i_pae 0.19 con 2.19 i_con 2.00 plddt 0.79 ptm 0.90 i_ptm 0.83 rg 0.30
Trajectory successful, final pLDDT: 0.92
Starting trajectory took: 0 hours, 27 minutes, 25 seconds

Fixing interface residues: B1,B2,B3,B4,B7,B11,B15,B19,B20,B22,B23,B26,B27,B29,B30,B31,B33,B34,B37,B38,B40
Base AF2 filters not passed for EGFRd3_p2g1_l57_s169122_mpnn1, skipping interface scoring
Base AF2 filters not passed for EGFRd3_p2g1_l57_s169122_mpnn2, skipping interface scoring
Base AF2 filters not passed for EGFRd3_p2g1_l57_s169122_mpnn3, skipping interface scoring
Base AF2 filters not passed for EGFRd3_p2g1_l57_s169122_mpnn4, skipping interface scoring
Base AF2 filters not passed for EGFRd3_p2g1_l57_s169122_mpnn5, skipping interface scoring
Base AF2 filters not passed for EGFRd3_p2g1_l57_s169122_mpnn6, skipping interface scoring
Base AF2 filters not passed for EGFRd3_p2g1_l57_s169122_mpnn7, skipping interface scoring
Base AF2 filters not passed for EGFRd3_p2g1_l57_s169122_mpnn8, skipping interface scoring
No accepted MPNN designs found for this trajectory.

Design and validation of trajectory EGFRd3_p2g1_l57_s169122 took: 0 hours, 3 minutes, 31 seconds
Starting trajectory: EGFRd3_p2g1_l64_s967717
Stage 1: Test Logits
1 models [0] recycles 1 hard 0 soft 0.02 temp 1 loss 9.89 helix 1.93 pae 0.78 i_pae 0.78 con 4.62 i_con 4.25 plddt 0.27 ptm 0.74 i_ptm 0.15 rg 3.66
2 models [1] recycles 1 hard 0 soft 0.04 temp 1 loss 9.08 helix 1.65 pae 0.73 i_pae 0.72 con 4.54 i_con 4.24 plddt 0.29 ptm 0.75 i_ptm 0.19 rg 1.06
3 models [1] recycles 1 hard 0 soft 0.05 temp 1 loss 10.07 helix 2.10 pae 0.75 i_pae 0.73 con 4.71 i_con 4.02 plddt 0.30 ptm 0.75 i_ptm 0.19 rg 4.93
4 models [4] recycles 1 hard 0 soft 0.07 temp 1 loss 9.26 helix 1.59 pae 0.73 i_pae 0.70 con 4.53 i_con 3.96 plddt 0.28 ptm 0.75 i_ptm 0.21 rg 2.58
5 models [3] recycles 1 hard 0 soft 0.09 temp 1 loss 9.72 helix 1.43 pae 0.74 i_pae 0.73 con 4.43 i_con 4.03 plddt 0.31 ptm 0.74 i_ptm 0.18 rg 4.04
6 models [4] recycles 1 hard 0 soft 0.11 temp 1 loss 8.98 helix 0.80 pae 0.62 i_pae 0.64 con 4.21 i_con 3.73 plddt 0.43 ptm 0.76 i_ptm 0.26 rg 2.96
7 models [2] recycles 1 hard 0 soft 0.13 temp 1 loss 8.51 helix 0.80 pae 0.58 i_pae 0.58 con 3.97 i_con 3.58 plddt 0.47 ptm 0.77 i_ptm 0.31 rg 2.75
8 models [2] recycles 1 hard 0 soft 0.14 temp 1 loss 7.71 helix 0.68 pae 0.47 i_pae 0.46 con 3.69 i_con 2.82 plddt 0.56 ptm 0.81 i_ptm 0.51 rg 3.66
9 models [2] recycles 1 hard 0 soft 0.16 temp 1 loss 6.97 helix 0.73 pae 0.36 i_pae 0.34 con 3.40 i_con 2.30 plddt 0.66 ptm 0.85 i_ptm 0.70 rg 4.23
10 models [1] recycles 1 hard 0 soft 0.18 temp 1 loss 6.57 helix 0.82 pae 0.33 i_pae 0.30 con 3.14 i_con 2.09 plddt 0.70 ptm 0.87 i_ptm 0.74 rg 4.63
11 models [4] recycles 1 hard 0 soft 0.20 temp 1 loss 5.69 helix 0.62 pae 0.24 i_pae 0.22 con 2.43 i_con 1.99 plddt 0.81 ptm 0.89 i_ptm 0.81 rg 4.36
12 models [0] recycles 1 hard 0 soft 0.22 temp 1 loss 5.67 helix 0.59 pae 0.26 i_pae 0.24 con 2.48 i_con 1.97 plddt 0.77 ptm 0.88 i_ptm 0.76 rg 4.11
13 models [0] recycles 1 hard 0 soft 0.23 temp 1 loss 5.41 helix 0.60 pae 0.24 i_pae 0.21 con 2.24 i_con 1.86 plddt 0.81 ptm 0.89 i_ptm 0.79 rg 4.48
14 models [3] recycles 1 hard 0 soft 0.25 temp 1 loss 5.65 helix 0.62 pae 0.25 i_pae 0.22 con 2.44 i_con 1.94 plddt 0.80 ptm 0.89 i_ptm 0.79 rg 4.34
15 models [0] recycles 1 hard 0 soft 0.27 temp 1 loss 5.36 helix 0.61 pae 0.22 i_pae 0.20 con 2.20 i_con 1.87 plddt 0.82 ptm 0.90 i_ptm 0.82 rg 4.46
16 models [0] recycles 1 hard 0 soft 0.29 temp 1 loss 5.31 helix 0.75 pae 0.22 i_pae 0.20 con 2.26 i_con 1.81 plddt 0.82 ptm 0.90 i_ptm 0.83 rg 4.43
17 models [1] recycles 1 hard 0 soft 0.31 temp 1 loss 5.34 helix 0.73 pae 0.22 i_pae 0.19 con 2.24 i_con 1.88 plddt 0.82 ptm 0.90 i_ptm 0.83 rg 4.37
18 models [0] recycles 1 hard 0 soft 0.32 temp 1 loss 5.06 helix 0.68 pae 0.21 i_pae 0.19 con 2.04 i_con 1.80 plddt 0.84 ptm 0.90 i_ptm 0.84 rg 4.31
19 models [2] recycles 1 hard 0 soft 0.34 temp 1 loss 5.53 helix 0.74 pae 0.25 i_pae 0.23 con 2.37 i_con 1.89 plddt 0.80 ptm 0.89 i_ptm 0.84 rg 4.43
20 models [0] recycles 1 hard 0 soft 0.36 temp 1 loss 4.95 helix 0.72 pae 0.20 i_pae 0.18 con 2.07 i_con 1.69 plddt 0.85 ptm 0.91 i_ptm 0.84 rg 4.27
21 models [0] recycles 1 hard 0 soft 0.38 temp 1 loss 5.32 helix 0.74 pae 0.23 i_pae 0.20 con 2.41 i_con 1.71 plddt 0.80 ptm 0.90 i_ptm 0.81 rg 4.29
22 models [1] recycles 1 hard 0 soft 0.40 temp 1 loss 5.06 helix 0.71 pae 0.21 i_pae 0.18 con 2.08 i_con 1.77 plddt 0.85 ptm 0.90 i_ptm 0.84 rg 4.33
23 models [4] recycles 1 hard 0 soft 0.41 temp 1 loss 4.93 helix 0.65 pae 0.20 i_pae 0.18 con 2.00 i_con 1.68 plddt 0.86 ptm 0.91 i_ptm 0.84 rg 4.44
24 models [1] recycles 1 hard 0 soft 0.43 temp 1 loss 4.65 helix 0.71 pae 0.19 i_pae 0.16 con 1.84 i_con 1.61 plddt 0.87 ptm 0.91 i_ptm 0.87 rg 4.35
25 models [1] recycles 1 hard 0 soft 0.45 temp 1 loss 4.73 helix 0.71 pae 0.20 i_pae 0.17 con 1.89 i_con 1.64 plddt 0.86 ptm 0.91 i_ptm 0.86 rg 4.34
26 models [2] recycles 1 hard 0 soft 0.47 temp 1 loss 4.80 helix 0.70 pae 0.20 i_pae 0.17 con 1.90 i_con 1.65 plddt 0.87 ptm 0.91 i_ptm 0.86 rg 4.47
27 models [4] recycles 1 hard 0 soft 0.49 temp 1 loss 4.65 helix 0.70 pae 0.19 i_pae 0.17 con 1.79 i_con 1.63 plddt 0.87 ptm 0.91 i_ptm 0.87 rg 4.39
28 models [4] recycles 1 hard 0 soft 0.50 temp 1 loss 4.60 helix 0.68 pae 0.17 i_pae 0.15 con 1.78 i_con 1.67 plddt 0.90 ptm 0.91 i_ptm 0.86 rg 4.20
29 models [3] recycles 1 hard 0 soft 0.52 temp 1 loss 4.96 helix 0.68 pae 0.21 i_pae 0.18 con 1.98 i_con 1.73 plddt 0.86 ptm 0.91 i_ptm 0.84 rg 4.45
30 models [3] recycles 1 hard 0 soft 0.54 temp 1 loss 4.71 helix 0.71 pae 0.19 i_pae 0.16 con 1.95 i_con 1.57 plddt 0.87 ptm 0.91 i_ptm 0.85 rg 4.28
31 models [0] recycles 1 hard 0 soft 0.56 temp 1 loss 4.86 helix 0.62 pae 0.18 i_pae 0.16 con 1.89 i_con 1.73 plddt 0.87 ptm 0.91 i_ptm 0.84 rg 4.39
32 models [2] recycles 1 hard 0 soft 0.58 temp 1 loss 5.10 helix 0.77 pae 0.19 i_pae 0.17 con 2.00 i_con 1.95 plddt 0.88 ptm 0.90 i_ptm 0.84 rg 4.21
33 models [2] recycles 1 hard 0 soft 0.59 temp 1 loss 4.69 helix 0.76 pae 0.18 i_pae 0.15 con 1.84 i_con 1.67 plddt 0.89 ptm 0.91 i_ptm 0.86 rg 4.33
34 models [2] recycles 1 hard 0 soft 0.61 temp 1 loss 4.71 helix 0.72 pae 0.19 i_pae 0.17 con 1.88 i_con 1.69 plddt 0.88 ptm 0.91 i_ptm 0.86 rg 4.17
35 models [0] recycles 1 hard 0 soft 0.63 temp 1 loss 4.64 helix 0.76 pae 0.19 i_pae 0.17 con 1.91 i_con 1.54 plddt 0.87 ptm 0.91 i_ptm 0.86 rg 4.37
36 models [1] recycles 1 hard 0 soft 0.65 temp 1 loss 6.36 helix 0.80 pae 0.29 i_pae 0.26 con 2.82 i_con 2.30 plddt 0.72 ptm 0.88 i_ptm 0.73 rg 4.32
37 models [3] recycles 1 hard 0 soft 0.67 temp 1 loss 4.61 helix 0.80 pae 0.17 i_pae 0.15 con 1.90 i_con 1.55 plddt 0.89 ptm 0.92 i_ptm 0.87 rg 4.32
38 models [2] recycles 1 hard 0 soft 0.68 temp 1 loss 5.44 helix 0.66 pae 0.22 i_pae 0.19 con 2.18 i_con 2.05 plddt 0.84 ptm 0.90 i_ptm 0.81 rg 4.27
39 models [1] recycles 1 hard 0 soft 0.70 temp 1 loss 4.76 helix 0.67 pae 0.18 i_pae 0.15 con 1.92 i_con 1.65 plddt 0.88 ptm 0.92 i_ptm 0.86 rg 4.29
40 models [2] recycles 1 hard 0 soft 0.72 temp 1 loss 4.82 helix 0.71 pae 0.18 i_pae 0.16 con 1.93 i_con 1.72 plddt 0.88 ptm 0.91 i_ptm 0.86 rg 4.27
41 models [2] recycles 1 hard 0 soft 0.74 temp 1 loss 5.05 helix 0.72 pae 0.19 i_pae 0.17 con 2.01 i_con 1.93 plddt 0.87 ptm 0.90 i_ptm 0.85 rg 4.04
42 models [3] recycles 1 hard 0 soft 0.76 temp 1 loss 5.87 helix 0.66 pae 0.26 i_pae 0.23 con 2.56 i_con 2.08 plddt 0.77 ptm 0.89 i_ptm 0.75 rg 4.22
43 models [2] recycles 1 hard 0 soft 0.77 temp 1 loss 4.78 helix 0.69 pae 0.18 i_pae 0.16 con 1.85 i_con 1.74 plddt 0.89 ptm 0.91 i_ptm 0.86 rg 4.32
44 models [4] recycles 1 hard 0 soft 0.79 temp 1 loss 4.60 helix 0.72 pae 0.16 i_pae 0.14 con 1.80 i_con 1.61 plddt 0.90 ptm 0.91 i_ptm 0.87 rg 4.35
45 models [4] recycles 1 hard 0 soft 0.81 temp 1 loss 4.76 helix 0.75 pae 0.18 i_pae 0.16 con 1.87 i_con 1.72 plddt 0.89 ptm 0.91 i_ptm 0.85 rg 4.31
46 models [0] recycles 1 hard 0 soft 0.83 temp 1 loss 6.54 helix 0.77 pae 0.33 i_pae 0.31 con 3.09 i_con 2.25 plddt 0.67 ptm 0.85 i_ptm 0.66 rg 4.07
47 models [4] recycles 1 hard 0 soft 0.85 temp 1 loss 4.71 helix 0.78 pae 0.15 i_pae 0.14 con 1.85 i_con 1.67 plddt 0.91 ptm 0.92 i_ptm 0.87 rg 4.42
48 models [1] recycles 1 hard 0 soft 0.86 temp 1 loss 5.58 helix 0.57 pae 0.22 i_pae 0.20 con 2.37 i_con 2.06 plddt 0.80 ptm 0.89 i_ptm 0.80 rg 3.96
49 models [1] recycles 1 hard 0 soft 0.88 temp 1 loss 4.62 helix 0.69 pae 0.16 i_pae 0.15 con 1.82 i_con 1.71 plddt 0.89 ptm 0.91 i_ptm 0.87 rg 3.99
50 models [4] recycles 1 hard 0 soft 0.90 temp 1 loss 4.60 helix 0.62 pae 0.16 i_pae 0.15 con 1.77 i_con 1.72 plddt 0.90 ptm 0.91 i_ptm 0.86 rg 3.98
Initial trajectory pLDDT good, continuing: 0.9
Stage 2: Softmax Optimisation
51 models [3] recycles 1 hard 0 soft 1 temp 0.92 loss 4.56 helix 0.67 pae 0.17 i_pae 0.15 con 1.80 i_con 1.64 plddt 0.89 ptm 0.92 i_ptm 0.87 rg 4.08
52 models [2] recycles 1 hard 0 soft 1 temp 0.85 loss 5.32 helix 0.54 pae 0.22 i_pae 0.20 con 2.20 i_con 1.94 plddt 0.83 ptm 0.90 i_ptm 0.81 rg 4.02
53 models [2] recycles 1 hard 0 soft 1 temp 0.78 loss 4.99 helix 0.55 pae 0.19 i_pae 0.17 con 1.89 i_con 1.91 plddt 0.87 ptm 0.90 i_ptm 0.84 rg 4.14
54 models [4] recycles 1 hard 0 soft 1 temp 0.71 loss 4.64 helix 0.43 pae 0.16 i_pae 0.14 con 1.72 i_con 1.76 plddt 0.91 ptm 0.91 i_ptm 0.87 rg 3.96
55 models [2] recycles 1 hard 0 soft 1 temp 0.64 loss 4.69 helix 0.48 pae 0.16 i_pae 0.15 con 1.71 i_con 1.82 plddt 0.91 ptm 0.91 i_ptm 0.87 rg 4.03
56 models [3] recycles 1 hard 0 soft 1 temp 0.58 loss 8.21 helix 0.53 pae 0.60 i_pae 0.68 con 2.87 i_con 4.25 plddt 0.57 ptm 0.75 i_ptm 0.23 rg 2.86
57 models [1] recycles 1 hard 0 soft 1 temp 0.52 loss 5.61 helix 0.50 pae 0.21 i_pae 0.19 con 2.50 i_con 1.95 plddt 0.81 ptm 0.90 i_ptm 0.82 rg 3.91
58 models [3] recycles 1 hard 0 soft 1 temp 0.47 loss 4.49 helix 0.42 pae 0.16 i_pae 0.14 con 1.69 i_con 1.66 plddt 0.90 ptm 0.91 i_ptm 0.87 rg 3.91
59 models [4] recycles 1 hard 0 soft 1 temp 0.42 loss 4.66 helix 0.41 pae 0.15 i_pae 0.15 con 1.63 i_con 1.89 plddt 0.91 ptm 0.90 i_ptm 0.86 rg 3.91
60 models [4] recycles 1 hard 0 soft 1 temp 0.37 loss 8.02 helix 0.55 pae 0.59 i_pae 0.64 con 3.10 i_con 3.89 plddt 0.55 ptm 0.75 i_ptm 0.24 rg 2.71
61 models [1] recycles 1 hard 0 soft 1 temp 0.32 loss 4.51 helix 0.40 pae 0.15 i_pae 0.14 con 1.69 i_con 1.68 plddt 0.91 ptm 0.91 i_ptm 0.88 rg 3.91
62 models [2] recycles 1 hard 0 soft 1 temp 0.28 loss 4.59 helix 0.43 pae 0.16 i_pae 0.15 con 1.68 i_con 1.76 plddt 0.90 ptm 0.91 i_ptm 0.87 rg 3.94
63 models [0] recycles 1 hard 0 soft 1 temp 0.24 loss 4.43 helix 0.39 pae 0.15 i_pae 0.13 con 1.66 i_con 1.64 plddt 0.91 ptm 0.91 i_ptm 0.87 rg 3.88
64 models [1] recycles 1 hard 0 soft 1 temp 0.20 loss 5.34 helix 0.39 pae 0.18 i_pae 0.16 con 2.23 i_con 1.95 plddt 0.85 ptm 0.91 i_ptm 0.85 rg 3.92
65 models [2] recycles 1 hard 0 soft 1 temp 0.17 loss 8.79 helix 0.51 pae 0.61 i_pae 0.66 con 3.63 i_con 4.12 plddt 0.50 ptm 0.75 i_ptm 0.24 rg 2.65
66 models [2] recycles 1 hard 0 soft 1 temp 0.14 loss 7.17 helix 0.41 pae 0.49 i_pae 0.56 con 2.18 i_con 3.79 plddt 0.73 ptm 0.77 i_ptm 0.31 rg 3.38
67 models [3] recycles 1 hard 0 soft 1 temp 0.11 loss 4.68 helix 0.38 pae 0.16 i_pae 0.14 con 1.70 i_con 1.85 plddt 0.90 ptm 0.91 i_ptm 0.86 rg 3.84
68 models [0] recycles 1 hard 0 soft 1 temp 0.09 loss 4.45 helix 0.39 pae 0.15 i_pae 0.13 con 1.61 i_con 1.70 plddt 0.91 ptm 0.91 i_ptm 0.88 rg 3.91
69 models [4] recycles 1 hard 0 soft 1 temp 0.07 loss 4.61 helix 0.38 pae 0.16 i_pae 0.14 con 1.74 i_con 1.74 plddt 0.91 ptm 0.91 i_ptm 0.87 rg 3.86
70 models [1] recycles 1 hard 0 soft 1 temp 0.05 loss 7.29 helix 0.42 pae 0.44 i_pae 0.50 con 2.45 i_con 3.60 plddt 0.69 ptm 0.79 i_ptm 0.39 rg 3.60
71 models [2] recycles 1 hard 0 soft 1 temp 0.04 loss 5.78 helix 0.37 pae 0.25 i_pae 0.25 con 1.98 i_con 2.62 plddt 0.84 ptm 0.86 i_ptm 0.69 rg 3.80
72 models [0] recycles 1 hard 0 soft 1 temp 0.02 loss 4.57 helix 0.38 pae 0.15 i_pae 0.14 con 1.68 i_con 1.77 plddt 0.91 ptm 0.91 i_ptm 0.87 rg 3.80
73 models [4] recycles 1 hard 0 soft 1 temp 0.02 loss 8.45 helix 0.46 pae 0.56 i_pae 0.62 con 3.32 i_con 3.99 plddt 0.55 ptm 0.76 i_ptm 0.26 rg 3.06
74 models [1] recycles 1 hard 0 soft 1 temp 0.01 loss 7.25 helix 0.41 pae 0.40 i_pae 0.45 con 2.50 i_con 3.50 plddt 0.70 ptm 0.80 i_ptm 0.44 rg 3.70
75 models [2] recycles 1 hard 0 soft 1 temp 0.01 loss 4.80 helix 0.36 pae 0.16 i_pae 0.15 con 1.73 i_con 1.94 plddt 0.90 ptm 0.91 i_ptm 0.87 rg 3.79
Softmax trajectory pLDDT good, continuing: 0.91
Stage 3: One-hot Optimisation
76 models [4] recycles 1 hard 1 soft 1 temp 0.01 loss 4.44 helix 0.37 pae 0.14 i_pae 0.13 con 1.60 i_con 1.70 plddt 0.91 ptm 0.92 i_ptm 0.89 rg 3.92
77 models [2] recycles 1 hard 1 soft 1 temp 0.01 loss 8.52 helix 0.44 pae 0.58 i_pae 0.65 con 3.19 i_con 4.16 plddt 0.52 ptm 0.75 i_ptm 0.24 rg 3.08
78 models [1] recycles 1 hard 1 soft 1 temp 0.01 loss 7.46 helix 0.39 pae 0.39 i_pae 0.45 con 2.63 i_con 3.53 plddt 0.64 ptm 0.81 i_ptm 0.45 rg 3.84
One-hot trajectory pLDDT good, continuing: 0.91
Stage 4: PSSM Semigreedy Optimisation
Running semigreedy optimization...
79 models [3] recycles 1 hard 1 soft 0 temp 1 loss 4.49 helix 0.44 pae 0.15 i_pae 0.14 con 1.69 i_con 1.65 plddt 0.90 ptm 0.91 i_ptm 0.88 rg 4.00
80 models [3] recycles 1 hard 1 soft 0 temp 1 loss 4.53 helix 0.45 pae 0.16 i_pae 0.14 con 1.71 i_con 1.66 plddt 0.89 ptm 0.91 i_ptm 0.88 rg 4.02
81 models [4] recycles 1 hard 1 soft 0 temp 1 loss 8.92 helix 0.44 pae 0.60 i_pae 0.68 con 3.55 i_con 4.16 plddt 0.48 ptm 0.75 i_ptm 0.22 rg 3.16
82 models [1] recycles 1 hard 1 soft 0 temp 1 loss 8.87 helix 0.46 pae 0.54 i_pae 0.58 con 3.78 i_con 3.87 plddt 0.49 ptm 0.77 i_ptm 0.33 rg 3.32
83 models [0] recycles 1 hard 1 soft 0 temp 1 loss 9.43 helix 0.47 pae 0.64 i_pae 0.71 con 3.82 i_con 4.43 plddt 0.44 ptm 0.74 i_ptm 0.20 rg 2.98
Trajectory successful, final pLDDT: 0.91
Starting trajectory took: 0 hours, 27 minutes, 48 seconds

Fixing interface residues: B5,B6,B9,B12,B13,B16,B19,B20,B23,B24,B26,B27,B29,B34,B35,B38,B41,B42,B45,B46,B48,B49,B50,B52,B53,B55,B56,B59,B60,B63
Base AF2 filters not passed for EGFRd3_p2g1_l64_s967717_mpnn1, skipping interface scoring
Base AF2 filters not passed for EGFRd3_p2g1_l64_s967717_mpnn2, skipping interface scoring
Base AF2 filters not passed for EGFRd3_p2g1_l64_s967717_mpnn3, skipping interface scoring
Base AF2 filters not passed for EGFRd3_p2g1_l64_s967717_mpnn4, skipping interface scoring
Base AF2 filters not passed for EGFRd3_p2g1_l64_s967717_mpnn5, skipping interface scoring
Base AF2 filters not passed for EGFRd3_p2g1_l64_s967717_mpnn6, skipping interface scoring
Base AF2 filters not passed for EGFRd3_p2g1_l64_s967717_mpnn7, skipping interface scoring
Base AF2 filters not passed for EGFRd3_p2g1_l64_s967717_mpnn8, skipping interface scoring
No accepted MPNN designs found for this trajectory.

Design and validation of trajectory EGFRd3_p2g1_l64_s967717 took: 0 hours, 3 minutes, 35 seconds
Starting trajectory: EGFRd3_p2g1_l68_s159176
Stage 1: Test Logits
1 models [1] recycles 1 hard 0 soft 0.02 temp 1 loss 9.51 helix 1.22 pae 0.77 i_pae 0.76 con 4.60 i_con 4.21 plddt 0.32 ptm 0.73 i_ptm 0.15 rg 1.87
2 models [3] recycles 1 hard 0 soft 0.04 temp 1 loss 8.95 helix 1.23 pae 0.72 i_pae 0.70 con 4.26 i_con 4.08 plddt 0.29 ptm 0.74 i_ptm 0.21 rg 1.73
3 models [1] recycles 1 hard 0 soft 0.05 temp 1 loss 9.28 helix 0.92 pae 0.67 i_pae 0.69 con 4.21 i_con 4.08 plddt 0.39 ptm 0.74 i_ptm 0.22 rg 2.74
4 models [0] recycles 1 hard 0 soft 0.07 temp 1 loss 9.20 helix 1.19 pae 0.69 i_pae 0.70 con 4.45 i_con 3.84 plddt 0.37 ptm 0.75 i_ptm 0.22 rg 2.71
5 models [0] recycles 1 hard 0 soft 0.09 temp 1 loss 8.97 helix 1.37 pae 0.68 i_pae 0.68 con 4.41 i_con 3.67 plddt 0.37 ptm 0.75 i_ptm 0.26 rg 2.89
6 models [4] recycles 1 hard 0 soft 0.11 temp 1 loss 8.16 helix 0.76 pae 0.64 i_pae 0.66 con 4.00 i_con 3.75 plddt 0.40 ptm 0.75 i_ptm 0.24 rg 0.74
7 models [2] recycles 1 hard 0 soft 0.13 temp 1 loss 7.86 helix 0.84 pae 0.60 i_pae 0.60 con 4.02 i_con 3.46 plddt 0.43 ptm 0.76 i_ptm 0.31 rg 0.78
8 models [0] recycles 1 hard 0 soft 0.14 temp 1 loss 7.39 helix 0.89 pae 0.56 i_pae 0.56 con 4.06 i_con 3.02 plddt 0.48 ptm 0.78 i_ptm 0.48 rg 0.74
9 models [2] recycles 1 hard 0 soft 0.16 temp 1 loss 7.83 helix 0.95 pae 0.61 i_pae 0.61 con 4.03 i_con 3.59 plddt 0.43 ptm 0.75 i_ptm 0.29 rg 0.36
10 models [0] recycles 1 hard 0 soft 0.18 temp 1 loss 6.20 helix 0.84 pae 0.44 i_pae 0.43 con 3.65 i_con 2.35 plddt 0.57 ptm 0.81 i_ptm 0.66 rg 0.58
11 models [2] recycles 1 hard 0 soft 0.20 temp 1 loss 5.82 helix 0.91 pae 0.40 i_pae 0.38 con 3.47 i_con 2.12 plddt 0.61 ptm 0.83 i_ptm 0.76 rg 0.86
12 models [0] recycles 1 hard 0 soft 0.22 temp 1 loss 5.35 helix 0.85 pae 0.35 i_pae 0.36 con 3.02 i_con 2.26 plddt 0.65 ptm 0.83 i_ptm 0.71 rg 0.36
13 models [2] recycles 1 hard 0 soft 0.23 temp 1 loss 4.86 helix 1.01 pae 0.29 i_pae 0.28 con 2.83 i_con 2.00 plddt 0.73 ptm 0.85 i_ptm 0.76 rg 0.52
14 models [0] recycles 1 hard 0 soft 0.25 temp 1 loss 5.36 helix 0.76 pae 0.32 i_pae 0.31 con 3.28 i_con 1.91 plddt 0.65 ptm 0.84 i_ptm 0.77 rg 0.60
15 models [4] recycles 1 hard 0 soft 0.27 temp 1 loss 4.74 helix 1.06 pae 0.23 i_pae 0.23 con 2.46 i_con 2.29 plddt 0.79 ptm 0.88 i_ptm 0.75 rg 0.56
16 models [4] recycles 1 hard 0 soft 0.29 temp 1 loss 3.74 helix 1.14 pae 0.18 i_pae 0.16 con 2.09 i_con 1.71 plddt 0.86 ptm 0.90 i_ptm 0.85 rg 0.59
17 models [1] recycles 1 hard 0 soft 0.31 temp 1 loss 4.20 helix 1.07 pae 0.22 i_pae 0.21 con 2.41 i_con 1.80 plddt 0.79 ptm 0.89 i_ptm 0.81 rg 0.57
18 models [4] recycles 1 hard 0 soft 0.32 temp 1 loss 3.92 helix 1.20 pae 0.18 i_pae 0.18 con 1.83 i_con 2.16 plddt 0.87 ptm 0.89 i_ptm 0.79 rg 0.61
19 models [0] recycles 1 hard 0 soft 0.34 temp 1 loss 3.50 helix 1.23 pae 0.17 i_pae 0.15 con 1.87 i_con 1.69 plddt 0.87 ptm 0.90 i_ptm 0.84 rg 0.67
20 models [4] recycles 1 hard 0 soft 0.36 temp 1 loss 3.39 helix 1.22 pae 0.15 i_pae 0.14 con 1.83 i_con 1.63 plddt 0.89 ptm 0.92 i_ptm 0.87 rg 0.66
21 models [0] recycles 1 hard 0 soft 0.38 temp 1 loss 3.51 helix 1.14 pae 0.17 i_pae 0.15 con 1.82 i_con 1.71 plddt 0.88 ptm 0.91 i_ptm 0.85 rg 0.71
22 models [3] recycles 1 hard 0 soft 0.40 temp 1 loss 2.89 helix 1.39 pae 0.13 i_pae 0.11 con 1.60 i_con 1.46 plddt 0.93 ptm 0.92 i_ptm 0.90 rg 0.60
23 models [3] recycles 1 hard 0 soft 0.41 temp 1 loss 3.27 helix 1.16 pae 0.16 i_pae 0.14 con 1.78 i_con 1.52 plddt 0.89 ptm 0.92 i_ptm 0.87 rg 0.72
24 models [0] recycles 1 hard 0 soft 0.43 temp 1 loss 3.34 helix 1.13 pae 0.17 i_pae 0.15 con 1.68 i_con 1.68 plddt 0.89 ptm 0.91 i_ptm 0.85 rg 0.71
25 models [1] recycles 1 hard 0 soft 0.45 temp 1 loss 3.26 helix 1.16 pae 0.16 i_pae 0.14 con 1.68 i_con 1.63 plddt 0.89 ptm 0.92 i_ptm 0.87 rg 0.66
26 models [2] recycles 1 hard 0 soft 0.47 temp 1 loss 3.21 helix 1.12 pae 0.16 i_pae 0.14 con 1.64 i_con 1.60 plddt 0.90 ptm 0.91 i_ptm 0.87 rg 0.71
27 models [1] recycles 1 hard 0 soft 0.49 temp 1 loss 3.14 helix 1.22 pae 0.15 i_pae 0.13 con 1.62 i_con 1.57 plddt 0.90 ptm 0.92 i_ptm 0.89 rg 0.78
28 models [0] recycles 1 hard 0 soft 0.50 temp 1 loss 3.08 helix 1.23 pae 0.14 i_pae 0.13 con 1.60 i_con 1.54 plddt 0.91 ptm 0.92 i_ptm 0.88 rg 0.74
29 models [4] recycles 1 hard 0 soft 0.52 temp 1 loss 3.13 helix 1.22 pae 0.14 i_pae 0.13 con 1.63 i_con 1.58 plddt 0.91 ptm 0.92 i_ptm 0.88 rg 0.65
30 models [3] recycles 1 hard 0 soft 0.54 temp 1 loss 3.12 helix 1.21 pae 0.14 i_pae 0.12 con 1.68 i_con 1.51 plddt 0.91 ptm 0.92 i_ptm 0.89 rg 0.72
31 models [0] recycles 1 hard 0 soft 0.56 temp 1 loss 3.00 helix 1.31 pae 0.14 i_pae 0.13 con 1.62 i_con 1.48 plddt 0.91 ptm 0.92 i_ptm 0.88 rg 0.70
32 models [2] recycles 1 hard 0 soft 0.58 temp 1 loss 3.16 helix 1.22 pae 0.15 i_pae 0.13 con 1.65 i_con 1.58 plddt 0.90 ptm 0.91 i_ptm 0.88 rg 0.69
33 models [4] recycles 1 hard 0 soft 0.59 temp 1 loss 3.05 helix 1.22 pae 0.14 i_pae 0.12 con 1.55 i_con 1.57 plddt 0.92 ptm 0.92 i_ptm 0.89 rg 0.74
34 models [2] recycles 1 hard 0 soft 0.61 temp 1 loss 3.08 helix 1.20 pae 0.15 i_pae 0.13 con 1.62 i_con 1.52 plddt 0.90 ptm 0.92 i_ptm 0.88 rg 0.73
35 models [2] recycles 1 hard 0 soft 0.63 temp 1 loss 3.04 helix 1.27 pae 0.15 i_pae 0.13 con 1.55 i_con 1.57 plddt 0.92 ptm 0.91 i_ptm 0.89 rg 0.71
36 models [4] recycles 1 hard 0 soft 0.65 temp 1 loss 2.89 helix 1.34 pae 0.14 i_pae 0.12 con 1.54 i_con 1.48 plddt 0.91 ptm 0.92 i_ptm 0.89 rg 0.65
37 models [2] recycles 1 hard 0 soft 0.67 temp 1 loss 2.99 helix 1.27 pae 0.15 i_pae 0.13 con 1.58 i_con 1.50 plddt 0.91 ptm 0.92 i_ptm 0.89 rg 0.67
38 models [0] recycles 1 hard 0 soft 0.68 temp 1 loss 2.97 helix 1.29 pae 0.15 i_pae 0.13 con 1.56 i_con 1.50 plddt 0.90 ptm 0.91 i_ptm 0.88 rg 0.70
39 models [4] recycles 1 hard 0 soft 0.70 temp 1 loss 3.08 helix 1.19 pae 0.14 i_pae 0.13 con 1.54 i_con 1.60 plddt 0.92 ptm 0.92 i_ptm 0.89 rg 0.72
40 models [0] recycles 1 hard 0 soft 0.72 temp 1 loss 2.99 helix 1.27 pae 0.15 i_pae 0.13 con 1.59 i_con 1.49 plddt 0.90 ptm 0.91 i_ptm 0.88 rg 0.68
41 models [4] recycles 1 hard 0 soft 0.74 temp 1 loss 3.06 helix 1.32 pae 0.14 i_pae 0.13 con 1.52 i_con 1.67 plddt 0.92 ptm 0.92 i_ptm 0.89 rg 0.63
42 models [0] recycles 1 hard 0 soft 0.76 temp 1 loss 7.26 helix 1.16 pae 0.58 i_pae 0.63 con 2.96 i_con 4.11 plddt 0.54 ptm 0.74 i_ptm 0.25 rg 0.48
43 models [1] recycles 1 hard 0 soft 0.77 temp 1 loss 7.27 helix 1.04 pae 0.57 i_pae 0.62 con 3.13 i_con 3.99 plddt 0.55 ptm 0.75 i_ptm 0.28 rg 0.32
44 models [3] recycles 1 hard 0 soft 0.79 temp 1 loss 6.17 helix 1.08 pae 0.42 i_pae 0.42 con 2.67 i_con 3.35 plddt 0.66 ptm 0.80 i_ptm 0.46 rg 0.69
45 models [2] recycles 1 hard 0 soft 0.81 temp 1 loss 6.88 helix 1.02 pae 0.51 i_pae 0.54 con 2.95 i_con 3.72 plddt 0.60 ptm 0.77 i_ptm 0.34 rg 0.63
46 models [0] recycles 1 hard 0 soft 0.83 temp 1 loss 6.60 helix 1.06 pae 0.47 i_pae 0.49 con 2.86 i_con 3.56 plddt 0.61 ptm 0.78 i_ptm 0.37 rg 0.64
47 models [3] recycles 1 hard 0 soft 0.85 temp 1 loss 6.43 helix 1.07 pae 0.45 i_pae 0.48 con 2.75 i_con 3.50 plddt 0.64 ptm 0.79 i_ptm 0.42 rg 0.67
48 models [1] recycles 1 hard 0 soft 0.86 temp 1 loss 6.32 helix 1.01 pae 0.43 i_pae 0.48 con 2.65 i_con 3.53 plddt 0.68 ptm 0.79 i_ptm 0.42 rg 0.53
49 models [2] recycles 1 hard 0 soft 0.88 temp 1 loss 6.82 helix 1.02 pae 0.53 i_pae 0.56 con 2.91 i_con 3.81 plddt 0.60 ptm 0.76 i_ptm 0.30 rg 0.20
50 models [4] recycles 1 hard 0 soft 0.90 temp 1 loss 5.96 helix 1.03 pae 0.42 i_pae 0.44 con 2.45 i_con 3.38 plddt 0.69 ptm 0.79 i_ptm 0.41 rg 0.56
Initial trajectory pLDDT good, continuing: 0.91
Stage 2: Softmax Optimisation
51 models [3] recycles 1 hard 0 soft 1 temp 0.92 loss 6.86 helix 0.92 pae 0.55 i_pae 0.56 con 3.57 i_con 3.22 plddt 0.50 ptm 0.77 i_ptm 0.40 rg -0.02
52 models [4] recycles 1 hard 0 soft 1 temp 0.85 loss 7.29 helix 1.07 pae 0.61 i_pae 0.64 con 3.15 i_con 3.95 plddt 0.48 ptm 0.74 i_ptm 0.24 rg 0.39
53 models [4] recycles 1 hard 0 soft 1 temp 0.78 loss 6.40 helix 1.03 pae 0.49 i_pae 0.53 con 2.58 i_con 3.69 plddt 0.63 ptm 0.76 i_ptm 0.33 rg 0.40
54 models [0] recycles 1 hard 0 soft 1 temp 0.71 loss 5.59 helix 1.13 pae 0.35 i_pae 0.39 con 2.15 i_con 3.33 plddt 0.75 ptm 0.81 i_ptm 0.49 rg 0.72
55 models [3] recycles 1 hard 0 soft 1 temp 0.64 loss 5.63 helix 1.13 pae 0.38 i_pae 0.41 con 2.21 i_con 3.28 plddt 0.75 ptm 0.80 i_ptm 0.47 rg 0.79
56 models [4] recycles 1 hard 0 soft 1 temp 0.58 loss 3.40 helix 1.25 pae 0.18 i_pae 0.16 con 1.80 i_con 1.66 plddt 0.87 ptm 0.91 i_ptm 0.84 rg 0.72
57 models [0] recycles 1 hard 0 soft 1 temp 0.52 loss 5.15 helix 1.16 pae 0.27 i_pae 0.27 con 2.16 i_con 2.87 plddt 0.79 ptm 0.85 i_ptm 0.64 rg 0.98
58 models [3] recycles 1 hard 0 soft 1 temp 0.47 loss 4.27 helix 1.26 pae 0.22 i_pae 0.20 con 1.87 i_con 2.35 plddt 0.85 ptm 0.87 i_ptm 0.73 rg 0.95
59 models [0] recycles 1 hard 0 soft 1 temp 0.42 loss 4.42 helix 1.26 pae 0.20 i_pae 0.18 con 1.99 i_con 2.40 plddt 0.84 ptm 0.88 i_ptm 0.77 rg 0.94
60 models [3] recycles 1 hard 0 soft 1 temp 0.37 loss 3.82 helix 1.61 pae 0.16 i_pae 0.14 con 1.75 i_con 2.13 plddt 0.89 ptm 0.90 i_ptm 0.83 rg 1.08
61 models [2] recycles 1 hard 0 soft 1 temp 0.32 loss 4.96 helix 1.21 pae 0.28 i_pae 0.28 con 2.13 i_con 2.74 plddt 0.81 ptm 0.85 i_ptm 0.65 rg 0.91
62 models [3] recycles 1 hard 0 soft 1 temp 0.28 loss 4.15 helix 1.34 pae 0.21 i_pae 0.19 con 1.77 i_con 2.34 plddt 0.87 ptm 0.88 i_ptm 0.74 rg 1.05
63 models [2] recycles 1 hard 0 soft 1 temp 0.24 loss 4.02 helix 1.43 pae 0.21 i_pae 0.19 con 1.74 i_con 2.28 plddt 0.87 ptm 0.88 i_ptm 0.76 rg 0.99
64 models [0] recycles 1 hard 0 soft 1 temp 0.20 loss 3.87 helix 1.52 pae 0.17 i_pae 0.16 con 1.70 i_con 2.22 plddt 0.88 ptm 0.89 i_ptm 0.80 rg 0.99
65 models [2] recycles 1 hard 0 soft 1 temp 0.17 loss 4.40 helix 1.45 pae 0.21 i_pae 0.20 con 1.84 i_con 2.54 plddt 0.87 ptm 0.88 i_ptm 0.74 rg 1.07
66 models [2] recycles 1 hard 0 soft 1 temp 0.14 loss 4.29 helix 1.40 pae 0.21 i_pae 0.20 con 1.79 i_con 2.48 plddt 0.87 ptm 0.88 i_ptm 0.76 rg 1.04
67 models [1] recycles 1 hard 0 soft 1 temp 0.11 loss 4.48 helix 1.22 pae 0.22 i_pae 0.21 con 1.90 i_con 2.53 plddt 0.84 ptm 0.88 i_ptm 0.74 rg 0.95
68 models [2] recycles 1 hard 0 soft 1 temp 0.09 loss 4.04 helix 1.54 pae 0.18 i_pae 0.17 con 1.74 i_con 2.33 plddt 0.89 ptm 0.89 i_ptm 0.79 rg 1.05
69 models [3] recycles 1 hard 0 soft 1 temp 0.07 loss 4.80 helix 1.13 pae 0.28 i_pae 0.28 con 2.00 i_con 2.71 plddt 0.81 ptm 0.85 i_ptm 0.63 rg 0.82
70 models [1] recycles 1 hard 0 soft 1 temp 0.05 loss 4.52 helix 1.18 pae 0.23 i_pae 0.22 con 1.92 i_con 2.54 plddt 0.83 ptm 0.87 i_ptm 0.71 rg 0.90
71 models [2] recycles 1 hard 0 soft 1 temp 0.04 loss 5.44 helix 1.06 pae 0.36 i_pae 0.38 con 2.17 i_con 3.10 plddt 0.76 ptm 0.81 i_ptm 0.50 rg 0.85
72 models [0] recycles 1 hard 0 soft 1 temp 0.02 loss 3.83 helix 1.46 pae 0.17 i_pae 0.15 con 1.73 i_con 2.15 plddt 0.88 ptm 0.89 i_ptm 0.81 rg 0.98
73 models [0] recycles 1 hard 0 soft 1 temp 0.02 loss 4.81 helix 1.35 pae 0.25 i_pae 0.26 con 2.00 i_con 2.75 plddt 0.81 ptm 0.86 i_ptm 0.68 rg 0.99
74 models [1] recycles 1 hard 0 soft 1 temp 0.01 loss 4.41 helix 1.23 pae 0.22 i_pae 0.21 con 1.89 i_con 2.45 plddt 0.85 ptm 0.88 i_ptm 0.74 rg 1.02
75 models [4] recycles 1 hard 0 soft 1 temp 0.01 loss 6.44 helix 1.11 pae 0.50 i_pae 0.58 con 2.23 i_con 4.02 plddt 0.70 ptm 0.75 i_ptm 0.27 rg 0.66
Softmax trajectory pLDDT good, continuing: 0.87
Stage 3: One-hot Optimisation
76 models [1] recycles 1 hard 1 soft 1 temp 0.01 loss 3.97 helix 1.44 pae 0.18 i_pae 0.16 con 1.71 i_con 2.27 plddt 0.86 ptm 0.89 i_ptm 0.80 rg 1.05
77 models [4] recycles 1 hard 1 soft 1 temp 0.01 loss 5.55 helix 1.17 pae 0.29 i_pae 0.29 con 2.43 i_con 3.03 plddt 0.71 ptm 0.85 i_ptm 0.61 rg 0.81
78 models [0] recycles 1 hard 1 soft 1 temp 0.01 loss 3.78 helix 1.53 pae 0.16 i_pae 0.15 con 1.70 i_con 2.13 plddt 0.87 ptm 0.90 i_ptm 0.83 rg 1.03
One-hot trajectory pLDDT good, continuing: 0.87
Stage 4: PSSM Semigreedy Optimisation
Running semigreedy optimization...
79 models [2] recycles 1 hard 1 soft 0 temp 1 loss 4.44 helix 1.26 pae 0.23 i_pae 0.22 con 1.91 i_con 2.44 plddt 0.83 ptm 0.87 i_ptm 0.72 rg 1.07
80 models [2] recycles 1 hard 1 soft 0 temp 1 loss 5.72 helix 1.08 pae 0.38 i_pae 0.41 con 2.31 i_con 3.23 plddt 0.71 ptm 0.80 i_ptm 0.47 rg 0.84
81 models [2] recycles 1 hard 1 soft 0 temp 1 loss 4.44 helix 1.26 pae 0.23 i_pae 0.22 con 1.91 i_con 2.44 plddt 0.83 ptm 0.87 i_ptm 0.72 rg 1.07
82 models [3] recycles 1 hard 1 soft 0 temp 1 loss 4.26 helix 1.31 pae 0.21 i_pae 0.20 con 1.80 i_con 2.40 plddt 0.84 ptm 0.88 i_ptm 0.73 rg 1.07
83 models [0] recycles 1 hard 1 soft 0 temp 1 loss 3.88 helix 1.44 pae 0.17 i_pae 0.16 con 1.73 i_con 2.18 plddt 0.86 ptm 0.90 i_ptm 0.81 rg 0.98
Trajectory successful, final pLDDT: 0.87
Starting trajectory took: 0 hours, 28 minutes, 16 seconds

Fixing interface residues: B28,B29,B32,B33,B35,B36,B39,B40,B42,B43,B44,B45,B46,B47,B50,B54,B57,B58,B61,B65,B68
Unmet filter conditions for EGFRd3_p2g1_l68_s159176_mpnn1
Unmet filter conditions for EGFRd3_p2g1_l68_s159176_mpnn2
